Date,Value Date,Instrument No.,Particulars,Debit,Credit,Balance
08 Feb 2025,08 Feb 2025,028127,Mobile App MARYAM BEGUM,7352.21,13328.56,445007.04
31 Jan 2025,31 Jan 2025,,INET Inter Bank Fund Transfer Charges,2133.09,317.33,59397.0
17 Dec 2024,17 Dec 2024,796186,Raast IBFT to OMAR ZAMAN,16132.56,23284.05,282690.67
14 Jan 2025,14 Jan 2025,710039,Raast IBFT to IQRA PARVEEN,1768.46,20950.88,486386.43
13 Dec 2024,13 Dec 2024,003108,Raast IBFT to IQRA PARVEEN,2664.16,4027.17,197449.24
20 Nov 2024,20 Nov 2024,122934,Raast IBFT to IQRA PARVEEN,2236.6,10526.18,152434.65
17 Dec 2024,17 Dec 2024,431060,Raast IBFT to IQRA PARVEEN,5167.08,9786.97,280510.33
23 Dec 2024,23 Dec 2024,,Raast IBFT to OMAR ZAMAN,6650.81,23078.31,110934.55
13 Jan 2025,13 Jan 2025,912447,Raast IBFT to IQRA PARVEEN,5691.35,2547.34,257793.48
07 Jan 2025,07 Jan 2025,139714,Raast IBFT to OMAR ZAMAN,3732.97,17222.86,78593.57
17 Jan 2025,17 Jan 2025,,INET Inter Bank Fund Transfer Charges,13057.59,19712.07,115658.67
08 Nov 2024,08 Nov 2024,294226,Raast IBFT to OMAR ZAMAN,16794.07,23599.61,367098.9
23 Jan 2025,23 Jan 2025,227920,Mobile App MARYAM BEGUM,7479.62,1848.05,237856.9
22 Dec 2024,22 Dec 2024,598415,Raast IBFT to IQRA PARVEEN,14025.02,13794.36,134716.53
11 Jan 2025,11 Jan 2025,002473,INET Inter Bank Fund Transfer Charges,20757.49,18694.78,297333.46
25 Jan 2025,25 Jan 2025,,Raast IBFT to IQRA PARVEEN,10323.88,14015.05,130766.63
08 Jan 2025,08 Jan 2025,,Mobile App MARYAM BEGUM,1141.83,22288.91,110907.99
14 Jan 2025,14 Jan 2025,,Mobile App MARYAM BEGUM,1099.38,20979.54,380651.83
09 Nov 2024,09 Nov 2024,,Mobile App MARYAM BEGUM,23910.14,2059.13,292976.38
04 Nov 2024,04 Nov 2024,,Mobile App MARYAM BEGUM,13131.36,18577.84,146568.29
08 Feb 2025,08 Feb 2025,199443,Raast IBFT to OMAR ZAMAN,4072.93,2363.37,453235.89
04 Jan 2025,04 Jan 2025,,Raast IBFT to IQRA PARVEEN,24106.27,23131.65,129407.06
06 Nov 2024,06 Nov 2024,013806,Raast IBFT to OMAR ZAMAN,21030.73,8957.42,444492.18
12 Dec 2024,12 Dec 2024,,INET Inter Bank Fund Transfer Charges,11498.27,13014.31,75659.4
07 Nov 2024,07 Nov 2024,,Raast IBFT to IQRA PARVEEN,1515.37,13261.2,230966.87
14 Nov 2024,14 Nov 2024,,Mobile App MARYAM BEGUM,2922.92,14336.65,439537.79
30 Nov 2024,30 Nov 2024,,INET Inter Bank Fund Transfer Charges,9409.07,13137.61,107008.11
07 Feb 2025,07 Feb 2025,355012,Raast IBFT to OMAR ZAMAN,1710.81,20620.64,497897.91
28 Dec 2024,28 Dec 2024,222408,Raast IBFT to OMAR ZAMAN,14105.98,17824.45,311685.04
26 Dec 2024,26 Dec 2024,073672,Raast IBFT to OMAR ZAMAN,18782.16,22038.45,196605.76
29 Dec 2024,29 Dec 2024,,Mobile App MARYAM BEGUM,14922.83,24130.27,149647.25
24 Nov 2024,24 Nov 2024,477878,Raast IBFT to OMAR ZAMAN,17614.52,24764.38,402181.61
24 Nov 2024,24 Nov 2024,,Raast IBFT to OMAR ZAMAN,6633.47,23107.06,295303.57
07 Jan 2025,07 Jan 2025,455078,INET Inter Bank Fund Transfer Charges,4609.64,1538.97,92505.0
30 Dec 2024,30 Dec 2024,050674,Raast IBFT to IQRA PARVEEN,1672.95,21033.88,485004.31
22 Jan 2025,22 Jan 2025,,INET Inter Bank Fund Transfer Charges,19793.05,18789.48,461396.88
31 Dec 2024,31 Dec 2024,584851,Raast IBFT to IQRA PARVEEN,10508.57,22092.92,39867.38
19 Nov 2024,19 Nov 2024,,Raast IBFT to IQRA PARVEEN,16034.89,11906.89,337681.97
02 Dec 2024,02 Dec 2024,078508,Raast IBFT to OMAR ZAMAN,7890.79,5038.08,95242.32
11 Dec 2024,11 Dec 2024,,Raast IBFT to OMAR ZAMAN,7745.32,9738.72,230790.82
04 Feb 2025,04 Feb 2025,441252,Mobile App MARYAM BEGUM,16772.79,23076.52,153542.83
15 Dec 2024,15 Dec 2024,,Mobile App MARYAM BEGUM,18412.02,7602.83,408329.49
07 Nov 2024,07 Nov 2024,662255,Mobile App MARYAM BEGUM,5389.81,21443.47,127298.1
01 Jan 2025,01 Jan 2025,024275,INET Inter Bank Fund Transfer Charges,10283.66,23609.62,457392.75
28 Jan 2025,28 Jan 2025,560187,Raast IBFT to OMAR ZAMAN,23014.62,13664.39,443007.92
01 Nov 2024,01 Nov 2024,209237,Mobile App MARYAM BEGUM,13616.32,12866.55,408452.5
05 Nov 2024,05 Nov 2024,663324,Mobile App MARYAM BEGUM,13069.39,7978.83,157935.24
12 Nov 2024,12 Nov 2024,051945,Raast IBFT to IQRA PARVEEN,24191.49,19960.51,417140.57
05 Feb 2025,05 Feb 2025,685806,Raast IBFT to IQRA PARVEEN,15929.17,10984.21,355398.27
03 Jan 2025,03 Jan 2025,,INET Inter Bank Fund Transfer Charges,8692.23,22421.29,124995.09
05 Feb 2025,05 Feb 2025,085168,Mobile App MARYAM BEGUM,16336.74,7674.66,278606.48
25 Dec 2024,25 Dec 2024,917274,Mobile App MARYAM BEGUM,15163.57,8586.61,292897.13
23 Nov 2024,23 Nov 2024,903750,Raast IBFT to IQRA PARVEEN,15380.7,16711.82,385117.62
10 Dec 2024,10 Dec 2024,,Raast IBFT to IQRA PARVEEN,5531.99,11.23,294681.93
20 Dec 2024,20 Dec 2024,066848,Mobile App MARYAM BEGUM,5563.04,2838.68,253618.2
04 Dec 2024,04 Dec 2024,,Mobile App MARYAM BEGUM,9445.44,23782.31,197191.08
04 Nov 2024,04 Nov 2024,823239,Raast IBFT to OMAR ZAMAN,10423.5,12077.36,210741.51
25 Dec 2024,25 Dec 2024,340172,INET Inter Bank Fund Transfer Charges,13452.68,14903.1,395690.85
16 Jan 2025,16 Jan 2025,303110,Raast IBFT to IQRA PARVEEN,3118.82,17333.87,73701.2
10 Nov 2024,10 Nov 2024,901555,Mobile App MARYAM BEGUM,19556.7,13864.42,387236.71
10 Nov 2024,10 Nov 2024,534698,Raast IBFT to IQRA PARVEEN,5232.24,18445.46,136150.15
03 Nov 2024,03 Nov 2024,,Raast IBFT to OMAR ZAMAN,16813.09,5370.18,487030.33
02 Dec 2024,02 Dec 2024,,Mobile App MARYAM BEGUM,10690.47,18552.13,361280.32
14 Dec 2024,14 Dec 2024,,INET Inter Bank Fund Transfer Charges,21130.84,13211.92,46619.81
05 Jan 2025,05 Jan 2025,486161,Raast IBFT to IQRA PARVEEN,17934.44,15570.54,407283.43
04 Jan 2025,04 Jan 2025,,Raast IBFT to IQRA PARVEEN,12381.39,1195.82,372639.86
20 Dec 2024,20 Dec 2024,235716,Raast IBFT to IQRA PARVEEN,21610.34,22180.81,387295.49
10 Nov 2024,10 Nov 2024,813110,Raast IBFT to IQRA PARVEEN,14168.03,15465.45,252049.76
29 Dec 2024,29 Dec 2024,,Mobile App MARYAM BEGUM,8747.21,22751.24,143768.66
20 Jan 2025,20 Jan 2025,526939,INET Inter Bank Fund Transfer Charges,20773.82,17224.7,220461.53
04 Feb 2025,04 Feb 2025,566062,INET Inter Bank Fund Transfer Charges,5841.26,6851.08,310705.13
18 Dec 2024,18 Dec 2024,,Raast IBFT to IQRA PARVEEN,12817.7,3081.52,136275.18
09 Jan 2025,09 Jan 2025,984227,INET Inter Bank Fund Transfer Charges,13393.36,12111.42,72716.78
15 Dec 2024,15 Dec 2024,932194,INET Inter Bank Fund Transfer Charges,1786.43,21691.99,291205.9
02 Dec 2024,02 Dec 2024,413113,Raast IBFT to OMAR ZAMAN,21532.9,3155.83,291456.76
18 Dec 2024,18 Dec 2024,,Raast IBFT to IQRA PARVEEN,12376.61,3910.38,417895.14
14 Dec 2024,14 Dec 2024,,INET Inter Bank Fund Transfer Charges,24063.65,17695.71,394486.39
19 Dec 2024,19 Dec 2024,155674,Raast IBFT to OMAR ZAMAN,23484.99,21181.16,237870.88
16 Dec 2024,16 Dec 2024,,Raast IBFT to OMAR ZAMAN,22851.54,12636.0,263331.56
21 Nov 2024,21 Nov 2024,948278,Mobile App MARYAM BEGUM,7011.86,21371.27,37659.63
01 Dec 2024,01 Dec 2024,416907,INET Inter Bank Fund Transfer Charges,23506.32,18262.72,127072.12
25 Jan 2025,25 Jan 2025,841669,Raast IBFT to IQRA PARVEEN,21392.8,10986.95,354066.01
23 Nov 2024,23 Nov 2024,,INET Inter Bank Fund Transfer Charges,9919.71,8008.11,73902.3
03 Dec 2024,03 Dec 2024,,Mobile App MARYAM BEGUM,5611.17,13433.56,127408.06
19 Nov 2024,19 Nov 2024,905114,Mobile App MARYAM BEGUM,19493.91,8036.98,286065.59
26 Nov 2024,26 Nov 2024,,INET Inter Bank Fund Transfer Charges,13282.53,4651.62,131703.39
08 Dec 2024,08 Dec 2024,561712,Raast IBFT to IQRA PARVEEN,8085.38,7520.55,146740.71
05 Jan 2025,05 Jan 2025,567713,Raast IBFT to OMAR ZAMAN,18264.45,8300.73,403129.96
25 Nov 2024,25 Nov 2024,,Raast IBFT to OMAR ZAMAN,2989.13,16159.13,223573.1
07 Nov 2024,07 Nov 2024,960886,Raast IBFT to OMAR ZAMAN,6409.37,2737.27,494714.43
06 Feb 2025,06 Feb 2025,,INET Inter Bank Fund Transfer Charges,23045.06,7669.47,322392.36
03 Feb 2025,03 Feb 2025,,INET Inter Bank Fund Transfer Charges,5925.52,23088.38,372929.63
01 Nov 2024,01 Nov 2024,,Mobile App MARYAM BEGUM,1895.05,2678.81,116431.38
07 Nov 2024,07 Nov 2024,938368,Raast IBFT to IQRA PARVEEN,4377.88,23502.01,16090.31
20 Nov 2024,20 Nov 2024,,Raast IBFT to OMAR ZAMAN,19881.92,445.96,270653.21
14 Jan 2025,14 Jan 2025,613368,Raast IBFT to OMAR ZAMAN,9239.51,6782.46,182400.26
01 Nov 2024,01 Nov 2024,,INET Inter Bank Fund Transfer Charges,24643.78,14445.72,310938.57
03 Dec 2024,03 Dec 2024,,INET Inter Bank Fund Transfer Charges,12917.58,10595.18,325489.17
31 Dec 2024,31 Dec 2024,404836,Raast IBFT to IQRA PARVEEN,15666.53,20037.05,476512.64
12 Dec 2024,12 Dec 2024,,Raast IBFT to OMAR ZAMAN,17677.61,7110.73,52148.73
25 Dec 2024,25 Dec 2024,,INET Inter Bank Fund Transfer Charges,22282.06,12067.01,193716.73
28 Jan 2025,28 Jan 2025,498701,Raast IBFT to IQRA PARVEEN,11657.74,283.44,422518.51
17 Jan 2025,17 Jan 2025,922264,Mobile App MARYAM BEGUM,24698.1,6547.32,80714.38
08 Dec 2024,08 Dec 2024,,INET Inter Bank Fund Transfer Charges,3816.09,15323.89,216595.66
18 Dec 2024,18 Dec 2024,,Raast IBFT to IQRA PARVEEN,13990.34,11470.62,85570.94
28 Nov 2024,28 Nov 2024,218454,Raast IBFT to OMAR ZAMAN,8493.23,5918.03,83635.96
07 Feb 2025,07 Feb 2025,,Raast IBFT to IQRA PARVEEN,15445.38,21975.05,420594.61
19 Jan 2025,19 Jan 2025,,Raast IBFT to IQRA PARVEEN,16239.46,19096.09,402742.06
19 Dec 2024,19 Dec 2024,,Raast IBFT to IQRA PARVEEN,13157.41,17873.77,383445.39
08 Jan 2025,08 Jan 2025,,Mobile App MARYAM BEGUM,4732.59,15827.79,235890.94
28 Dec 2024,28 Dec 2024,910120,INET Inter Bank Fund Transfer Charges,1600.43,16284.69,17546.38
02 Nov 2024,02 Nov 2024,377498,Mobile App MARYAM BEGUM,18979.08,8563.45,82920.43
10 Nov 2024,10 Nov 2024,,Raast IBFT to OMAR ZAMAN,8581.28,15529.65,359177.06
31 Jan 2025,31 Jan 2025,,INET Inter Bank Fund Transfer Charges,5221.41,18663.5,187592.5
03 Jan 2025,03 Jan 2025,,INET Inter Bank Fund Transfer Charges,12380.82,22860.83,209854.3
19 Nov 2024,19 Nov 2024,,Raast IBFT to OMAR ZAMAN,6709.2,9958.86,174507.79
29 Jan 2025,29 Jan 2025,748185,Raast IBFT to IQRA PARVEEN,7446.79,10206.8,102792.66
28 Nov 2024,28 Nov 2024,432408,INET Inter Bank Fund Transfer Charges,7072.37,18010.39,246640.2
15 Jan 2025,15 Jan 2025,,INET Inter Bank Fund Transfer Charges,11049.22,9900.45,311649.29
27 Nov 2024,27 Nov 2024,,Raast IBFT to OMAR ZAMAN,9553.93,6988.73,189146.91
30 Nov 2024,30 Nov 2024,,Raast IBFT to OMAR ZAMAN,2020.54,13372.02,58850.29
25 Jan 2025,25 Jan 2025,,INET Inter Bank Fund Transfer Charges,19466.82,1605.26,498374.39
17 Nov 2024,17 Nov 2024,022812,Raast IBFT to IQRA PARVEEN,15895.01,775.45,23337.1
23 Jan 2025,23 Jan 2025,792091,Mobile App MARYAM BEGUM,2696.71,6646.1,471207.83
25 Jan 2025,25 Jan 2025,,Raast IBFT to IQRA PARVEEN,5576.29,14025.22,299740.37
09 Feb 2025,09 Feb 2025,299562,INET Inter Bank Fund Transfer Charges,10900.3,14827.33,393885.65
23 Nov 2024,23 Nov 2024,,Raast IBFT to OMAR ZAMAN,9293.8,9989.21,275525.01
24 Nov 2024,24 Nov 2024,200181,Raast IBFT to IQRA PARVEEN,6053.62,16542.94,471769.25
11 Jan 2025,11 Jan 2025,,Mobile App MARYAM BEGUM,17049.59,8358.04,489711.92
22 Jan 2025,22 Jan 2025,796076,Mobile App MARYAM BEGUM,22536.52,4156.97,55941.09
22 Nov 2024,22 Nov 2024,428119,Mobile App MARYAM BEGUM,16213.23,10191.47,356540.94
15 Nov 2024,15 Nov 2024,396767,Raast IBFT to IQRA PARVEEN,6227.66,1733.32,306199.74
05 Jan 2025,05 Jan 2025,531146,Raast IBFT to OMAR ZAMAN,4896.04,11905.55,480689.83
27 Nov 2024,27 Nov 2024,664331,INET Inter Bank Fund Transfer Charges,7593.39,19055.66,280499.88
02 Dec 2024,02 Dec 2024,,Mobile App MARYAM BEGUM,5931.16,86.06,116696.16
06 Feb 2025,06 Feb 2025,,Mobile App MARYAM BEGUM,24399.76,12511.86,39389.91
19 Nov 2024,19 Nov 2024,821844,INET Inter Bank Fund Transfer Charges,2500.79,2306.55,426999.74
20 Nov 2024,20 Nov 2024,191053,Raast IBFT to IQRA PARVEEN,13104.26,16228.0,65669.64
10 Nov 2024,10 Nov 2024,,INET Inter Bank Fund Transfer Charges,4335.56,8293.22,292440.57
05 Jan 2025,05 Jan 2025,,INET Inter Bank Fund Transfer Charges,8645.37,17777.72,415375.76
11 Jan 2025,11 Jan 2025,789355,Raast IBFT to IQRA PARVEEN,21095.12,2408.52,170960.35
22 Dec 2024,22 Dec 2024,,Mobile App MARYAM BEGUM,3552.75,17839.07,139615.14
16 Dec 2024,16 Dec 2024,,Raast IBFT to IQRA PARVEEN,21570.79,18154.97,204806.25
17 Nov 2024,17 Nov 2024,,INET Inter Bank Fund Transfer Charges,14703.73,10131.31,195040.34
26 Dec 2024,26 Dec 2024,,INET Inter Bank Fund Transfer Charges,3455.67,2884.38,254050.44
03 Nov 2024,03 Nov 2024,,Mobile App MARYAM BEGUM,18180.55,14157.13,349929.31
17 Nov 2024,17 Nov 2024,169726,Raast IBFT to IQRA PARVEEN,15448.65,11162.4,28431.24
12 Nov 2024,12 Nov 2024,159044,Raast IBFT to IQRA PARVEEN,7209.5,8400.68,167903.81
26 Dec 2024,26 Dec 2024,177445,INET Inter Bank Fund Transfer Charges,8306.18,6985.23,148021.43
04 Jan 2025,04 Jan 2025,,Raast IBFT to OMAR ZAMAN,17392.98,16129.6,170661.55
11 Jan 2025,11 Jan 2025,706562,Mobile App MARYAM BEGUM,19406.08,9909.04,76662.87
15 Nov 2024,15 Nov 2024,,Raast IBFT to IQRA PARVEEN,22963.19,15834.71,293281.34
06 Dec 2024,06 Dec 2024,,Raast IBFT to IQRA PARVEEN,22526.44,549.95,382570.53
07 Dec 2024,07 Dec 2024,,INET Inter Bank Fund Transfer Charges,16670.23,1063.51,249850.88
28 Nov 2024,28 Nov 2024,,Raast IBFT to OMAR ZAMAN,8907.5,19384.86,242872.33
20 Jan 2025,20 Jan 2025,508259,Raast IBFT to IQRA PARVEEN,11049.85,20149.27,442640.17
12 Nov 2024,12 Nov 2024,,Raast IBFT to IQRA PARVEEN,8081.16,22251.14,495239.19
15 Jan 2025,15 Jan 2025,939265,Raast IBFT to IQRA PARVEEN,24945.42,2603.56,352266.72
04 Jan 2025,04 Jan 2025,,INET Inter Bank Fund Transfer Charges,5155.66,20640.11,36363.72
30 Nov 2024,30 Nov 2024,,INET Inter Bank Fund Transfer Charges,8868.75,1818.33,454041.87
10 Jan 2025,10 Jan 2025,,Raast IBFT to IQRA PARVEEN,3042.96,2129.2,305087.01
17 Dec 2024,17 Dec 2024,787945,INET Inter Bank Fund Transfer Charges,5013.43,869.96,478974.53
27 Jan 2025,27 Jan 2025,902782,Raast IBFT to IQRA PARVEEN,5164.53,22235.74,167351.95
22 Nov 2024,22 Nov 2024,828688,Raast IBFT to OMAR ZAMAN,12146.45,20492.78,237726.95
28 Nov 2024,28 Nov 2024,865181,Raast IBFT to OMAR ZAMAN,10415.61,12708.44,275395.0
26 Jan 2025,26 Jan 2025,,Raast IBFT to OMAR ZAMAN,5822.04,17515.25,314190.4
28 Jan 2025,28 Jan 2025,702600,Mobile App MARYAM BEGUM,14284.99,16240.94,497360.69
28 Nov 2024,28 Nov 2024,523959,Raast IBFT to IQRA PARVEEN,5246.23,1162.45,427698.75
04 Nov 2024,04 Nov 2024,731781,Raast IBFT to IQRA PARVEEN,24531.26,10470.09,449019.35
30 Jan 2025,30 Jan 2025,,Raast IBFT to OMAR ZAMAN,20379.59,7417.39,171362.44
18 Jan 2025,18 Jan 2025,,Raast IBFT to IQRA PARVEEN,1513.3,14273.02,75915.4
25 Jan 2025,25 Jan 2025,393649,INET Inter Bank Fund Transfer Charges,5268.46,7185.3,111975.09
26 Dec 2024,26 Dec 2024,224669,Raast IBFT to OMAR ZAMAN,10113.48,4918.69,402738.22
22 Nov 2024,22 Nov 2024,430244,Raast IBFT to IQRA PARVEEN,17694.8,14363.75,63191.67
08 Feb 2025,08 Feb 2025,071149,INET Inter Bank Fund Transfer Charges,12997.64,7415.61,103597.14
13 Dec 2024,13 Dec 2024,060779,Raast IBFT to IQRA PARVEEN,3349.06,5890.9,162029.9
14 Nov 2024,14 Nov 2024,780989,Raast IBFT to OMAR ZAMAN,5261.13,16525.04,338317.81
04 Nov 2024,04 Nov 2024,876191,INET Inter Bank Fund Transfer Charges,17519.13,15942.37,206564.97
23 Nov 2024,23 Nov 2024,919660,Mobile App MARYAM BEGUM,15958.08,9114.11,378194.0
01 Nov 2024,01 Nov 2024,,Raast IBFT to IQRA PARVEEN,14977.99,6762.09,320994.68
28 Nov 2024,28 Nov 2024,,Mobile App MARYAM BEGUM,17075.33,14634.95,68094.61
15 Jan 2025,15 Jan 2025,,Raast IBFT to IQRA PARVEEN,16227.47,20185.63,345549.39
08 Dec 2024,08 Dec 2024,395849,INET Inter Bank Fund Transfer Charges,12195.95,14549.51,247061.71
23 Jan 2025,23 Jan 2025,,INET Inter Bank Fund Transfer Charges,4871.13,13324.76,196099.37
05 Jan 2025,05 Jan 2025,841574,INET Inter Bank Fund Transfer Charges,18236.97,22656.99,394476.3
16 Dec 2024,16 Dec 2024,006688,Raast IBFT to OMAR ZAMAN,9870.43,16629.78,404317.54
22 Nov 2024,22 Nov 2024,519733,INET Inter Bank Fund Transfer Charges,7804.91,1816.38,240009.54
25 Dec 2024,25 Dec 2024,742081,INET Inter Bank Fund Transfer Charges,1217.65,5875.12,356810.25
02 Feb 2025,02 Feb 2025,082435,Raast IBFT to IQRA PARVEEN,12219.31,5035.97,424461.32
09 Feb 2025,09 Feb 2025,746669,Raast IBFT to IQRA PARVEEN,13336.3,8023.34,107375.95
25 Dec 2024,25 Dec 2024,,Mobile App MARYAM BEGUM,5202.43,12173.22,125065.77
20 Jan 2025,20 Jan 2025,748521,Mobile App MARYAM BEGUM,19156.72,5730.37,92132.38
03 Nov 2024,03 Nov 2024,,INET Inter Bank Fund Transfer Charges,11997.51,9106.23,399768.62
24 Nov 2024,24 Nov 2024,,Raast IBFT to OMAR ZAMAN,3274.67,17147.26,480865.3
26 Dec 2024,26 Dec 2024,318365,INET Inter Bank Fund Transfer Charges,23699.4,17284.78,130218.27
05 Feb 2025,05 Feb 2025,,INET Inter Bank Fund Transfer Charges,14225.26,2278.54,282793.62
10 Nov 2024,10 Nov 2024,832625,INET Inter Bank Fund Transfer Charges,24397.09,14207.42,17616.04
12 Jan 2025,12 Jan 2025,,Mobile App MARYAM BEGUM,2073.95,23168.27,217916.25
28 Jan 2025,28 Jan 2025,,Raast IBFT to IQRA PARVEEN,4048.67,23257.99,271144.18
06 Feb 2025,06 Feb 2025,,INET Inter Bank Fund Transfer Charges,17649.64,1394.28,434710.2
30 Dec 2024,30 Dec 2024,,Raast IBFT to IQRA PARVEEN,4912.88,9915.93,96149.68
22 Nov 2024,22 Nov 2024,,Raast IBFT to OMAR ZAMAN,15144.38,89.94,343376.55
22 Jan 2025,22 Jan 2025,,Raast IBFT to IQRA PARVEEN,22533.47,5627.79,229820.53
07 Nov 2024,07 Nov 2024,,Raast IBFT to OMAR ZAMAN,14318.41,5092.08,57723.07
30 Nov 2024,30 Nov 2024,,Raast IBFT to IQRA PARVEEN,23412.02,2824.47,393937.34
14 Jan 2025,14 Jan 2025,213657,Raast IBFT to IQRA PARVEEN,1151.89,17270.56,439391.05
28 Nov 2024,28 Nov 2024,,INET Inter Bank Fund Transfer Charges,19635.13,14071.73,97789.88
29 Nov 2024,29 Nov 2024,,Raast IBFT to OMAR ZAMAN,9707.72,17648.46,248384.87
01 Nov 2024,01 Nov 2024,,Mobile App MARYAM BEGUM,2945.97,12947.75,133237.59
20 Nov 2024,20 Nov 2024,809697,Raast IBFT to OMAR ZAMAN,18695.27,22270.85,130339.77
22 Nov 2024,22 Nov 2024,,Raast IBFT to IQRA PARVEEN,23606.43,11528.53,127476.65
11 Nov 2024,11 Nov 2024,,INET Inter Bank Fund Transfer Charges,24253.11,7184.18,360234.42
06 Nov 2024,06 Nov 2024,652252,Raast IBFT to IQRA PARVEEN,19058.66,11376.25,446152.95
07 Jan 2025,07 Jan 2025,,INET Inter Bank Fund Transfer Charges,6546.24,19567.17,186354.23
26 Dec 2024,26 Dec 2024,477382,Raast IBFT to IQRA PARVEEN,6284.51,24310.15,172745.47
29 Jan 2025,29 Jan 2025,,Raast IBFT to IQRA PARVEEN,20393.06,6170.25,49227.04
30 Nov 2024,30 Nov 2024,,Raast IBFT to IQRA PARVEEN,8297.65,7096.9,94836.6
24 Dec 2024,24 Dec 2024,037606,Raast IBFT to OMAR ZAMAN,23344.09,7370.08,346010.6
25 Jan 2025,25 Jan 2025,,Raast IBFT to OMAR ZAMAN,18789.03,13475.83,466931.96
18 Nov 2024,18 Nov 2024,071324,Mobile App MARYAM BEGUM,12501.53,20344.55,13329.68
07 Dec 2024,07 Dec 2024,,Raast IBFT to OMAR ZAMAN,24947.35,20330.98,245748.59
04 Feb 2025,04 Feb 2025,,Raast IBFT to OMAR ZAMAN,3037.52,17354.16,79968.52
24 Jan 2025,24 Jan 2025,066342,Raast IBFT to OMAR ZAMAN,6565.03,15491.53,70041.33
16 Dec 2024,16 Dec 2024,,Mobile App MARYAM BEGUM,11517.17,2899.68,282155.49
08 Feb 2025,08 Feb 2025,,Raast IBFT to OMAR ZAMAN,5312.7,17531.61,322405.73
15 Nov 2024,15 Nov 2024,450012,INET Inter Bank Fund Transfer Charges,4132.1,16902.96,467988.46
07 Dec 2024,07 Dec 2024,,Mobile App MARYAM BEGUM,8221.69,22996.22,266644.74
21 Nov 2024,21 Nov 2024,080257,INET Inter Bank Fund Transfer Charges,14891.64,2582.01,69534.47
05 Jan 2025,05 Jan 2025,066501,Raast IBFT to OMAR ZAMAN,5368.18,13360.64,285742.02
07 Dec 2024,07 Dec 2024,571064,Mobile App MARYAM BEGUM,22085.59,12963.9,412120.37
27 Nov 2024,27 Nov 2024,,Raast IBFT to IQRA PARVEEN,2134.94,23151.28,175900.52
22 Nov 2024,22 Nov 2024,337437,Mobile App MARYAM BEGUM,20067.59,8002.28,279754.86
08 Jan 2025,08 Jan 2025,609080,INET Inter Bank Fund Transfer Charges,6110.15,24392.98,240770.15
28 Jan 2025,28 Jan 2025,,INET Inter Bank Fund Transfer Charges,16997.03,8632.17,128376.36
18 Dec 2024,18 Dec 2024,,Raast IBFT to IQRA PARVEEN,12364.79,10955.9,154471.39
18 Dec 2024,18 Dec 2024,,Mobile App MARYAM BEGUM,19658.72,24710.86,237137.52
08 Feb 2025,08 Feb 2025,,Mobile App MARYAM BEGUM,17087.82,19133.08,189809.94
07 Feb 2025,07 Feb 2025,,Raast IBFT to OMAR ZAMAN,12507.44,14522.4,187765.59
19 Dec 2024,19 Dec 2024,859404,INET Inter Bank Fund Transfer Charges,3542.66,6697.79,307240.78
18 Jan 2025,18 Jan 2025,146941,Raast IBFT to IQRA PARVEEN,7676.45,1182.25,29796.4
19 Jan 2025,19 Jan 2025,182504,Mobile App MARYAM BEGUM,11063.66,12830.74,236723.71
11 Jan 2025,11 Jan 2025,,INET Inter Bank Fund Transfer Charges,24985.35,22655.42,275476.68
28 Dec 2024,28 Dec 2024,,INET Inter Bank Fund Transfer Charges,10869.53,8512.25,205423.97
29 Jan 2025,29 Jan 2025,,Raast IBFT to OMAR ZAMAN,21381.96,9534.16,215563.45
08 Jan 2025,08 Jan 2025,444022,Mobile App MARYAM BEGUM,8124.49,4026.3,128038.24
21 Dec 2024,21 Dec 2024,,Raast IBFT to IQRA PARVEEN,10828.01,22565.31,135587.18
20 Jan 2025,20 Jan 2025,220750,Raast IBFT to OMAR ZAMAN,11806.75,9153.39,275581.71
04 Nov 2024,04 Nov 2024,,INET Inter Bank Fund Transfer Charges,7617.55,18566.95,384401.93
19 Dec 2024,19 Dec 2024,,INET Inter Bank Fund Transfer Charges,7720.3,5118.16,414850.26
05 Dec 2024,05 Dec 2024,,INET Inter Bank Fund Transfer Charges,4936.74,7850.03,375048.54
17 Dec 2024,17 Dec 2024,,INET Inter Bank Fund Transfer Charges,23677.36,11773.68,208085.91
31 Dec 2024,31 Dec 2024,,Raast IBFT to IQRA PARVEEN,6032.97,8283.31,403424.75
01 Dec 2024,01 Dec 2024,805850,INET Inter Bank Fund Transfer Charges,4594.5,2970.7,150992.57
22 Jan 2025,22 Jan 2025,710266,INET Inter Bank Fund Transfer Charges,24721.8,8591.42,392621.05
19 Jan 2025,19 Jan 2025,,INET Inter Bank Fund Transfer Charges,17467.82,10963.2,184904.12
09 Feb 2025,09 Feb 2025,373193,INET Inter Bank Fund Transfer Charges,19819.48,15801.83,237861.12
06 Feb 2025,06 Feb 2025,591402,Raast IBFT to IQRA PARVEEN,23791.76,23853.76,487268.56
10 Jan 2025,10 Jan 2025,,Raast IBFT to OMAR ZAMAN,10998.25,153.87,489489.53
07 Nov 2024,07 Nov 2024,,Raast IBFT to IQRA PARVEEN,18717.11,9366.97,137719.97
20 Dec 2024,20 Dec 2024,771970,Mobile App MARYAM BEGUM,13166.34,2093.76,203808.33
27 Nov 2024,27 Nov 2024,308883,Raast IBFT to IQRA PARVEEN,17772.13,20625.57,137326.97
19 Dec 2024,19 Dec 2024,409602,Raast IBFT to OMAR ZAMAN,5021.84,3926.89,408866.63
23 Dec 2024,23 Dec 2024,692717,Raast IBFT to OMAR ZAMAN,2046.09,7225.47,331414.67
13 Nov 2024,13 Nov 2024,538779,Mobile App MARYAM BEGUM,20927.07,8672.87,402181.22
27 Nov 2024,27 Nov 2024,701706,Raast IBFT to IQRA PARVEEN,18466.23,203.67,56433.33
16 Dec 2024,16 Dec 2024,455646,Mobile App MARYAM BEGUM,22152.43,21096.2,226773.38
04 Feb 2025,04 Feb 2025,734121,Raast IBFT to IQRA PARVEEN,1826.21,14447.26,156799.97
16 Nov 2024,16 Nov 2024,,Raast IBFT to OMAR ZAMAN,18797.88,22918.92,141155.96
28 Jan 2025,28 Jan 2025,155453,Mobile App MARYAM BEGUM,4690.14,4379.35,322045.25
31 Dec 2024,31 Dec 2024,453947,INET Inter Bank Fund Transfer Charges,21125.31,5724.08,178396.58
06 Nov 2024,06 Nov 2024,,Mobile App MARYAM BEGUM,1124.35,6517.53,257869.84
20 Dec 2024,20 Dec 2024,548557,Raast IBFT to IQRA PARVEEN,18253.0,23199.33,287864.7
30 Dec 2024,30 Dec 2024,,INET Inter Bank Fund Transfer Charges,1988.51,14905.23,347301.52
19 Jan 2025,19 Jan 2025,,Mobile App MARYAM BEGUM,7773.73,12846.36,297257.94
17 Nov 2024,17 Nov 2024,801319,Raast IBFT to OMAR ZAMAN,9236.0,1495.33,245239.1
25 Dec 2024,25 Dec 2024,,Raast IBFT to OMAR ZAMAN,15632.41,2750.52,94416.23
03 Nov 2024,03 Nov 2024,,INET Inter Bank Fund Transfer Charges,20809.55,20129.42,287347.79
09 Nov 2024,09 Nov 2024,,INET Inter Bank Fund Transfer Charges,2320.54,22305.56,384996.35
28 Dec 2024,28 Dec 2024,,Raast IBFT to IQRA PARVEEN,21469.43,8622.24,119563.57
20 Jan 2025,20 Jan 2025,978831,Raast IBFT to OMAR ZAMAN,6876.23,2588.46,350716.83
09 Dec 2024,09 Dec 2024,,Raast IBFT to IQRA PARVEEN,13376.3,8984.53,89340.4
07 Dec 2024,07 Dec 2024,315833,INET Inter Bank Fund Transfer Charges,7040.65,16302.21,10183.32
11 Nov 2024,11 Nov 2024,,Mobile App MARYAM BEGUM,11895.08,22013.0,490017.15
06 Feb 2025,06 Feb 2025,111572,INET Inter Bank Fund Transfer Charges,8185.54,9905.43,147823.01
03 Nov 2024,03 Nov 2024,,Mobile App MARYAM BEGUM,8304.4,14979.46,144220.09
18 Dec 2024,18 Dec 2024,507736,Mobile App MARYAM BEGUM,2865.77,5014.2,412345.26
17 Dec 2024,17 Dec 2024,,Raast IBFT to OMAR ZAMAN,2531.83,2018.97,41104.34
18 Jan 2025,18 Jan 2025,,Mobile App MARYAM BEGUM,5673.92,8242.99,363105.02
08 Nov 2024,08 Nov 2024,314196,INET Inter Bank Fund Transfer Charges,5056.2,1899.58,83997.65
02 Nov 2024,02 Nov 2024,,Raast IBFT to OMAR ZAMAN,9379.27,24134.37,424003.57
09 Dec 2024,09 Dec 2024,697027,Mobile App MARYAM BEGUM,18545.58,14736.84,128225.69
20 Jan 2025,20 Jan 2025,273919,INET Inter Bank Fund Transfer Charges,24601.7,13422.11,83121.58
16 Nov 2024,16 Nov 2024,249301,INET Inter Bank Fund Transfer Charges,21598.94,13360.52,484680.02
09 Nov 2024,09 Nov 2024,,Raast IBFT to OMAR ZAMAN,23308.41,18681.22,71163.09
03 Feb 2025,03 Feb 2025,,Mobile App MARYAM BEGUM,5694.24,3046.75,267934.83
11 Dec 2024,11 Dec 2024,678037,INET Inter Bank Fund Transfer Charges,2881.51,16718.9,378761.94
04 Nov 2024,04 Nov 2024,,INET Inter Bank Fund Transfer Charges,17855.0,17419.63,174012.87
26 Nov 2024,26 Nov 2024,494483,Raast IBFT to IQRA PARVEEN,3040.65,22509.05,58121.98
29 Nov 2024,29 Nov 2024,813507,Raast IBFT to IQRA PARVEEN,17654.43,22206.99,425328.16
05 Dec 2024,05 Dec 2024,918298,Raast IBFT to OMAR ZAMAN,14113.88,3021.35,227845.25
11 Jan 2025,11 Jan 2025,,INET Inter Bank Fund Transfer Charges,23091.21,16852.87,397839.69
12 Jan 2025,12 Jan 2025,024412,INET Inter Bank Fund Transfer Charges,4237.35,17483.99,300248.59
07 Nov 2024,07 Nov 2024,029961,INET Inter Bank Fund Transfer Charges,13307.46,9721.22,449365.54
02 Nov 2024,02 Nov 2024,,Raast IBFT to OMAR ZAMAN,9990.16,16372.3,160204.86
02 Dec 2024,02 Dec 2024,677647,Raast IBFT to IQRA PARVEEN,7214.14,12401.14,473106.6
23 Nov 2024,23 Nov 2024,,Raast IBFT to IQRA PARVEEN,20445.21,21419.02,482483.67
13 Dec 2024,13 Dec 2024,,Raast IBFT to OMAR ZAMAN,4870.64,7878.6,293555.82
30 Jan 2025,30 Jan 2025,532699,Raast IBFT to OMAR ZAMAN,21242.01,8205.94,123815.52
29 Dec 2024,29 Dec 2024,669473,Mobile App MARYAM BEGUM,6309.61,3951.13,112550.83
20 Dec 2024,20 Dec 2024,,INET Inter Bank Fund Transfer Charges,4794.44,23776.2,448763.19
01 Dec 2024,01 Dec 2024,,INET Inter Bank Fund Transfer Charges,9356.4,20003.32,442951.4
29 Jan 2025,29 Jan 2025,,INET Inter Bank Fund Transfer Charges,9977.34,3899.29,27554.67
05 Jan 2025,05 Jan 2025,567664,Raast IBFT to IQRA PARVEEN,24882.49,16287.49,310794.86
23 Nov 2024,23 Nov 2024,033881,Raast IBFT to IQRA PARVEEN,13836.17,16531.08,471247.56
27 Jan 2025,27 Jan 2025,,INET Inter Bank Fund Transfer Charges,24620.68,9972.19,156245.91
02 Dec 2024,02 Dec 2024,544294,Raast IBFT to IQRA PARVEEN,12883.77,7194.05,458462.06
12 Nov 2024,12 Nov 2024,731286,Mobile App MARYAM BEGUM,13180.72,18583.4,370669.05
06 Feb 2025,06 Feb 2025,,INET Inter Bank Fund Transfer Charges,16277.45,2200.86,228249.21
29 Dec 2024,29 Dec 2024,,Mobile App MARYAM BEGUM,13638.05,8423.78,197409.56
07 Dec 2024,07 Dec 2024,366395,Raast IBFT to OMAR ZAMAN,6769.21,3617.52,173045.2
06 Feb 2025,06 Feb 2025,025715,Raast IBFT to IQRA PARVEEN,3697.29,5631.38,396146.8
13 Dec 2024,13 Dec 2024,990751,INET Inter Bank Fund Transfer Charges,20865.36,20092.63,355281.52
06 Feb 2025,06 Feb 2025,862178,INET Inter Bank Fund Transfer Charges,20223.7,19918.78,441105.47
26 Jan 2025,26 Jan 2025,,INET Inter Bank Fund Transfer Charges,2912.21,10824.45,169662.59
22 Jan 2025,22 Jan 2025,,Raast IBFT to IQRA PARVEEN,2624.6,3395.44,318738.89
14 Nov 2024,14 Nov 2024,,INET Inter Bank Fund Transfer Charges,9586.86,3769.88,277606.11
25 Nov 2024,25 Nov 2024,521749,Mobile App MARYAM BEGUM,4716.17,16668.65,280163.33
13 Nov 2024,13 Nov 2024,,INET Inter Bank Fund Transfer Charges,16238.66,18137.57,398508.74
01 Nov 2024,01 Nov 2024,,INET Inter Bank Fund Transfer Charges,20844.69,17133.04,375921.16
20 Jan 2025,20 Jan 2025,775464,Mobile App MARYAM BEGUM,2794.49,24301.0,248253.06
04 Nov 2024,04 Nov 2024,282546,INET Inter Bank Fund Transfer Charges,12996.86,3604.72,496779.98
26 Jan 2025,26 Jan 2025,,INET Inter Bank Fund Transfer Charges,3776.41,5702.24,253792.22
19 Jan 2025,19 Jan 2025,,INET Inter Bank Fund Transfer Charges,11957.44,24606.46,128389.81
14 Nov 2024,14 Nov 2024,,Mobile App MARYAM BEGUM,8881.12,13370.44,98755.74
05 Nov 2024,05 Nov 2024,,INET Inter Bank Fund Transfer Charges,13729.47,20282.17,458331.39
28 Dec 2024,28 Dec 2024,,Mobile App MARYAM BEGUM,6521.04,13925.7,198615.8
07 Feb 2025,07 Feb 2025,111685,INET Inter Bank Fund Transfer Charges,19055.12,3911.2,183272.58
04 Feb 2025,04 Feb 2025,,INET Inter Bank Fund Transfer Charges,20973.53,7081.45,147945.84
08 Dec 2024,08 Dec 2024,592333,Raast IBFT to OMAR ZAMAN,7389.33,7880.17,160727.65
15 Nov 2024,15 Nov 2024,,Raast IBFT to IQRA PARVEEN,14048.25,965.73,56645.96
18 Dec 2024,18 Dec 2024,214408,INET Inter Bank Fund Transfer Charges,2476.01,24101.39,81292.88
30 Nov 2024,30 Nov 2024,,INET Inter Bank Fund Transfer Charges,18233.9,10539.16,306854.79
05 Feb 2025,05 Feb 2025,658017,Raast IBFT to IQRA PARVEEN,20571.71,15884.15,288051.31
28 Jan 2025,28 Jan 2025,853682,Mobile App MARYAM BEGUM,18395.01,1922.6,107987.83
13 Jan 2025,13 Jan 2025,101079,Mobile App MARYAM BEGUM,16714.69,24111.95,282624.13
02 Feb 2025,02 Feb 2025,,Raast IBFT to IQRA PARVEEN,8374.94,12887.9,58903.68
24 Jan 2025,24 Jan 2025,838803,INET Inter Bank Fund Transfer Charges,16962.73,13201.86,188766.2
01 Dec 2024,01 Dec 2024,,Raast IBFT to IQRA PARVEEN,2023.65,9275.39,281145.67
19 Dec 2024,19 Dec 2024,419568,Mobile App MARYAM BEGUM,24256.12,981.38,232636.07
11 Nov 2024,11 Nov 2024,630033,Raast IBFT to OMAR ZAMAN,12516.48,2942.12,369409.16
25 Nov 2024,25 Nov 2024,978740,INET Inter Bank Fund Transfer Charges,3356.16,12179.67,147250.45
19 Nov 2024,19 Nov 2024,898963,INET Inter Bank Fund Transfer Charges,24661.22,23140.22,287230.93
09 Feb 2025,09 Feb 2025,,Raast IBFT to IQRA PARVEEN,4610.99,1416.89,21504.83
02 Dec 2024,02 Dec 2024,,Mobile App MARYAM BEGUM,14289.53,9585.15,203256.6
24 Nov 2024,24 Nov 2024,153332,Raast IBFT to IQRA PARVEEN,15001.99,24908.91,41928.45
26 Nov 2024,26 Nov 2024,939869,Raast IBFT to IQRA PARVEEN,12913.98,5642.94,483466.96
22 Jan 2025,22 Jan 2025,,Mobile App MARYAM BEGUM,7052.63,10859.7,183053.54
25 Nov 2024,25 Nov 2024,489234,INET Inter Bank Fund Transfer Charges,9092.24,4139.14,96170.38
13 Dec 2024,13 Dec 2024,,Mobile App MARYAM BEGUM,5687.63,24571.14,421614.12
11 Dec 2024,11 Dec 2024,981422,Raast IBFT to IQRA PARVEEN,17953.43,12533.6,495471.15
07 Dec 2024,07 Dec 2024,,Mobile App MARYAM BEGUM,8868.97,2066.58,331867.24
05 Nov 2024,05 Nov 2024,,INET Inter Bank Fund Transfer Charges,19205.68,24884.84,14115.48
22 Dec 2024,22 Dec 2024,,INET Inter Bank Fund Transfer Charges,3119.01,15557.92,178222.26
25 Jan 2025,25 Jan 2025,,Raast IBFT to OMAR ZAMAN,20663.58,15783.1,403811.15
14 Nov 2024,14 Nov 2024,182893,Mobile App MARYAM BEGUM,17788.36,10038.21,267545.99
01 Dec 2024,01 Dec 2024,,INET Inter Bank Fund Transfer Charges,2589.32,22285.99,50592.24
07 Jan 2025,07 Jan 2025,589048,Mobile App MARYAM BEGUM,22376.04,16790.87,327509.23
05 Dec 2024,05 Dec 2024,684755,Raast IBFT to IQRA PARVEEN,20098.55,20119.99,446208.16
16 Dec 2024,16 Dec 2024,,Mobile App MARYAM BEGUM,7484.41,1610.11,444364.97
23 Nov 2024,23 Nov 2024,243293,Mobile App MARYAM BEGUM,7695.69,18597.03,469220.49
04 Nov 2024,04 Nov 2024,889402,INET Inter Bank Fund Transfer Charges,6113.09,3069.58,30367.24
26 Dec 2024,26 Dec 2024,695791,Raast IBFT to IQRA PARVEEN,11922.56,18405.27,124054.94
25 Jan 2025,25 Jan 2025,318128,INET Inter Bank Fund Transfer Charges,24322.02,10804.42,13200.08
28 Nov 2024,28 Nov 2024,807193,Raast IBFT to OMAR ZAMAN,12199.32,18163.4,364284.04
13 Jan 2025,13 Jan 2025,666534,Mobile App MARYAM BEGUM,8057.04,22026.85,133112.68
26 Jan 2025,26 Jan 2025,751408,Raast IBFT to IQRA PARVEEN,10174.32,9964.9,188735.02
30 Nov 2024,30 Nov 2024,,INET Inter Bank Fund Transfer Charges,5051.03,14601.79,484817.58
25 Dec 2024,25 Dec 2024,544715,INET Inter Bank Fund Transfer Charges,15793.16,23673.34,404283.96
09 Nov 2024,09 Nov 2024,253115,INET Inter Bank Fund Transfer Charges,15884.37,385.9,281938.39
07 Feb 2025,07 Feb 2025,042470,Mobile App MARYAM BEGUM,3973.21,5100.78,268405.55
19 Jan 2025,19 Jan 2025,135438,INET Inter Bank Fund Transfer Charges,24320.68,3458.49,170887.03
24 Jan 2025,24 Jan 2025,,Mobile App MARYAM BEGUM,15134.73,7899.19,479111.94
04 Dec 2024,04 Dec 2024,,INET Inter Bank Fund Transfer Charges,17895.54,21853.88,178585.62
05 Dec 2024,05 Dec 2024,438367,Mobile App MARYAM BEGUM,22064.43,14287.81,143484.85
01 Dec 2024,01 Dec 2024,,Raast IBFT to IQRA PARVEEN,7363.29,9438.37,429197.35
21 Dec 2024,21 Dec 2024,468377,INET Inter Bank Fund Transfer Charges,9617.17,18701.3,467187.39
22 Dec 2024,22 Dec 2024,,Raast IBFT to OMAR ZAMAN,11157.5,12261.41,362034.09
19 Jan 2025,19 Jan 2025,,Raast IBFT to IQRA PARVEEN,21559.78,23750.65,243276.75
29 Dec 2024,29 Dec 2024,,Raast IBFT to IQRA PARVEEN,4269.23,7766.7,260101.06
04 Jan 2025,04 Jan 2025,,Raast IBFT to OMAR ZAMAN,12440.93,12326.87,243313.4
09 Feb 2025,09 Feb 2025,,Raast IBFT to OMAR ZAMAN,18758.34,6394.71,352837.15
09 Jan 2025,09 Jan 2025,,Raast IBFT to IQRA PARVEEN,12861.63,9535.05,416316.56
21 Jan 2025,21 Jan 2025,108436,INET Inter Bank Fund Transfer Charges,18762.22,4206.8,46113.36
09 Feb 2025,09 Feb 2025,,Mobile App MARYAM BEGUM,12399.65,1762.49,249581.17
22 Dec 2024,22 Dec 2024,093765,Mobile App MARYAM BEGUM,18532.79,16597.05,377940.33
15 Jan 2025,15 Jan 2025,,Raast IBFT to OMAR ZAMAN,4719.76,8890.01,160542.55
11 Jan 2025,11 Jan 2025,,INET Inter Bank Fund Transfer Charges,4667.66,18454.53,140572.72
13 Nov 2024,13 Nov 2024,455088,Mobile App MARYAM BEGUM,7101.59,24998.49,234398.63
16 Jan 2025,16 Jan 2025,070976,INET Inter Bank Fund Transfer Charges,16281.94,8231.8,146963.03
17 Dec 2024,17 Dec 2024,,Mobile App MARYAM BEGUM,17809.31,3306.84,480061.52
17 Dec 2024,17 Dec 2024,075056,Raast IBFT to OMAR ZAMAN,17069.62,17390.14,281104.94
02 Dec 2024,02 Dec 2024,,Raast IBFT to IQRA PARVEEN,14526.4,18041.22,490528.19
04 Jan 2025,04 Jan 2025,722232,INET Inter Bank Fund Transfer Charges,20932.55,4425.1,184632.47
06 Jan 2025,06 Jan 2025,161400,Raast IBFT to OMAR ZAMAN,23357.79,12938.41,311602.01
07 Nov 2024,07 Nov 2024,,INET Inter Bank Fund Transfer Charges,9882.73,8532.26,452359.95
03 Nov 2024,03 Nov 2024,,Mobile App MARYAM BEGUM,14550.79,15402.22,203061.62
06 Dec 2024,06 Dec 2024,,Raast IBFT to IQRA PARVEEN,9858.1,20396.27,273014.83
07 Feb 2025,07 Feb 2025,016411,Raast IBFT to OMAR ZAMAN,10885.7,9887.44,210702.0
06 Feb 2025,06 Feb 2025,174123,Raast IBFT to OMAR ZAMAN,2152.33,5472.17,322460.2
09 Dec 2024,09 Dec 2024,,INET Inter Bank Fund Transfer Charges,24002.05,9652.02,27984.5
01 Nov 2024,01 Nov 2024,,Raast IBFT to IQRA PARVEEN,9582.06,18145.48,59763.16
09 Nov 2024,09 Nov 2024,091670,Raast IBFT to IQRA PARVEEN,14678.32,9992.16,412600.93
26 Dec 2024,26 Dec 2024,776946,Mobile App MARYAM BEGUM,10505.75,22568.44,227244.6
04 Nov 2024,04 Nov 2024,586247,Mobile App MARYAM BEGUM,5924.39,12843.87,299357.88
01 Nov 2024,01 Nov 2024,601906,Mobile App MARYAM BEGUM,21908.86,14998.03,41064.14
19 Dec 2024,19 Dec 2024,,INET Inter Bank Fund Transfer Charges,17817.98,9590.34,127145.47
27 Nov 2024,27 Nov 2024,,Mobile App MARYAM BEGUM,23945.64,8375.59,35523.31
29 Dec 2024,29 Dec 2024,,Mobile App MARYAM BEGUM,18562.77,10902.34,80693.44
17 Jan 2025,17 Jan 2025,,Raast IBFT to IQRA PARVEEN,8496.25,11483.33,10433.59
28 Nov 2024,28 Nov 2024,766315,Raast IBFT to IQRA PARVEEN,2583.91,12371.51,394721.02
14 Jan 2025,14 Jan 2025,,Mobile App MARYAM BEGUM,8012.97,14163.9,216708.17
16 Jan 2025,16 Jan 2025,,Raast IBFT to IQRA PARVEEN,21961.16,23420.8,399994.25
18 Dec 2024,18 Dec 2024,,Mobile App MARYAM BEGUM,5212.0,13748.14,471670.39
14 Dec 2024,14 Dec 2024,481507,Raast IBFT to IQRA PARVEEN,14992.31,10337.79,371021.24
23 Jan 2025,23 Jan 2025,,INET Inter Bank Fund Transfer Charges,21132.08,11897.18,111407.31
09 Jan 2025,09 Jan 2025,948731,Raast IBFT to OMAR ZAMAN,7328.6,14172.34,168030.02
25 Nov 2024,25 Nov 2024,591263,INET Inter Bank Fund Transfer Charges,10405.01,22482.14,301648.04
02 Nov 2024,02 Nov 2024,,Mobile App MARYAM BEGUM,1188.51,9318.14,105890.18
21 Jan 2025,21 Jan 2025,178444,Raast IBFT to IQRA PARVEEN,8308.66,4216.94,392727.28
27 Nov 2024,27 Nov 2024,,INET Inter Bank Fund Transfer Charges,11852.19,15385.79,460438.01
30 Jan 2025,30 Jan 2025,016953,Raast IBFT to OMAR ZAMAN,1804.91,6660.24,455795.83
11 Nov 2024,11 Nov 2024,630489,Raast IBFT to OMAR ZAMAN,5925.58,2370.86,135589.49
19 Jan 2025,19 Jan 2025,,INET Inter Bank Fund Transfer Charges,19347.79,11996.41,11471.93
25 Nov 2024,25 Nov 2024,154697,Raast IBFT to OMAR ZAMAN,1172.04,21098.3,428942.06
29 Nov 2024,29 Nov 2024,694485,Raast IBFT to OMAR ZAMAN,21769.12,14626.51,47620.98
08 Dec 2024,08 Dec 2024,922173,Mobile App MARYAM BEGUM,17055.3,6902.05,144170.6
28 Dec 2024,28 Dec 2024,327605,Raast IBFT to IQRA PARVEEN,11875.1,14721.62,98771.79
04 Feb 2025,04 Feb 2025,,Raast IBFT to OMAR ZAMAN,15494.94,14102.53,453570.33
06 Feb 2025,06 Feb 2025,774045,INET Inter Bank Fund Transfer Charges,22819.22,6352.81,333559.14
23 Jan 2025,23 Jan 2025,953348,INET Inter Bank Fund Transfer Charges,24758.34,14974.24,410160.12
19 Jan 2025,19 Jan 2025,611464,Mobile App MARYAM BEGUM,18117.34,334.94,74278.13
13 Jan 2025,13 Jan 2025,918930,INET Inter Bank Fund Transfer Charges,23272.06,8402.28,62328.03
30 Dec 2024,30 Dec 2024,579982,Raast IBFT to OMAR ZAMAN,14174.18,6161.66,103817.15
15 Nov 2024,15 Nov 2024,,Mobile App MARYAM BEGUM,21428.82,23271.59,109961.86
01 Feb 2025,01 Feb 2025,,Raast IBFT to OMAR ZAMAN,13496.57,4394.86,146820.85
03 Nov 2024,03 Nov 2024,,Raast IBFT to IQRA PARVEEN,6689.33,21583.71,121871.55
27 Jan 2025,27 Jan 2025,604314,Mobile App MARYAM BEGUM,12034.33,2419.06,124874.43
10 Dec 2024,10 Dec 2024,,Raast IBFT to OMAR ZAMAN,18568.46,2971.09,86895.91
01 Nov 2024,01 Nov 2024,701812,Raast IBFT to IQRA PARVEEN,6283.28,3050.49,211853.32
11 Nov 2024,11 Nov 2024,700044,Raast IBFT to OMAR ZAMAN,24781.52,20515.87,419022.88
29 Nov 2024,29 Nov 2024,,Mobile App MARYAM BEGUM,15942.81,19785.89,177236.01
16 Jan 2025,16 Jan 2025,507259,Raast IBFT to IQRA PARVEEN,13604.06,17828.19,247636.37
12 Nov 2024,12 Nov 2024,,INET Inter Bank Fund Transfer Charges,3760.66,19070.04,141300.04
09 Feb 2025,09 Feb 2025,,INET Inter Bank Fund Transfer Charges,2598.37,14808.16,235930.38
25 Nov 2024,25 Nov 2024,,INET Inter Bank Fund Transfer Charges,15926.35,7689.35,152749.78
01 Jan 2025,01 Jan 2025,,Raast IBFT to IQRA PARVEEN,8177.25,1702.93,237471.04
10 Jan 2025,10 Jan 2025,,INET Inter Bank Fund Transfer Charges,3653.42,22132.76,168453.47
04 Nov 2024,04 Nov 2024,,INET Inter Bank Fund Transfer Charges,19325.98,15870.08,189598.37
30 Nov 2024,30 Nov 2024,,Raast IBFT to OMAR ZAMAN,20316.59,3405.31,165914.68
09 Nov 2024,09 Nov 2024,212383,INET Inter Bank Fund Transfer Charges,8844.73,13288.16,73045.27
16 Jan 2025,16 Jan 2025,,Mobile App MARYAM BEGUM,3278.3,5923.17,125187.99
22 Nov 2024,22 Nov 2024,730432,Raast IBFT to IQRA PARVEEN,23398.38,7238.09,57431.17
23 Nov 2024,23 Nov 2024,,Mobile App MARYAM BEGUM,11770.48,14257.09,427406.41
21 Dec 2024,21 Dec 2024,,Raast IBFT to OMAR ZAMAN,1822.7,19103.58,16680.05
11 Jan 2025,11 Jan 2025,764964,Mobile App MARYAM BEGUM,18555.72,7868.09,124839.18
18 Nov 2024,18 Nov 2024,,Raast IBFT to IQRA PARVEEN,18622.57,16316.7,342992.7
04 Jan 2025,04 Jan 2025,,Raast IBFT to IQRA PARVEEN,11378.17,496.07,468206.39
30 Nov 2024,30 Nov 2024,,Raast IBFT to OMAR ZAMAN,1692.72,6188.62,422456.51
01 Jan 2025,01 Jan 2025,775396,INET Inter Bank Fund Transfer Charges,15075.16,13751.41,51673.97
12 Nov 2024,12 Nov 2024,,Raast IBFT to IQRA PARVEEN,21695.25,2355.04,387526.1
29 Nov 2024,29 Nov 2024,860338,INET Inter Bank Fund Transfer Charges,17104.67,4360.51,72811.17
03 Jan 2025,03 Jan 2025,810625,Raast IBFT to IQRA PARVEEN,16595.0,295.58,448344.15
19 Jan 2025,19 Jan 2025,,Mobile App MARYAM BEGUM,13210.97,18482.86,103643.34
30 Nov 2024,30 Nov 2024,518040,INET Inter Bank Fund Transfer Charges,7796.96,24128.65,55910.49
07 Dec 2024,07 Dec 2024,791813,Raast IBFT to IQRA PARVEEN,1404.72,16170.67,487436.29
10 Jan 2025,10 Jan 2025,519802,INET Inter Bank Fund Transfer Charges,23124.34,11324.54,124897.87
03 Jan 2025,03 Jan 2025,,Mobile App MARYAM BEGUM,18797.48,20040.13,207827.76
16 Dec 2024,16 Dec 2024,156425,INET Inter Bank Fund Transfer Charges,11056.3,15825.39,447615.26
27 Jan 2025,27 Jan 2025,134019,INET Inter Bank Fund Transfer Charges,22677.12,23624.17,358650.99
18 Nov 2024,18 Nov 2024,413021,INET Inter Bank Fund Transfer Charges,16828.93,24051.09,19515.07
29 Dec 2024,29 Dec 2024,178540,INET Inter Bank Fund Transfer Charges,12981.47,10616.01,464831.46
28 Dec 2024,28 Dec 2024,544784,INET Inter Bank Fund Transfer Charges,10975.2,3857.28,490630.49
09 Dec 2024,09 Dec 2024,944059,INET Inter Bank Fund Transfer Charges,9403.1,19058.34,367189.73
18 Jan 2025,18 Jan 2025,,Raast IBFT to IQRA PARVEEN,13581.52,3826.82,235717.49
11 Jan 2025,11 Jan 2025,471332,INET Inter Bank Fund Transfer Charges,21849.56,17650.98,169089.19
13 Dec 2024,13 Dec 2024,,Mobile App MARYAM BEGUM,2763.94,9484.02,499442.1
09 Feb 2025,09 Feb 2025,,Mobile App MARYAM BEGUM,1304.71,18245.01,35641.18
04 Dec 2024,04 Dec 2024,,Raast IBFT to IQRA PARVEEN,18032.91,16846.03,438909.16
10 Dec 2024,10 Dec 2024,189193,Raast IBFT to OMAR ZAMAN,20512.83,6982.44,81733.12
03 Feb 2025,03 Feb 2025,576338,INET Inter Bank Fund Transfer Charges,11954.09,808.88,229574.99
01 Nov 2024,01 Nov 2024,,Raast IBFT to IQRA PARVEEN,1170.46,4466.77,365317.65
15 Dec 2024,15 Dec 2024,,Raast IBFT to IQRA PARVEEN,2220.54,108.78,242158.4
11 Dec 2024,11 Dec 2024,,INET Inter Bank Fund Transfer Charges,19516.66,18680.86,121871.93
05 Jan 2025,05 Jan 2025,,Mobile App MARYAM BEGUM,9840.12,7693.31,257124.81
05 Feb 2025,05 Feb 2025,,Mobile App MARYAM BEGUM,9252.61,4966.01,157033.22
12 Dec 2024,12 Dec 2024,172936,INET Inter Bank Fund Transfer Charges,9620.88,7521.87,309019.75
02 Jan 2025,02 Jan 2025,097338,Raast IBFT to IQRA PARVEEN,8205.08,23813.85,132677.57
28 Jan 2025,28 Jan 2025,,Raast IBFT to OMAR ZAMAN,11277.97,7689.7,226656.77
24 Dec 2024,24 Dec 2024,033272,Raast IBFT to IQRA PARVEEN,12098.35,12740.98,458454.46
07 Jan 2025,07 Jan 2025,464894,Raast IBFT to IQRA PARVEEN,6863.85,7394.93,330796.33
31 Jan 2025,31 Jan 2025,817934,Raast IBFT to IQRA PARVEEN,4846.02,17406.1,426391.58
24 Jan 2025,24 Jan 2025,020865,INET Inter Bank Fund Transfer Charges,20398.12,18129.22,260245.49
05 Nov 2024,05 Nov 2024,105871,Mobile App MARYAM BEGUM,3595.95,22682.82,388636.12
25 Dec 2024,25 Dec 2024,618358,Raast IBFT to IQRA PARVEEN,2055.45,12744.83,374276.34
22 Jan 2025,22 Jan 2025,904569,Raast IBFT to IQRA PARVEEN,12606.74,3327.2,463259.78
07 Dec 2024,07 Dec 2024,890673,INET Inter Bank Fund Transfer Charges,1263.98,5584.8,391600.2
27 Jan 2025,27 Jan 2025,983483,Raast IBFT to IQRA PARVEEN,6173.74,3139.68,481327.41
08 Jan 2025,08 Jan 2025,,INET Inter Bank Fund Transfer Charges,3604.61,18786.52,155708.28
11 Dec 2024,11 Dec 2024,668801,Mobile App MARYAM BEGUM,9769.45,19175.53,158699.36
25 Nov 2024,25 Nov 2024,971641,Raast IBFT to IQRA PARVEEN,14584.03,7537.15,397486.38
06 Dec 2024,06 Dec 2024,,Raast IBFT to OMAR ZAMAN,13678.81,19975.11,488334.65
03 Dec 2024,03 Dec 2024,,Raast IBFT to OMAR ZAMAN,16640.89,13093.14,262833.88
22 Nov 2024,22 Nov 2024,002648,Raast IBFT to OMAR ZAMAN,18422.98,15474.39,83437.73
30 Nov 2024,30 Nov 2024,,Raast IBFT to OMAR ZAMAN,2244.98,10898.47,113257.02
31 Jan 2025,31 Jan 2025,294218,Raast IBFT to OMAR ZAMAN,1215.85,337.74,138323.68
07 Jan 2025,07 Jan 2025,667928,Mobile App MARYAM BEGUM,8331.15,12635.19,252699.19
01 Nov 2024,01 Nov 2024,,Raast IBFT to OMAR ZAMAN,17222.33,3336.15,137405.48
27 Dec 2024,27 Dec 2024,178060,Raast IBFT to OMAR ZAMAN,18490.86,23778.38,450200.31
04 Nov 2024,04 Nov 2024,,INET Inter Bank Fund Transfer Charges,10030.61,22353.26,55317.66
22 Nov 2024,22 Nov 2024,,INET Inter Bank Fund Transfer Charges,14014.67,10630.27,345540.53
16 Dec 2024,16 Dec 2024,347287,Raast IBFT to OMAR ZAMAN,2882.64,2232.73,150239.18
03 Dec 2024,03 Dec 2024,,INET Inter Bank Fund Transfer Charges,21005.09,19294.71,222763.8
01 Dec 2024,01 Dec 2024,447399,INET Inter Bank Fund Transfer Charges,6803.07,9239.75,200322.1
08 Feb 2025,08 Feb 2025,091251,Raast IBFT to IQRA PARVEEN,17730.01,21347.9,45852.62
17 Jan 2025,17 Jan 2025,229434,Raast IBFT to IQRA PARVEEN,14523.56,4805.21,289815.4
02 Nov 2024,02 Nov 2024,,Mobile App MARYAM BEGUM,8808.73,24086.63,467869.61
07 Jan 2025,07 Jan 2025,302212,Raast IBFT to OMAR ZAMAN,14614.46,888.27,13889.12
01 Nov 2024,01 Nov 2024,,Raast IBFT to IQRA PARVEEN,19186.01,4120.39,282877.43
06 Dec 2024,06 Dec 2024,912953,Raast IBFT to OMAR ZAMAN,8175.69,10289.13,15426.54
15 Nov 2024,15 Nov 2024,597526,Mobile App MARYAM BEGUM,16791.19,21902.55,310576.15
30 Nov 2024,30 Nov 2024,030248,Raast IBFT to IQRA PARVEEN,21638.15,5793.34,328847.45
04 Feb 2025,04 Feb 2025,,Raast IBFT to IQRA PARVEEN,11391.0,9006.34,199904.4
07 Feb 2025,07 Feb 2025,,Raast IBFT to IQRA PARVEEN,14004.35,7440.79,157271.57
30 Dec 2024,30 Dec 2024,695077,Raast IBFT to OMAR ZAMAN,9987.0,19566.73,262303.27
04 Jan 2025,04 Jan 2025,,INET Inter Bank Fund Transfer Charges,18050.88,9455.47,423229.13
29 Jan 2025,29 Jan 2025,,Raast IBFT to IQRA PARVEEN,3997.08,2849.74,386498.68
11 Jan 2025,11 Jan 2025,167986,Mobile App MARYAM BEGUM,13891.21,1607.79,384400.66
26 Dec 2024,26 Dec 2024,,Mobile App MARYAM BEGUM,21018.69,3887.37,407547.68
09 Nov 2024,09 Nov 2024,,Mobile App MARYAM BEGUM,2985.97,20836.05,60817.54
02 Dec 2024,02 Dec 2024,995083,Raast IBFT to OMAR ZAMAN,21786.73,11094.49,40720.83
20 Jan 2025,20 Jan 2025,629297,Raast IBFT to OMAR ZAMAN,23482.02,14912.76,252065.06
31 Dec 2024,31 Dec 2024,382785,Raast IBFT to OMAR ZAMAN,2792.26,4779.46,58420.82
14 Dec 2024,14 Dec 2024,,Raast IBFT to OMAR ZAMAN,5613.28,5037.73,297332.9
28 Nov 2024,28 Nov 2024,,Raast IBFT to IQRA PARVEEN,24229.16,13739.61,110538.27
09 Dec 2024,09 Dec 2024,990119,INET Inter Bank Fund Transfer Charges,21556.35,17165.43,308911.3
10 Dec 2024,10 Dec 2024,198720,INET Inter Bank Fund Transfer Charges,17439.98,24302.83,480740.59
03 Feb 2025,03 Feb 2025,798001,Raast IBFT to OMAR ZAMAN,21831.5,7176.93,470393.58
02 Jan 2025,02 Jan 2025,,INET Inter Bank Fund Transfer Charges,4892.27,8827.06,352828.65
26 Dec 2024,26 Dec 2024,,Mobile App MARYAM BEGUM,24326.78,12655.38,399302.95
22 Dec 2024,22 Dec 2024,582036,Raast IBFT to IQRA PARVEEN,22366.34,9152.88,289393.71
28 Jan 2025,28 Jan 2025,,Mobile App MARYAM BEGUM,4030.11,8344.65,13125.0
08 Feb 2025,08 Feb 2025,883904,Mobile App MARYAM BEGUM,12459.64,15852.97,10839.26
21 Dec 2024,21 Dec 2024,,Mobile App MARYAM BEGUM,4868.31,14256.57,364325.67
22 Dec 2024,22 Dec 2024,353027,Mobile App MARYAM BEGUM,4797.02,11523.27,279301.93
01 Nov 2024,01 Nov 2024,766664,Raast IBFT to IQRA PARVEEN,21215.91,18921.99,154250.66
30 Jan 2025,30 Jan 2025,552793,INET Inter Bank Fund Transfer Charges,24600.95,21989.32,214976.16
25 Dec 2024,25 Dec 2024,985366,Raast IBFT to IQRA PARVEEN,6181.3,19944.92,147957.95
19 Dec 2024,19 Dec 2024,,INET Inter Bank Fund Transfer Charges,7375.13,7232.22,216625.19
18 Nov 2024,18 Nov 2024,,Raast IBFT to IQRA PARVEEN,20811.54,5479.98,396774.82
05 Jan 2025,05 Jan 2025,647413,Raast IBFT to IQRA PARVEEN,11593.84,10739.48,87931.04
08 Jan 2025,08 Jan 2025,,Raast IBFT to OMAR ZAMAN,2317.23,19906.07,497301.83
26 Dec 2024,26 Dec 2024,101385,Raast IBFT to OMAR ZAMAN,23787.55,24431.75,23758.03
20 Nov 2024,20 Nov 2024,197026,INET Inter Bank Fund Transfer Charges,13536.29,8568.94,420331.39
18 Dec 2024,18 Dec 2024,,Raast IBFT to IQRA PARVEEN,20953.04,20932.5,78619.31
27 Nov 2024,27 Nov 2024,137681,Raast IBFT to IQRA PARVEEN,4078.55,20777.58,305195.12
27 Nov 2024,27 Nov 2024,,Mobile App MARYAM BEGUM,18334.0,1071.62,285204.48
12 Jan 2025,12 Jan 2025,441134,Raast IBFT to IQRA PARVEEN,16355.18,16877.21,66472.66
23 Dec 2024,23 Dec 2024,340402,Raast IBFT to OMAR ZAMAN,19410.45,6748.95,483302.97
24 Jan 2025,24 Jan 2025,,Mobile App MARYAM BEGUM,18278.81,14296.29,369361.71
05 Feb 2025,05 Feb 2025,,Raast IBFT to OMAR ZAMAN,2518.16,7129.92,305546.54
11 Jan 2025,11 Jan 2025,,Raast IBFT to IQRA PARVEEN,8607.2,5689.51,47586.59
09 Jan 2025,09 Jan 2025,,INET Inter Bank Fund Transfer Charges,4082.69,13965.41,186646.51
06 Feb 2025,06 Feb 2025,,INET Inter Bank Fund Transfer Charges,23688.46,6575.65,251821.31
06 Feb 2025,06 Feb 2025,271226,INET Inter Bank Fund Transfer Charges,3510.58,2558.55,394783.88
24 Jan 2025,24 Jan 2025,,Raast IBFT to IQRA PARVEEN,15663.96,5027.26,461160.18
02 Dec 2024,02 Dec 2024,753149,INET Inter Bank Fund Transfer Charges,12875.9,5054.38,68607.44
01 Feb 2025,01 Feb 2025,,Mobile App MARYAM BEGUM,21670.67,1780.35,271652.97
05 Dec 2024,05 Dec 2024,055219,Raast IBFT to OMAR ZAMAN,5119.39,23541.33,249034.84
09 Nov 2024,09 Nov 2024,,Raast IBFT to OMAR ZAMAN,8555.45,7392.32,305819.78
28 Dec 2024,28 Dec 2024,,INET Inter Bank Fund Transfer Charges,12784.57,19858.45,333155.95
13 Nov 2024,13 Nov 2024,,Raast IBFT to OMAR ZAMAN,10903.14,9549.62,413843.49
21 Jan 2025,21 Jan 2025,267278,INET Inter Bank Fund Transfer Charges,16554.2,19177.72,485224.28
07 Nov 2024,07 Nov 2024,,Raast IBFT to OMAR ZAMAN,16058.83,22839.91,204469.09
04 Nov 2024,04 Nov 2024,,Mobile App MARYAM BEGUM,21772.95,4613.16,164298.89
07 Nov 2024,07 Nov 2024,,Raast IBFT to OMAR ZAMAN,1288.55,24380.27,264670.66
07 Jan 2025,07 Jan 2025,486049,Raast IBFT to OMAR ZAMAN,17257.75,9877.44,269951.32
02 Jan 2025,02 Jan 2025,696294,Mobile App MARYAM BEGUM,23625.54,806.48,326203.72
30 Jan 2025,30 Jan 2025,,INET Inter Bank Fund Transfer Charges,19131.66,6040.71,240385.52
01 Jan 2025,01 Jan 2025,170525,INET Inter Bank Fund Transfer Charges,11971.59,10336.25,146061.41
04 Jan 2025,04 Jan 2025,109172,INET Inter Bank Fund Transfer Charges,13230.62,8939.84,247327.45
14 Jan 2025,14 Jan 2025,965528,INET Inter Bank Fund Transfer Charges,19062.86,9709.88,281677.89
02 Jan 2025,02 Jan 2025,,INET Inter Bank Fund Transfer Charges,11071.71,12752.16,220444.59
04 Feb 2025,04 Feb 2025,,Raast IBFT to OMAR ZAMAN,24302.8,10602.95,320592.74
08 Jan 2025,08 Jan 2025,,Raast IBFT to OMAR ZAMAN,6625.68,11230.54,339835.58
09 Dec 2024,09 Dec 2024,584551,INET Inter Bank Fund Transfer Charges,23015.4,16901.72,116572.57
06 Dec 2024,06 Dec 2024,,Raast IBFT to OMAR ZAMAN,22633.73,11315.72,242215.62
04 Jan 2025,04 Jan 2025,132788,Mobile App MARYAM BEGUM,8863.99,14942.92,339209.28
28 Dec 2024,28 Dec 2024,,Raast IBFT to OMAR ZAMAN,7844.7,20377.56,211083.0
16 Nov 2024,16 Nov 2024,,INET Inter Bank Fund Transfer Charges,8037.47,5418.51,13841.63
23 Dec 2024,23 Dec 2024,,Raast IBFT to OMAR ZAMAN,8209.75,963.21,212442.34
03 Dec 2024,03 Dec 2024,,Raast IBFT to IQRA PARVEEN,10088.91,12378.8,462847.49
23 Jan 2025,23 Jan 2025,,Raast IBFT to OMAR ZAMAN,1003.06,9593.96,361019.89
28 Dec 2024,28 Dec 2024,553764,Mobile App MARYAM BEGUM,24463.22,2809.37,376342.25
20 Dec 2024,20 Dec 2024,308803,Raast IBFT to IQRA PARVEEN,2633.39,3258.0,477045.23
02 Jan 2025,02 Jan 2025,686940,Raast IBFT to IQRA PARVEEN,2708.0,5382.0,397668.57
03 Nov 2024,03 Nov 2024,418888,Mobile App MARYAM BEGUM,16546.74,12826.09,16637.1
27 Dec 2024,27 Dec 2024,,Raast IBFT to OMAR ZAMAN,1497.23,7929.33,281755.22
01 Feb 2025,01 Feb 2025,033408,INET Inter Bank Fund Transfer Charges,12845.76,8249.24,387657.4
01 Jan 2025,01 Jan 2025,,Raast IBFT to IQRA PARVEEN,11529.65,12797.95,352602.3
12 Dec 2024,12 Dec 2024,,INET Inter Bank Fund Transfer Charges,15323.88,19141.53,377085.93
25 Nov 2024,25 Nov 2024,992677,Mobile App MARYAM BEGUM,6331.99,10490.29,152565.32
23 Nov 2024,23 Nov 2024,,INET Inter Bank Fund Transfer Charges,24325.53,11018.84,463107.29
24 Jan 2025,24 Jan 2025,677185,Mobile App MARYAM BEGUM,8230.38,16260.83,298727.77
01 Feb 2025,01 Feb 2025,,Mobile App MARYAM BEGUM,22150.15,12135.75,272223.48
03 Jan 2025,03 Jan 2025,,INET Inter Bank Fund Transfer Charges,7618.71,21308.22,170558.59
01 Feb 2025,01 Feb 2025,,INET Inter Bank Fund Transfer Charges,4212.06,20064.68,341919.05
21 Nov 2024,21 Nov 2024,,INET Inter Bank Fund Transfer Charges,24880.88,23871.85,419099.32
15 Nov 2024,15 Nov 2024,028606,Raast IBFT to OMAR ZAMAN,3082.13,6093.82,209429.73
04 Dec 2024,04 Dec 2024,897864,Raast IBFT to IQRA PARVEEN,23174.82,7292.6,309287.95
26 Dec 2024,26 Dec 2024,692432,Mobile App MARYAM BEGUM,6833.26,21920.48,435940.61
23 Dec 2024,23 Dec 2024,,Mobile App MARYAM BEGUM,4244.64,11501.36,164407.7
11 Dec 2024,11 Dec 2024,,INET Inter Bank Fund Transfer Charges,21209.15,18561.27,75864.85
02 Jan 2025,02 Jan 2025,705598,Mobile App MARYAM BEGUM,21782.76,10428.99,348076.11
10 Nov 2024,10 Nov 2024,932028,Raast IBFT to IQRA PARVEEN,8492.2,9310.23,414242.63
25 Nov 2024,25 Nov 2024,815924,Raast IBFT to OMAR ZAMAN,1953.45,6835.24,181449.09
30 Dec 2024,30 Dec 2024,634413,Raast IBFT to IQRA PARVEEN,12259.4,11138.47,360039.43
18 Jan 2025,18 Jan 2025,521542,Raast IBFT to OMAR ZAMAN,19959.23,24027.15,361999.55
24 Nov 2024,24 Nov 2024,,Raast IBFT to IQRA PARVEEN,8602.98,14829.0,398475.52
19 Dec 2024,19 Dec 2024,871995,Raast IBFT to IQRA PARVEEN,23646.67,21900.04,248380.56
13 Jan 2025,13 Jan 2025,,Raast IBFT to IQRA PARVEEN,11768.2,10467.36,268034.58
31 Dec 2024,31 Dec 2024,826955,Raast IBFT to OMAR ZAMAN,9797.66,8073.16,188793.38
10 Nov 2024,10 Nov 2024,,Mobile App MARYAM BEGUM,4507.81,15913.58,391093.84
12 Nov 2024,12 Nov 2024,918185,INET Inter Bank Fund Transfer Charges,13984.77,21062.72,190537.76
05 Nov 2024,05 Nov 2024,,Raast IBFT to IQRA PARVEEN,23495.24,1910.82,305853.92
30 Nov 2024,30 Nov 2024,,Raast IBFT to OMAR ZAMAN,4028.11,813.53,339790.62
20 Dec 2024,20 Dec 2024,622883,Mobile App MARYAM BEGUM,10658.13,2531.57,70908.44
14 Jan 2025,14 Jan 2025,,Raast IBFT to OMAR ZAMAN,1435.16,22696.35,188887.63
10 Dec 2024,10 Dec 2024,166206,INET Inter Bank Fund Transfer Charges,15036.47,6272.99,362269.71
09 Jan 2025,09 Jan 2025,,Raast IBFT to OMAR ZAMAN,9217.17,8043.96,165711.55
29 Dec 2024,29 Dec 2024,,Raast IBFT to OMAR ZAMAN,10969.81,24780.73,41372.19
18 Dec 2024,18 Dec 2024,918447,Mobile App MARYAM BEGUM,16075.71,8109.41,149872.07
17 Jan 2025,17 Jan 2025,,Mobile App MARYAM BEGUM,23893.61,15605.13,306171.3
03 Nov 2024,03 Nov 2024,748094,Raast IBFT to OMAR ZAMAN,2389.25,1470.17,359648.6
27 Jan 2025,27 Jan 2025,008531,INET Inter Bank Fund Transfer Charges,14527.31,5449.11,216130.07
24 Jan 2025,24 Jan 2025,,INET Inter Bank Fund Transfer Charges,7311.99,20762.34,467675.75
07 Nov 2024,07 Nov 2024,,Raast IBFT to IQRA PARVEEN,10717.38,18356.65,291367.55
14 Jan 2025,14 Jan 2025,,Raast IBFT to OMAR ZAMAN,24972.93,16228.47,451682.14
17 Nov 2024,17 Nov 2024,,Mobile App MARYAM BEGUM,21916.34,12108.35,396317.93
25 Dec 2024,25 Dec 2024,,Raast IBFT to IQRA PARVEEN,17536.34,22160.62,345915.94
19 Jan 2025,19 Jan 2025,295455,INET Inter Bank Fund Transfer Charges,13176.37,21176.17,201531.99
26 Nov 2024,26 Nov 2024,,Raast IBFT to IQRA PARVEEN,7704.79,11986.51,485226.35
23 Nov 2024,23 Nov 2024,154292,INET Inter Bank Fund Transfer Charges,13294.56,10398.04,397444.82
16 Jan 2025,16 Jan 2025,,Mobile App MARYAM BEGUM,17321.41,7959.81,39292.98
04 Feb 2025,04 Feb 2025,,Raast IBFT to IQRA PARVEEN,12550.73,20349.71,116573.4
20 Nov 2024,20 Nov 2024,,Raast IBFT to IQRA PARVEEN,16202.59,20455.21,418081.91
20 Dec 2024,20 Dec 2024,,Raast IBFT to IQRA PARVEEN,14267.59,19611.8,425186.22
28 Nov 2024,28 Nov 2024,980358,INET Inter Bank Fund Transfer Charges,22917.67,7157.54,129300.04
18 Nov 2024,18 Nov 2024,232400,Raast IBFT to OMAR ZAMAN,14318.28,16553.3,16691.36
23 Jan 2025,23 Jan 2025,,Raast IBFT to IQRA PARVEEN,10263.31,8724.85,243185.89
18 Dec 2024,18 Dec 2024,,Raast IBFT to IQRA PARVEEN,7499.24,19634.55,485151.0
20 Nov 2024,20 Nov 2024,538922,Raast IBFT to IQRA PARVEEN,17861.43,20651.71,57959.33
16 Jan 2025,16 Jan 2025,271766,Raast IBFT to IQRA PARVEEN,23820.93,2150.73,198211.78
21 Dec 2024,21 Dec 2024,476961,INET Inter Bank Fund Transfer Charges,17201.7,12264.97,188496.92
13 Dec 2024,13 Dec 2024,618174,INET Inter Bank Fund Transfer Charges,9673.13,2073.01,98322.19
21 Nov 2024,21 Nov 2024,,Raast IBFT to OMAR ZAMAN,2333.19,20410.0,99552.22
02 Feb 2025,02 Feb 2025,640446,Raast IBFT to IQRA PARVEEN,6085.88,12746.96,419565.67
22 Jan 2025,22 Jan 2025,408687,Raast IBFT to OMAR ZAMAN,24817.61,12664.91,205911.21
25 Nov 2024,25 Nov 2024,,INET Inter Bank Fund Transfer Charges,6954.4,9810.09,400264.88
25 Dec 2024,25 Dec 2024,,INET Inter Bank Fund Transfer Charges,19631.6,2460.69,209983.5
14 Nov 2024,14 Nov 2024,033613,Raast IBFT to OMAR ZAMAN,3117.29,5830.26,335418.27
02 Feb 2025,02 Feb 2025,,Raast IBFT to OMAR ZAMAN,1862.87,24888.08,202802.67
10 Nov 2024,10 Nov 2024,,Mobile App MARYAM BEGUM,15803.91,21188.35,242878.77
26 Dec 2024,26 Dec 2024,073028,INET Inter Bank Fund Transfer Charges,17680.45,452.24,111180.18
07 Feb 2025,07 Feb 2025,,Raast IBFT to IQRA PARVEEN,17001.39,19075.04,96079.57
26 Nov 2024,26 Nov 2024,355560,Raast IBFT to IQRA PARVEEN,22809.82,8578.65,396776.87
02 Feb 2025,02 Feb 2025,,Raast IBFT to IQRA PARVEEN,18298.16,4122.91,310571.44
19 Jan 2025,19 Jan 2025,,Raast IBFT to IQRA PARVEEN,11548.29,8591.85,442269.7
19 Jan 2025,19 Jan 2025,,Mobile App MARYAM BEGUM,8787.98,19890.71,106214.46
16 Jan 2025,16 Jan 2025,776483,Mobile App MARYAM BEGUM,24272.34,2303.31,45649.26
28 Nov 2024,28 Nov 2024,,Raast IBFT to IQRA PARVEEN,12350.14,7880.79,490897.87
08 Dec 2024,08 Dec 2024,126410,Mobile App MARYAM BEGUM,2069.33,24323.19,173932.75
29 Nov 2024,29 Nov 2024,130236,Mobile App MARYAM BEGUM,10051.42,21090.06,292582.23
05 Nov 2024,05 Nov 2024,,Raast IBFT to IQRA PARVEEN,17703.23,7934.71,440332.38
23 Dec 2024,23 Dec 2024,,Raast IBFT to OMAR ZAMAN,11068.09,15642.67,310619.33
06 Dec 2024,06 Dec 2024,895321,Raast IBFT to IQRA PARVEEN,23827.65,2199.97,138372.71
04 Nov 2024,04 Nov 2024,957201,Mobile App MARYAM BEGUM,22713.22,15755.06,75287.32
06 Dec 2024,06 Dec 2024,562709,Raast IBFT to OMAR ZAMAN,23500.7,9917.56,134418.5
03 Nov 2024,03 Nov 2024,111004,INET Inter Bank Fund Transfer Charges,11874.37,3257.76,161142.42
02 Feb 2025,02 Feb 2025,773107,Raast IBFT to OMAR ZAMAN,20853.3,4363.25,45930.3
01 Jan 2025,01 Jan 2025,023068,INET Inter Bank Fund Transfer Charges,14234.97,13134.38,158074.82
29 Jan 2025,29 Jan 2025,928639,INET Inter Bank Fund Transfer Charges,23142.72,6003.06,304115.86
14 Dec 2024,14 Dec 2024,,Mobile App MARYAM BEGUM,3980.14,13343.25,308691.39
27 Jan 2025,27 Jan 2025,242231,Raast IBFT to IQRA PARVEEN,13087.84,20819.35,130843.2
07 Nov 2024,07 Nov 2024,946173,Raast IBFT to IQRA PARVEEN,15901.16,7813.62,22402.54
25 Nov 2024,25 Nov 2024,061171,INET Inter Bank Fund Transfer Charges,3900.16,1297.71,462927.16
23 Jan 2025,23 Jan 2025,904596,INET Inter Bank Fund Transfer Charges,22721.65,17928.81,385321.88
11 Nov 2024,11 Nov 2024,770538,Raast IBFT to IQRA PARVEEN,24890.8,1566.08,95707.01
20 Jan 2025,20 Jan 2025,610126,INET Inter Bank Fund Transfer Charges,4073.17,22678.58,489320.62
08 Nov 2024,08 Nov 2024,525659,INET Inter Bank Fund Transfer Charges,21265.6,15639.69,291454.88
19 Dec 2024,19 Dec 2024,935618,INET Inter Bank Fund Transfer Charges,24139.96,22746.98,208472.89
23 Nov 2024,23 Nov 2024,,Raast IBFT to IQRA PARVEEN,17227.92,22334.41,54199.4
20 Nov 2024,20 Nov 2024,,Raast IBFT to IQRA PARVEEN,3685.2,3654.13,272088.56
29 Dec 2024,29 Dec 2024,,Mobile App MARYAM BEGUM,9495.45,622.35,353435.54
27 Jan 2025,27 Jan 2025,,Raast IBFT to IQRA PARVEEN,22087.82,10549.0,210082.68
18 Dec 2024,18 Dec 2024,,Raast IBFT to IQRA PARVEEN,18369.42,10613.97,425598.97
01 Nov 2024,01 Nov 2024,,Raast IBFT to OMAR ZAMAN,20420.38,19287.07,416077.02
13 Nov 2024,13 Nov 2024,,Raast IBFT to IQRA PARVEEN,19274.4,17980.8,442092.97
19 Nov 2024,19 Nov 2024,883254,INET Inter Bank Fund Transfer Charges,11954.14,1464.09,169195.23
06 Feb 2025,06 Feb 2025,,Raast IBFT to OMAR ZAMAN,20649.79,14668.27,20049.58
14 Nov 2024,14 Nov 2024,,Raast IBFT to OMAR ZAMAN,10610.68,24147.66,154771.51
24 Dec 2024,24 Dec 2024,,Raast IBFT to IQRA PARVEEN,19659.49,3623.43,377586.29
18 Jan 2025,18 Jan 2025,,Raast IBFT to IQRA PARVEEN,18246.94,10558.24,20250.2
28 Nov 2024,28 Nov 2024,,INET Inter Bank Fund Transfer Charges,20286.88,21082.54,153179.45
30 Jan 2025,30 Jan 2025,,Mobile App MARYAM BEGUM,12328.99,22418.79,278814.28
17 Nov 2024,17 Nov 2024,144340,Mobile App MARYAM BEGUM,1796.8,10144.28,235712.77
13 Dec 2024,13 Dec 2024,403335,Mobile App MARYAM BEGUM,15461.49,18587.78,245814.59
27 Dec 2024,27 Dec 2024,308922,INET Inter Bank Fund Transfer Charges,3082.43,9394.15,326429.78
01 Jan 2025,01 Jan 2025,161445,INET Inter Bank Fund Transfer Charges,16896.1,14846.32,235659.44
10 Dec 2024,10 Dec 2024,999592,Mobile App MARYAM BEGUM,7450.84,9977.75,277844.58
01 Dec 2024,01 Dec 2024,,INET Inter Bank Fund Transfer Charges,9396.96,23057.23,219516.08
27 Jan 2025,27 Jan 2025,,Raast IBFT to OMAR ZAMAN,9765.94,14209.21,293130.21
08 Dec 2024,08 Dec 2024,563957,Raast IBFT to OMAR ZAMAN,14452.55,12705.01,375828.09
29 Jan 2025,29 Jan 2025,550325,INET Inter Bank Fund Transfer Charges,16769.41,19202.99,331029.85
04 Dec 2024,04 Dec 2024,379397,Raast IBFT to OMAR ZAMAN,4579.44,3883.84,184208.95
25 Jan 2025,25 Jan 2025,581143,Raast IBFT to IQRA PARVEEN,18593.74,21767.52,122249.67
07 Dec 2024,07 Dec 2024,587484,Raast IBFT to OMAR ZAMAN,11432.0,23488.38,236702.53
04 Jan 2025,04 Jan 2025,,Raast IBFT to OMAR ZAMAN,15847.99,19774.63,252214.81
06 Jan 2025,06 Jan 2025,420865,Raast IBFT to IQRA PARVEEN,1143.87,23492.88,222197.24
13 Dec 2024,13 Dec 2024,332370,INET Inter Bank Fund Transfer Charges,9270.61,15458.5,89908.9
30 Jan 2025,30 Jan 2025,092832,INET Inter Bank Fund Transfer Charges,24405.32,14389.7,267435.15
14 Jan 2025,14 Jan 2025,634960,Raast IBFT to IQRA PARVEEN,24341.29,17628.44,57002.15
14 Dec 2024,14 Dec 2024,,Raast IBFT to OMAR ZAMAN,5899.19,12238.58,313980.31
23 Nov 2024,23 Nov 2024,133762,Raast IBFT to OMAR ZAMAN,5702.9,596.27,415009.73
24 Dec 2024,24 Dec 2024,173562,Raast IBFT to OMAR ZAMAN,24205.16,18819.28,410333.88
12 Dec 2024,12 Dec 2024,265934,INET Inter Bank Fund Transfer Charges,20706.77,13508.21,225411.01
28 Dec 2024,28 Dec 2024,,Raast IBFT to IQRA PARVEEN,5704.84,7105.12,228800.57
24 Dec 2024,24 Dec 2024,942909,INET Inter Bank Fund Transfer Charges,15385.48,21612.13,354116.56
09 Jan 2025,09 Jan 2025,,INET Inter Bank Fund Transfer Charges,11420.47,9368.41,98656.25
16 Nov 2024,16 Nov 2024,,Raast IBFT to IQRA PARVEEN,3938.07,2865.33,352911.95
24 Nov 2024,24 Nov 2024,017468,Raast IBFT to IQRA PARVEEN,23441.73,16191.39,402044.71
16 Jan 2025,16 Jan 2025,864305,Mobile App MARYAM BEGUM,16168.38,19657.99,225405.16
21 Nov 2024,21 Nov 2024,947266,Raast IBFT to IQRA PARVEEN,13334.01,4893.7,34457.38
08 Nov 2024,08 Nov 2024,,Mobile App MARYAM BEGUM,14911.89,703.48,146241.47
29 Dec 2024,29 Dec 2024,467623,Raast IBFT to IQRA PARVEEN,8157.97,12303.94,414882.85
28 Nov 2024,28 Nov 2024,,INET Inter Bank Fund Transfer Charges,23047.76,13427.6,184336.79
08 Feb 2025,08 Feb 2025,,INET Inter Bank Fund Transfer Charges,16528.38,243.13,426735.94
14 Nov 2024,14 Nov 2024,167954,Mobile App MARYAM BEGUM,12907.58,4995.49,464813.64
05 Feb 2025,05 Feb 2025,799994,Raast IBFT to IQRA PARVEEN,3356.68,16115.32,49567.78
10 Dec 2024,10 Dec 2024,442865,Raast IBFT to OMAR ZAMAN,2965.24,10334.22,483063.24
07 Nov 2024,07 Nov 2024,033814,INET Inter Bank Fund Transfer Charges,11246.68,18191.44,188537.02
22 Nov 2024,22 Nov 2024,367308,Raast IBFT to OMAR ZAMAN,14445.61,24444.27,230470.81
01 Feb 2025,01 Feb 2025,,INET Inter Bank Fund Transfer Charges,11084.42,17938.46,169032.03
21 Nov 2024,21 Nov 2024,,Raast IBFT to IQRA PARVEEN,11825.1,14214.6,306139.71
07 Jan 2025,07 Jan 2025,088922,Raast IBFT to IQRA PARVEEN,3482.96,5675.74,483718.25
23 Nov 2024,23 Nov 2024,,Mobile App MARYAM BEGUM,3485.84,3350.41,383800.12
27 Dec 2024,27 Dec 2024,538852,Raast IBFT to IQRA PARVEEN,9246.94,606.08,278137.99
03 Nov 2024,03 Nov 2024,,Raast IBFT to IQRA PARVEEN,19193.58,11694.73,168591.52
04 Nov 2024,04 Nov 2024,186199,Raast IBFT to IQRA PARVEEN,16425.96,18423.63,147107.94
07 Jan 2025,07 Jan 2025,373669,Raast IBFT to IQRA PARVEEN,16549.72,19073.76,499063.65
19 Jan 2025,19 Jan 2025,,Mobile App MARYAM BEGUM,2012.61,21133.05,203234.82
12 Nov 2024,12 Nov 2024,,Raast IBFT to OMAR ZAMAN,4406.88,23561.63,114220.04
15 Nov 2024,15 Nov 2024,694260,Raast IBFT to OMAR ZAMAN,20456.51,11872.86,256336.99
23 Nov 2024,23 Nov 2024,,Raast IBFT to OMAR ZAMAN,16103.0,11477.77,389558.56
13 Nov 2024,13 Nov 2024,,Mobile App MARYAM BEGUM,8744.56,2641.34,93855.3
20 Dec 2024,20 Dec 2024,,Raast IBFT to OMAR ZAMAN,1935.51,9333.16,22591.88
07 Nov 2024,07 Nov 2024,197093,INET Inter Bank Fund Transfer Charges,22073.32,23410.28,398607.8
28 Jan 2025,28 Jan 2025,,Raast IBFT to OMAR ZAMAN,11688.65,18328.04,295124.81
20 Nov 2024,20 Nov 2024,960836,Raast IBFT to IQRA PARVEEN,11252.57,17573.49,416139.63
24 Dec 2024,24 Dec 2024,419602,Raast IBFT to IQRA PARVEEN,1183.99,9913.75,467484.3
06 Jan 2025,06 Jan 2025,351059,Raast IBFT to IQRA PARVEEN,5875.65,21468.05,125528.29
22 Dec 2024,22 Dec 2024,026345,Mobile App MARYAM BEGUM,8271.12,23838.38,394128.33
17 Dec 2024,17 Dec 2024,,Raast IBFT to IQRA PARVEEN,11688.84,16898.5,275964.98
04 Feb 2025,04 Feb 2025,,Raast IBFT to OMAR ZAMAN,3046.48,5167.41,337529.99
28 Jan 2025,28 Jan 2025,604954,Mobile App MARYAM BEGUM,13846.5,8515.51,278419.87
20 Jan 2025,20 Jan 2025,,INET Inter Bank Fund Transfer Charges,18361.95,21211.47,346089.04
23 Nov 2024,23 Nov 2024,501885,INET Inter Bank Fund Transfer Charges,6156.53,2322.1,154888.68
18 Dec 2024,18 Dec 2024,,Raast IBFT to IQRA PARVEEN,14779.75,22407.22,36351.48
12 Jan 2025,12 Jan 2025,657868,Mobile App MARYAM BEGUM,7358.59,19075.75,428714.02
25 Dec 2024,25 Dec 2024,,Raast IBFT to IQRA PARVEEN,22807.91,24726.33,321756.31
29 Dec 2024,29 Dec 2024,009560,Mobile App MARYAM BEGUM,1545.38,13528.82,87633.71
24 Jan 2025,24 Jan 2025,140328,Raast IBFT to OMAR ZAMAN,2742.58,12078.24,105901.92
16 Dec 2024,16 Dec 2024,,Mobile App MARYAM BEGUM,4762.19,8519.57,266569.61
06 Feb 2025,06 Feb 2025,619517,Mobile App MARYAM BEGUM,10648.02,17553.24,192717.91
01 Feb 2025,01 Feb 2025,667023,Mobile App MARYAM BEGUM,14138.99,5427.83,488179.16
17 Jan 2025,17 Jan 2025,938420,Raast IBFT to IQRA PARVEEN,6919.08,1738.89,237756.04
01 Nov 2024,01 Nov 2024,013684,Raast IBFT to OMAR ZAMAN,12533.09,21113.85,482842.26
05 Dec 2024,05 Dec 2024,792990,Raast IBFT to OMAR ZAMAN,9360.52,1972.6,474872.0
04 Feb 2025,04 Feb 2025,006319,Mobile App MARYAM BEGUM,9812.0,6961.7,114260.54
12 Nov 2024,12 Nov 2024,807604,Raast IBFT to OMAR ZAMAN,10952.73,24366.03,252868.11
07 Jan 2025,07 Jan 2025,,Mobile App MARYAM BEGUM,19333.95,1078.52,111344.38
17 Dec 2024,17 Dec 2024,669410,Raast IBFT to IQRA PARVEEN,24441.32,7399.74,64482.2
19 Dec 2024,19 Dec 2024,413096,Raast IBFT to IQRA PARVEEN,9047.94,16892.97,470458.58
04 Nov 2024,04 Nov 2024,,Raast IBFT to OMAR ZAMAN,12749.81,22130.43,55410.49
07 Feb 2025,07 Feb 2025,,Raast IBFT to OMAR ZAMAN,17439.82,13284.83,494186.79
08 Feb 2025,08 Feb 2025,384349,Raast IBFT to OMAR ZAMAN,6377.73,9758.87,396191.94
09 Feb 2025,09 Feb 2025,083280,INET Inter Bank Fund Transfer Charges,13631.02,24155.46,396058.7
02 Nov 2024,02 Nov 2024,,INET Inter Bank Fund Transfer Charges,12675.04,11731.49,13025.47
26 Dec 2024,26 Dec 2024,,INET Inter Bank Fund Transfer Charges,9392.68,15197.53,314217.33
12 Nov 2024,12 Nov 2024,,Raast IBFT to OMAR ZAMAN,2345.19,23368.41,273855.39
02 Feb 2025,02 Feb 2025,,Raast IBFT to OMAR ZAMAN,12514.33,322.09,72812.16
11 Jan 2025,11 Jan 2025,973068,INET Inter Bank Fund Transfer Charges,7738.96,587.07,284008.21
02 Jan 2025,02 Jan 2025,,Raast IBFT to IQRA PARVEEN,11771.97,801.17,455328.87
22 Jan 2025,22 Jan 2025,602204,Raast IBFT to IQRA PARVEEN,16860.79,21461.78,129881.64
09 Nov 2024,09 Nov 2024,273844,Mobile App MARYAM BEGUM,2542.58,10440.89,459026.81
08 Feb 2025,08 Feb 2025,,Raast IBFT to IQRA PARVEEN,11690.62,22659.03,466119.19
18 Nov 2024,18 Nov 2024,937127,INET Inter Bank Fund Transfer Charges,14078.03,14133.18,165401.82
14 Jan 2025,14 Jan 2025,,Raast IBFT to IQRA PARVEEN,19532.62,8080.25,232426.85
07 Jan 2025,07 Jan 2025,251665,Mobile App MARYAM BEGUM,15377.63,8664.64,269449.93
08 Dec 2024,08 Dec 2024,339079,Raast IBFT to OMAR ZAMAN,16483.93,19601.8,230883.78
09 Dec 2024,09 Dec 2024,829352,Raast IBFT to IQRA PARVEEN,6430.09,7477.42,385175.14
02 Feb 2025,02 Feb 2025,,Raast IBFT to OMAR ZAMAN,14124.28,14507.38,95160.3
10 Dec 2024,10 Dec 2024,594031,Raast IBFT to OMAR ZAMAN,2128.97,12955.15,384413.89
03 Jan 2025,03 Jan 2025,412931,Raast IBFT to OMAR ZAMAN,9251.24,7773.36,352531.6
30 Dec 2024,30 Dec 2024,,Mobile App MARYAM BEGUM,15680.35,10963.49,105103.86
26 Jan 2025,26 Jan 2025,997633,Raast IBFT to IQRA PARVEEN,15820.33,16157.05,12573.64
24 Nov 2024,24 Nov 2024,263424,Raast IBFT to IQRA PARVEEN,11819.84,24472.87,53806.89
29 Nov 2024,29 Nov 2024,,Raast IBFT to IQRA PARVEEN,8955.28,14157.87,97965.15
09 Jan 2025,09 Jan 2025,,Raast IBFT to IQRA PARVEEN,2214.34,11097.15,68298.23
31 Dec 2024,31 Dec 2024,,Mobile App MARYAM BEGUM,6969.32,6779.19,404699.17
14 Dec 2024,14 Dec 2024,894646,Raast IBFT to OMAR ZAMAN,3402.75,10761.74,415936.27
21 Dec 2024,21 Dec 2024,,Mobile App MARYAM BEGUM,22860.82,17864.94,295319.04
31 Dec 2024,31 Dec 2024,380889,Raast IBFT to IQRA PARVEEN,22055.77,10945.75,476809.14
20 Jan 2025,20 Jan 2025,490944,Raast IBFT to OMAR ZAMAN,2144.92,7558.42,405754.27
05 Dec 2024,05 Dec 2024,054649,Mobile App MARYAM BEGUM,1233.97,5453.39,464745.44
22 Dec 2024,22 Dec 2024,,Raast IBFT to IQRA PARVEEN,7155.51,13952.75,319926.59
05 Nov 2024,05 Nov 2024,,INET Inter Bank Fund Transfer Charges,8654.16,23313.75,476464.34
16 Nov 2024,16 Nov 2024,058578,Raast IBFT to IQRA PARVEEN,3524.68,5283.43,457317.32
18 Dec 2024,18 Dec 2024,,INET Inter Bank Fund Transfer Charges,18068.88,13588.23,266417.86
27 Nov 2024,27 Nov 2024,420079,Raast IBFT to OMAR ZAMAN,12321.86,15397.73,312140.55
25 Dec 2024,25 Dec 2024,692030,Raast IBFT to IQRA PARVEEN,6362.24,21992.12,471759.67
26 Dec 2024,26 Dec 2024,805305,INET Inter Bank Fund Transfer Charges,17053.0,18380.68,147406.06
09 Nov 2024,09 Nov 2024,,Mobile App MARYAM BEGUM,22249.47,13065.08,326238.13
12 Dec 2024,12 Dec 2024,868625,INET Inter Bank Fund Transfer Charges,11160.88,14704.28,222050.56
25 Nov 2024,25 Nov 2024,534201,Raast IBFT to IQRA PARVEEN,3794.44,12714.82,204424.17
15 Nov 2024,15 Nov 2024,,Mobile App MARYAM BEGUM,21634.27,22765.12,105598.97
30 Dec 2024,30 Dec 2024,,Mobile App MARYAM BEGUM,6984.38,4013.98,381806.58
19 Jan 2025,19 Jan 2025,,Raast IBFT to IQRA PARVEEN,19389.8,14756.23,388897.0
16 Nov 2024,16 Nov 2024,583668,Mobile App MARYAM BEGUM,22685.28,236.49,491150.04
19 Dec 2024,19 Dec 2024,,Raast IBFT to OMAR ZAMAN,19190.36,11973.21,186512.42
03 Jan 2025,03 Jan 2025,,Mobile App MARYAM BEGUM,5053.02,2310.28,449236.7
23 Dec 2024,23 Dec 2024,460203,Mobile App MARYAM BEGUM,6130.5,24436.57,37761.95
09 Feb 2025,09 Feb 2025,958611,Raast IBFT to IQRA PARVEEN,9388.23,20860.06,434865.98
21 Nov 2024,21 Nov 2024,255844,Raast IBFT to IQRA PARVEEN,5068.56,4188.2,363493.9
25 Nov 2024,25 Nov 2024,259242,INET Inter Bank Fund Transfer Charges,1525.09,24186.25,157701.92
05 Feb 2025,05 Feb 2025,054685,Mobile App MARYAM BEGUM,2169.03,20764.91,417678.59
07 Feb 2025,07 Feb 2025,,Mobile App MARYAM BEGUM,6386.37,5881.28,77770.04
10 Jan 2025,10 Jan 2025,912943,Raast IBFT to OMAR ZAMAN,2036.82,9763.84,437936.01
02 Feb 2025,02 Feb 2025,462895,INET Inter Bank Fund Transfer Charges,23811.28,12204.41,391522.45
26 Dec 2024,26 Dec 2024,904430,Mobile App MARYAM BEGUM,22428.67,8936.11,434174.94
06 Feb 2025,06 Feb 2025,,INET Inter Bank Fund Transfer Charges,5939.98,16900.37,333762.23
10 Jan 2025,10 Jan 2025,,Raast IBFT to IQRA PARVEEN,22097.68,23300.51,234613.84
06 Nov 2024,06 Nov 2024,789698,Raast IBFT to OMAR ZAMAN,22936.78,8965.51,438956.61
18 Jan 2025,18 Jan 2025,831308,Raast IBFT to OMAR ZAMAN,22600.98,10480.69,337195.98
04 Jan 2025,04 Jan 2025,,Raast IBFT to IQRA PARVEEN,5657.71,3078.43,50623.67
24 Nov 2024,24 Nov 2024,,Raast IBFT to IQRA PARVEEN,19993.3,7971.12,47088.99
03 Dec 2024,03 Dec 2024,762853,INET Inter Bank Fund Transfer Charges,7725.18,19739.24,296962.9
02 Dec 2024,02 Dec 2024,301509,Raast IBFT to IQRA PARVEEN,2591.12,16651.17,378984.29
06 Jan 2025,06 Jan 2025,,INET Inter Bank Fund Transfer Charges,18802.18,22896.51,403795.6
23 Nov 2024,23 Nov 2024,615982,Mobile App MARYAM BEGUM,15316.14,11478.34,102490.65
01 Feb 2025,01 Feb 2025,,Raast IBFT to IQRA PARVEEN,15371.47,10377.78,132627.53
13 Jan 2025,13 Jan 2025,566734,Raast IBFT to IQRA PARVEEN,9901.6,12381.98,186058.89
05 Jan 2025,05 Jan 2025,,INET Inter Bank Fund Transfer Charges,12716.55,13302.2,236678.16
05 Feb 2025,05 Feb 2025,,INET Inter Bank Fund Transfer Charges,16840.3,24522.98,360459.3
09 Jan 2025,09 Jan 2025,,INET Inter Bank Fund Transfer Charges,19869.82,12618.56,156957.92
19 Jan 2025,19 Jan 2025,363255,Raast IBFT to IQRA PARVEEN,18912.8,21001.63,84628.42
19 Dec 2024,19 Dec 2024,179130,Mobile App MARYAM BEGUM,2449.27,6079.61,389620.59
28 Nov 2024,28 Nov 2024,,Raast IBFT to IQRA PARVEEN,1061.51,2817.7,317613.84
04 Nov 2024,04 Nov 2024,,INET Inter Bank Fund Transfer Charges,23378.47,20030.44,236401.72
15 Dec 2024,15 Dec 2024,,Raast IBFT to OMAR ZAMAN,12372.87,21614.05,18686.31
26 Dec 2024,26 Dec 2024,281745,Mobile App MARYAM BEGUM,12337.41,22070.11,83151.3
09 Dec 2024,09 Dec 2024,510701,Mobile App MARYAM BEGUM,5962.04,12868.98,426758.16
27 Dec 2024,27 Dec 2024,,Raast IBFT to OMAR ZAMAN,6830.38,21110.89,333264.48
17 Dec 2024,17 Dec 2024,,Raast IBFT to OMAR ZAMAN,2914.18,104.21,414729.9
25 Dec 2024,25 Dec 2024,883771,Mobile App MARYAM BEGUM,12330.53,17146.77,235563.4
31 Dec 2024,31 Dec 2024,,Mobile App MARYAM BEGUM,17139.78,15918.28,450027.36
12 Nov 2024,12 Nov 2024,795396,Raast IBFT to OMAR ZAMAN,3451.4,16500.07,284378.16
06 Jan 2025,06 Jan 2025,641585,Mobile App MARYAM BEGUM,14844.36,20249.34,338523.7
03 Feb 2025,03 Feb 2025,539805,Raast IBFT to OMAR ZAMAN,9047.29,24463.34,409948.63
25 Dec 2024,25 Dec 2024,,Raast IBFT to IQRA PARVEEN,14878.76,4549.54,223224.34
15 Jan 2025,15 Jan 2025,616862,INET Inter Bank Fund Transfer Charges,9658.74,11287.46,253457.45
20 Dec 2024,20 Dec 2024,900941,Raast IBFT to OMAR ZAMAN,1011.56,12172.92,128855.1
01 Feb 2025,01 Feb 2025,,Mobile App MARYAM BEGUM,23837.55,150.32,139853.81
05 Feb 2025,05 Feb 2025,,Raast IBFT to OMAR ZAMAN,6285.93,14787.12,386461.99
01 Dec 2024,01 Dec 2024,,Mobile App MARYAM BEGUM,19899.38,8384.98,254611.22
02 Feb 2025,02 Feb 2025,338614,Mobile App MARYAM BEGUM,6601.95,19143.08,257864.09
28 Jan 2025,28 Jan 2025,,Raast IBFT to IQRA PARVEEN,13403.77,7602.29,422309.46
13 Dec 2024,13 Dec 2024,,Raast IBFT to IQRA PARVEEN,24172.22,18442.1,101253.05
27 Jan 2025,27 Jan 2025,064597,Raast IBFT to OMAR ZAMAN,8218.7,20939.6,348944.8
25 Dec 2024,25 Dec 2024,,Mobile App MARYAM BEGUM,11742.2,1034.89,464506.92
21 Jan 2025,21 Jan 2025,,INET Inter Bank Fund Transfer Charges,18895.29,24978.52,149995.51
21 Jan 2025,21 Jan 2025,300877,INET Inter Bank Fund Transfer Charges,22763.85,2641.47,190904.73
27 Dec 2024,27 Dec 2024,115563,INET Inter Bank Fund Transfer Charges,2690.71,11070.8,445510.15
22 Nov 2024,22 Nov 2024,,INET Inter Bank Fund Transfer Charges,14232.89,15612.76,403423.04
27 Jan 2025,27 Jan 2025,,Mobile App MARYAM BEGUM,7713.03,18357.17,198015.36
01 Nov 2024,01 Nov 2024,470220,Raast IBFT to OMAR ZAMAN,5649.29,2348.68,357429.47
13 Jan 2025,13 Jan 2025,,INET Inter Bank Fund Transfer Charges,5746.47,19763.47,340623.65
30 Jan 2025,30 Jan 2025,001104,Raast IBFT to IQRA PARVEEN,18256.42,1047.43,407140.0
02 Dec 2024,02 Dec 2024,,Raast IBFT to OMAR ZAMAN,18977.04,2480.39,382025.36
14 Jan 2025,14 Jan 2025,,Raast IBFT to IQRA PARVEEN,4167.93,8340.78,340921.03
26 Dec 2024,26 Dec 2024,,INET Inter Bank Fund Transfer Charges,13985.77,16122.03,399747.16
20 Dec 2024,20 Dec 2024,620407,Raast IBFT to OMAR ZAMAN,12027.24,22261.03,301718.67
05 Nov 2024,05 Nov 2024,212162,INET Inter Bank Fund Transfer Charges,1994.79,16040.76,118773.15
27 Jan 2025,27 Jan 2025,076030,INET Inter Bank Fund Transfer Charges,10883.73,20168.14,436512.95
20 Nov 2024,20 Nov 2024,607596,Raast IBFT to IQRA PARVEEN,16488.88,7248.28,320370.21
08 Dec 2024,08 Dec 2024,651416,INET Inter Bank Fund Transfer Charges,7721.08,6449.06,443316.18
18 Dec 2024,18 Dec 2024,,Mobile App MARYAM BEGUM,24499.77,22399.48,339072.98
06 Nov 2024,06 Nov 2024,527474,Mobile App MARYAM BEGUM,15135.5,20513.3,401958.9
01 Jan 2025,01 Jan 2025,,INET Inter Bank Fund Transfer Charges,24346.7,7919.61,377593.07
09 Dec 2024,09 Dec 2024,042860,Mobile App MARYAM BEGUM,3880.95,19638.39,443368.26
22 Jan 2025,22 Jan 2025,,Raast IBFT to OMAR ZAMAN,6888.29,13139.11,267520.67
01 Jan 2025,01 Jan 2025,581254,Raast IBFT to IQRA PARVEEN,1772.76,14883.25,225049.6
30 Dec 2024,30 Dec 2024,176415,Raast IBFT to IQRA PARVEEN,17959.29,22385.53,111145.09
19 Nov 2024,19 Nov 2024,,Raast IBFT to OMAR ZAMAN,18677.15,15439.06,294755.04
14 Nov 2024,14 Nov 2024,922193,INET Inter Bank Fund Transfer Charges,7888.92,24917.2,223716.81
01 Nov 2024,01 Nov 2024,922250,INET Inter Bank Fund Transfer Charges,7449.14,18116.86,104399.74
19 Dec 2024,19 Dec 2024,,Raast IBFT to IQRA PARVEEN,20851.75,22485.34,488229.94
15 Dec 2024,15 Dec 2024,922952,INET Inter Bank Fund Transfer Charges,15996.52,19980.48,120437.88
15 Jan 2025,15 Jan 2025,,Mobile App MARYAM BEGUM,22107.5,107.73,299738.75
10 Nov 2024,10 Nov 2024,498092,INET Inter Bank Fund Transfer Charges,18752.65,17536.2,483304.19
25 Nov 2024,25 Nov 2024,,INET Inter Bank Fund Transfer Charges,7382.76,1169.99,235479.54
02 Dec 2024,02 Dec 2024,898705,Raast IBFT to OMAR ZAMAN,6218.05,9786.95,171794.38
30 Jan 2025,30 Jan 2025,342005,INET Inter Bank Fund Transfer Charges,20139.45,18208.84,389102.82
10 Jan 2025,10 Jan 2025,,Raast IBFT to OMAR ZAMAN,11540.11,5856.44,349729.6
28 Jan 2025,28 Jan 2025,,INET Inter Bank Fund Transfer Charges,15849.23,19043.2,217802.56
09 Feb 2025,09 Feb 2025,,Raast IBFT to IQRA PARVEEN,9783.19,21344.32,272149.05
20 Nov 2024,20 Nov 2024,,Raast IBFT to OMAR ZAMAN,19771.18,23043.07,113628.5
15 Jan 2025,15 Jan 2025,282810,Mobile App MARYAM BEGUM,3085.77,16245.89,115130.47
17 Dec 2024,17 Dec 2024,004619,Mobile App MARYAM BEGUM,1838.82,8248.33,432782.92
27 Jan 2025,27 Jan 2025,778455,Mobile App MARYAM BEGUM,19698.62,11868.81,315617.96
18 Nov 2024,18 Nov 2024,826939,INET Inter Bank Fund Transfer Charges,6069.08,6124.71,356243.51
02 Dec 2024,02 Dec 2024,,Raast IBFT to OMAR ZAMAN,17366.86,4803.03,312048.22
09 Feb 2025,09 Feb 2025,,Raast IBFT to IQRA PARVEEN,4850.48,23940.19,437817.99
04 Dec 2024,04 Dec 2024,786402,Raast IBFT to OMAR ZAMAN,12618.95,6482.38,103520.01
07 Dec 2024,07 Dec 2024,,Mobile App MARYAM BEGUM,13530.16,16106.01,146234.09
04 Nov 2024,04 Nov 2024,590306,INET Inter Bank Fund Transfer Charges,21404.0,15681.74,120138.0
24 Nov 2024,24 Nov 2024,,Mobile App MARYAM BEGUM,9105.65,22662.8,347306.34
20 Nov 2024,20 Nov 2024,,Raast IBFT to IQRA PARVEEN,15097.78,4703.1,416346.88
31 Dec 2024,31 Dec 2024,,Mobile App MARYAM BEGUM,13624.43,1276.81,249457.91
18 Dec 2024,18 Dec 2024,,Raast IBFT to IQRA PARVEEN,20264.19,1920.55,170527.2
14 Jan 2025,14 Jan 2025,,Raast IBFT to IQRA PARVEEN,6829.95,3590.09,123027.86
12 Jan 2025,12 Jan 2025,466881,Raast IBFT to IQRA PARVEEN,18208.39,17410.65,25117.14
03 Dec 2024,03 Dec 2024,362447,Mobile App MARYAM BEGUM,23401.19,5677.45,170110.16
14 Dec 2024,14 Dec 2024,,INET Inter Bank Fund Transfer Charges,16479.36,18197.13,98067.06
19 Dec 2024,19 Dec 2024,,Raast IBFT to IQRA PARVEEN,24820.48,1102.8,271407.97
21 Dec 2024,21 Dec 2024,,Mobile App MARYAM BEGUM,6725.73,13318.68,70779.4
16 Jan 2025,16 Jan 2025,833695,INET Inter Bank Fund Transfer Charges,6133.49,21420.81,266073.55
15 Nov 2024,15 Nov 2024,,INET Inter Bank Fund Transfer Charges,17315.47,17582.87,356270.59
29 Jan 2025,29 Jan 2025,007706,Raast IBFT to OMAR ZAMAN,21241.51,13610.42,390221.63
07 Jan 2025,07 Jan 2025,190934,Raast IBFT to OMAR ZAMAN,7453.43,21818.97,244802.52
05 Feb 2025,05 Feb 2025,,Raast IBFT to OMAR ZAMAN,5811.43,3524.67,194803.18
12 Nov 2024,12 Nov 2024,992106,Raast IBFT to IQRA PARVEEN,17375.73,5074.27,310829.41
07 Nov 2024,07 Nov 2024,,Mobile App MARYAM BEGUM,11754.54,14843.43,323987.32
02 Nov 2024,02 Nov 2024,321568,Mobile App MARYAM BEGUM,23858.02,2752.59,272659.44
18 Nov 2024,18 Nov 2024,062932,INET Inter Bank Fund Transfer Charges,4595.37,1270.68,204400.12
17 Dec 2024,17 Dec 2024,,Raast IBFT to IQRA PARVEEN,5076.32,24575.72,314373.72
05 Nov 2024,05 Nov 2024,,Raast IBFT to IQRA PARVEEN,7043.46,4323.77,293783.03
18 Nov 2024,18 Nov 2024,993546,INET Inter Bank Fund Transfer Charges,14177.53,12496.22,120729.64
04 Jan 2025,04 Jan 2025,,Raast IBFT to IQRA PARVEEN,20077.58,12884.1,53613.47
20 Jan 2025,20 Jan 2025,,Raast IBFT to IQRA PARVEEN,12542.26,7589.52,336383.52
08 Feb 2025,08 Feb 2025,364819,INET Inter Bank Fund Transfer Charges,8328.89,6370.53,241130.93
28 Nov 2024,28 Nov 2024,,Raast IBFT to OMAR ZAMAN,12865.87,22622.65,359742.74
08 Dec 2024,08 Dec 2024,658112,INET Inter Bank Fund Transfer Charges,4856.99,22401.98,329561.48
03 Jan 2025,03 Jan 2025,914873,Raast IBFT to IQRA PARVEEN,5089.81,11372.91,43663.03
07 Dec 2024,07 Dec 2024,,Raast IBFT to OMAR ZAMAN,7716.78,2544.72,107204.25
21 Dec 2024,21 Dec 2024,893445,Mobile App MARYAM BEGUM,9321.97,5739.24,213568.11
18 Jan 2025,18 Jan 2025,973844,INET Inter Bank Fund Transfer Charges,3254.65,3784.64,401564.09
26 Nov 2024,26 Nov 2024,,INET Inter Bank Fund Transfer Charges,11429.48,10763.27,92800.41
09 Jan 2025,09 Jan 2025,,Raast IBFT to IQRA PARVEEN,12908.01,14012.09,25256.28
02 Jan 2025,02 Jan 2025,544990,INET Inter Bank Fund Transfer Charges,9501.54,24659.59,309270.11
05 Jan 2025,05 Jan 2025,,INET Inter Bank Fund Transfer Charges,20510.23,23331.8,132827.79
02 Feb 2025,02 Feb 2025,,Raast IBFT to OMAR ZAMAN,11719.53,19677.1,433126.43
27 Dec 2024,27 Dec 2024,111786,Raast IBFT to IQRA PARVEEN,18532.57,10437.85,443262.76
02 Jan 2025,02 Jan 2025,791036,Raast IBFT to IQRA PARVEEN,9096.48,2638.87,493776.48
11 Jan 2025,11 Jan 2025,593132,Raast IBFT to IQRA PARVEEN,13035.9,1922.14,118809.15
22 Nov 2024,22 Nov 2024,,Raast IBFT to OMAR ZAMAN,7765.73,9221.25,72802.2
23 Jan 2025,23 Jan 2025,820362,Raast IBFT to IQRA PARVEEN,21693.65,5522.25,317891.36
02 Dec 2024,02 Dec 2024,610602,Mobile App MARYAM BEGUM,4587.97,7329.72,41129.89
17 Dec 2024,17 Dec 2024,433620,Raast IBFT to OMAR ZAMAN,23070.75,20843.49,498883.24
27 Nov 2024,27 Nov 2024,,Mobile App MARYAM BEGUM,11695.93,11116.18,172417.09
28 Nov 2024,28 Nov 2024,,Raast IBFT to OMAR ZAMAN,17387.54,24344.91,472373.01
30 Jan 2025,30 Jan 2025,,Raast IBFT to OMAR ZAMAN,15826.88,18048.7,490516.09
29 Dec 2024,29 Dec 2024,,Raast IBFT to OMAR ZAMAN,10431.28,8165.99,120386.69
19 Jan 2025,19 Jan 2025,,Mobile App MARYAM BEGUM,8699.79,17671.85,85588.55
21 Dec 2024,21 Dec 2024,841404,INET Inter Bank Fund Transfer Charges,18903.04,8750.41,138613.39
27 Dec 2024,27 Dec 2024,414985,Mobile App MARYAM BEGUM,20602.0,18869.74,189802.97
29 Nov 2024,29 Nov 2024,872922,INET Inter Bank Fund Transfer Charges,6687.35,10648.09,421712.18
08 Dec 2024,08 Dec 2024,,Raast IBFT to OMAR ZAMAN,10672.68,19520.36,145952.34
15 Nov 2024,15 Nov 2024,374554,Raast IBFT to OMAR ZAMAN,18205.12,19026.59,39669.78
07 Jan 2025,07 Jan 2025,,Raast IBFT to IQRA PARVEEN,24101.48,20862.98,61731.59
02 Dec 2024,02 Dec 2024,,Raast IBFT to IQRA PARVEEN,15866.76,2035.71,259746.78
13 Jan 2025,13 Jan 2025,351238,INET Inter Bank Fund Transfer Charges,4287.72,14300.45,34999.88
22 Jan 2025,22 Jan 2025,,Raast IBFT to IQRA PARVEEN,6948.81,16227.83,277464.29
16 Jan 2025,16 Jan 2025,,INET Inter Bank Fund Transfer Charges,2316.38,14301.99,412008.46
09 Feb 2025,09 Feb 2025,,Raast IBFT to IQRA PARVEEN,21679.49,11063.87,133751.62
08 Jan 2025,08 Jan 2025,,INET Inter Bank Fund Transfer Charges,18143.97,16818.54,324249.62
16 Nov 2024,16 Nov 2024,874532,Mobile App MARYAM BEGUM,5569.29,6547.55,132614.08
06 Jan 2025,06 Jan 2025,891697,INET Inter Bank Fund Transfer Charges,8852.92,18251.09,180636.54
07 Jan 2025,07 Jan 2025,,Mobile App MARYAM BEGUM,14787.22,17600.99,326631.58
16 Jan 2025,16 Jan 2025,859485,Mobile App MARYAM BEGUM,7787.72,7530.59,247354.31
03 Dec 2024,03 Dec 2024,691967,Raast IBFT to OMAR ZAMAN,19331.37,12853.15,421137.52
18 Nov 2024,18 Nov 2024,880494,Mobile App MARYAM BEGUM,22567.03,11869.69,277474.23
11 Dec 2024,11 Dec 2024,,Mobile App MARYAM BEGUM,3437.03,14469.52,16066.13
11 Dec 2024,11 Dec 2024,449573,Mobile App MARYAM BEGUM,7405.88,8660.51,238845.98
07 Dec 2024,07 Dec 2024,100655,INET Inter Bank Fund Transfer Charges,11951.02,10391.2,26716.85
08 Jan 2025,08 Jan 2025,,Raast IBFT to IQRA PARVEEN,3112.74,5688.98,472140.85
29 Nov 2024,29 Nov 2024,,INET Inter Bank Fund Transfer Charges,15656.18,5877.54,184849.18
02 Dec 2024,02 Dec 2024,,Raast IBFT to OMAR ZAMAN,4378.36,9424.74,57551.31
12 Dec 2024,12 Dec 2024,,INET Inter Bank Fund Transfer Charges,23545.17,16117.85,336875.87
17 Dec 2024,17 Dec 2024,,Mobile App MARYAM BEGUM,13476.8,11999.19,153892.35
27 Dec 2024,27 Dec 2024,,INET Inter Bank Fund Transfer Charges,18612.13,10430.42,228697.17
07 Nov 2024,07 Nov 2024,,Raast IBFT to IQRA PARVEEN,8415.62,12118.63,152362.32
11 Dec 2024,11 Dec 2024,153372,Mobile App MARYAM BEGUM,8537.11,4331.89,326858.71
29 Dec 2024,29 Dec 2024,545052,Mobile App MARYAM BEGUM,14547.52,6041.94,83630.59
05 Dec 2024,05 Dec 2024,698493,Mobile App MARYAM BEGUM,17952.72,21594.47,175008.2
28 Nov 2024,28 Nov 2024,,Raast IBFT to OMAR ZAMAN,3963.95,20623.78,325928.86
26 Jan 2025,26 Jan 2025,549527,Raast IBFT to OMAR ZAMAN,1891.57,13211.71,176980.51
11 Dec 2024,11 Dec 2024,,Raast IBFT to OMAR ZAMAN,16873.98,16761.95,492965.07
12 Dec 2024,12 Dec 2024,,Raast IBFT to IQRA PARVEEN,20580.76,18366.01,188289.73
17 Nov 2024,17 Nov 2024,,INET Inter Bank Fund Transfer Charges,17835.08,20987.5,372116.03
04 Nov 2024,04 Nov 2024,173408,Raast IBFT to OMAR ZAMAN,20005.65,13705.85,142799.04
31 Jan 2025,31 Jan 2025,,Mobile App MARYAM BEGUM,5974.07,16790.9,449419.04
15 Nov 2024,15 Nov 2024,042364,Mobile App MARYAM BEGUM,15605.19,17303.56,326237.16
10 Nov 2024,10 Nov 2024,547056,Mobile App MARYAM BEGUM,9615.96,15071.42,236910.98
13 Nov 2024,13 Nov 2024,461418,Mobile App MARYAM BEGUM,24179.9,6870.5,47263.07
22 Jan 2025,22 Jan 2025,,Raast IBFT to IQRA PARVEEN,2308.58,2206.1,335504.98
22 Nov 2024,22 Nov 2024,604356,Raast IBFT to OMAR ZAMAN,11734.45,11955.45,478486.24
02 Nov 2024,02 Nov 2024,869807,Raast IBFT to OMAR ZAMAN,5479.09,1163.71,213702.46
15 Dec 2024,15 Dec 2024,,Raast IBFT to IQRA PARVEEN,13178.14,5400.36,303429.62
15 Jan 2025,15 Jan 2025,281483,INET Inter Bank Fund Transfer Charges,24866.72,1057.05,352505.4
22 Dec 2024,22 Dec 2024,,Mobile App MARYAM BEGUM,7792.85,24198.99,130522.67
19 Nov 2024,19 Nov 2024,061897,INET Inter Bank Fund Transfer Charges,7628.38,22711.23,323129.55
30 Dec 2024,30 Dec 2024,380535,Raast IBFT to IQRA PARVEEN,4742.61,4648.06,174882.73
10 Nov 2024,10 Nov 2024,885748,Raast IBFT to IQRA PARVEEN,18296.59,2861.44,179763.21
24 Nov 2024,24 Nov 2024,,Raast IBFT to OMAR ZAMAN,20885.26,19519.19,387626.7
28 Dec 2024,28 Dec 2024,009942,Mobile App MARYAM BEGUM,15132.08,17947.97,144486.45
23 Dec 2024,23 Dec 2024,863453,INET Inter Bank Fund Transfer Charges,6195.92,16026.5,55135.24
05 Jan 2025,05 Jan 2025,350461,Raast IBFT to IQRA PARVEEN,1643.98,18398.66,38671.35
04 Dec 2024,04 Dec 2024,372456,INET Inter Bank Fund Transfer Charges,1478.34,3788.23,99923.64
03 Feb 2025,03 Feb 2025,812885,Mobile App MARYAM BEGUM,5787.22,7952.8,218902.93
06 Feb 2025,06 Feb 2025,971317,Mobile App MARYAM BEGUM,23421.94,4124.46,394610.36
19 Jan 2025,19 Jan 2025,614378,INET Inter Bank Fund Transfer Charges,21055.74,17943.28,457701.49
09 Feb 2025,09 Feb 2025,184189,Raast IBFT to IQRA PARVEEN,10884.26,12581.55,330899.36
01 Dec 2024,01 Dec 2024,,Raast IBFT to OMAR ZAMAN,7605.22,8633.4,369796.46
05 Dec 2024,05 Dec 2024,244327,Raast IBFT to OMAR ZAMAN,2914.42,6973.44,359545.89
18 Dec 2024,18 Dec 2024,,Mobile App MARYAM BEGUM,19058.79,7772.66,124137.21
13 Jan 2025,13 Jan 2025,262968,Mobile App MARYAM BEGUM,7542.64,12910.45,491948.86
21 Jan 2025,21 Jan 2025,,Raast IBFT to OMAR ZAMAN,19541.34,22786.43,426191.84
04 Nov 2024,04 Nov 2024,999167,INET Inter Bank Fund Transfer Charges,15935.56,6592.59,61698.7
13 Dec 2024,13 Dec 2024,,Mobile App MARYAM BEGUM,2275.15,13478.48,499073.6
05 Jan 2025,05 Jan 2025,,Raast IBFT to IQRA PARVEEN,1728.01,20638.84,35701.82
16 Jan 2025,16 Jan 2025,,Raast IBFT to IQRA PARVEEN,16606.74,9403.16,449147.06
09 Feb 2025,09 Feb 2025,913898,Raast IBFT to IQRA PARVEEN,9762.64,16900.89,421968.9
02 Dec 2024,02 Dec 2024,,Mobile App MARYAM BEGUM,10075.65,2307.5,488490.22
05 Nov 2024,05 Nov 2024,,Raast IBFT to IQRA PARVEEN,20086.24,9769.59,82002.15
31 Jan 2025,31 Jan 2025,,Raast IBFT to OMAR ZAMAN,6455.24,4469.95,43910.58
30 Nov 2024,30 Nov 2024,,INET Inter Bank Fund Transfer Charges,23760.1,16905.62,311857.91
21 Jan 2025,21 Jan 2025,,INET Inter Bank Fund Transfer Charges,4185.52,12530.79,359804.06
03 Nov 2024,03 Nov 2024,,Raast IBFT to IQRA PARVEEN,17706.98,7767.88,359207.02
04 Jan 2025,04 Jan 2025,,Raast IBFT to OMAR ZAMAN,20507.13,6058.69,473486.59
13 Jan 2025,13 Jan 2025,,Raast IBFT to IQRA PARVEEN,17421.09,11821.42,34474.89
29 Jan 2025,29 Jan 2025,891047,Mobile App MARYAM BEGUM,6364.05,14221.91,462841.49
23 Jan 2025,23 Jan 2025,,Raast IBFT to OMAR ZAMAN,7071.08,4924.58,305387.22
20 Dec 2024,20 Dec 2024,582678,Mobile App MARYAM BEGUM,8178.07,17229.55,50602.45
16 Jan 2025,16 Jan 2025,170353,Mobile App MARYAM BEGUM,2094.94,14478.64,93991.65
29 Nov 2024,29 Nov 2024,,INET Inter Bank Fund Transfer Charges,1577.73,13252.6,446542.41
06 Jan 2025,06 Jan 2025,,INET Inter Bank Fund Transfer Charges,3255.71,24900.43,192621.35
12 Jan 2025,12 Jan 2025,,Raast IBFT to IQRA PARVEEN,16772.26,10769.56,132109.94
26 Dec 2024,26 Dec 2024,,Raast IBFT to OMAR ZAMAN,12122.11,13348.1,456579.59
26 Dec 2024,26 Dec 2024,,INET Inter Bank Fund Transfer Charges,6489.27,7135.2,37357.09
04 Nov 2024,04 Nov 2024,,INET Inter Bank Fund Transfer Charges,18277.17,19005.84,350477.34
29 Nov 2024,29 Nov 2024,234092,INET Inter Bank Fund Transfer Charges,16137.79,1376.22,12642.92
01 Jan 2025,01 Jan 2025,,Raast IBFT to IQRA PARVEEN,4951.67,3149.79,243951.98
10 Dec 2024,10 Dec 2024,023559,Raast IBFT to IQRA PARVEEN,2017.86,16462.21,20888.75
05 Dec 2024,05 Dec 2024,,Raast IBFT to OMAR ZAMAN,21687.77,15941.31,374308.16
16 Nov 2024,16 Nov 2024,,INET Inter Bank Fund Transfer Charges,2052.77,16951.87,305145.47
04 Jan 2025,04 Jan 2025,,Mobile App MARYAM BEGUM,13104.0,9562.83,34583.52
06 Dec 2024,06 Dec 2024,393087,Raast IBFT to OMAR ZAMAN,22591.26,5647.04,73494.67
01 Feb 2025,01 Feb 2025,092217,INET Inter Bank Fund Transfer Charges,13985.9,11669.27,485463.74
16 Nov 2024,16 Nov 2024,601663,Raast IBFT to OMAR ZAMAN,14115.22,14139.37,485897.86
02 Feb 2025,02 Feb 2025,,Raast IBFT to OMAR ZAMAN,20532.88,3890.22,54990.27
25 Dec 2024,25 Dec 2024,793137,Raast IBFT to IQRA PARVEEN,5516.33,6087.01,92362.3
07 Dec 2024,07 Dec 2024,,INET Inter Bank Fund Transfer Charges,16006.8,11959.15,388167.6
22 Dec 2024,22 Dec 2024,,Raast IBFT to OMAR ZAMAN,2078.55,19481.37,184670.75
22 Jan 2025,22 Jan 2025,,Mobile App MARYAM BEGUM,10215.29,2771.68,482707.24
01 Dec 2024,01 Dec 2024,,Mobile App MARYAM BEGUM,12180.76,4225.13,46041.24
18 Jan 2025,18 Jan 2025,586485,Raast IBFT to IQRA PARVEEN,10682.93,20860.78,299243.04
09 Jan 2025,09 Jan 2025,545385,INET Inter Bank Fund Transfer Charges,18791.35,20329.58,57760.89
11 Dec 2024,11 Dec 2024,334641,Raast IBFT to OMAR ZAMAN,8914.36,2789.46,199546.06
03 Jan 2025,03 Jan 2025,,Raast IBFT to OMAR ZAMAN,24768.63,10666.21,38035.57
20 Nov 2024,20 Nov 2024,,Raast IBFT to IQRA PARVEEN,12372.35,12439.99,161929.82
06 Feb 2025,06 Feb 2025,,Raast IBFT to OMAR ZAMAN,21638.32,13710.64,99698.3
25 Jan 2025,25 Jan 2025,714176,Raast IBFT to OMAR ZAMAN,12347.72,23361.1,88799.66
11 Jan 2025,11 Jan 2025,,INET Inter Bank Fund Transfer Charges,10585.8,16806.72,318515.25
03 Dec 2024,03 Dec 2024,158121,Raast IBFT to OMAR ZAMAN,16473.17,7501.53,303113.64
24 Jan 2025,24 Jan 2025,,Raast IBFT to IQRA PARVEEN,1510.53,13740.53,456216.98
18 Jan 2025,18 Jan 2025,155391,Raast IBFT to IQRA PARVEEN,5195.56,3758.87,413014.9
26 Jan 2025,26 Jan 2025,,INET Inter Bank Fund Transfer Charges,8156.0,5440.03,407200.85
28 Nov 2024,28 Nov 2024,,Raast IBFT to IQRA PARVEEN,22307.87,20521.9,249882.47
13 Dec 2024,13 Dec 2024,624474,INET Inter Bank Fund Transfer Charges,14460.83,10713.5,456328.27
31 Dec 2024,31 Dec 2024,700560,INET Inter Bank Fund Transfer Charges,1689.7,22087.56,84845.79
03 Jan 2025,03 Jan 2025,725880,Mobile App MARYAM BEGUM,19324.45,7866.74,323688.04
29 Jan 2025,29 Jan 2025,715442,Raast IBFT to OMAR ZAMAN,3048.3,9377.74,170528.49
14 Nov 2024,14 Nov 2024,,Raast IBFT to IQRA PARVEEN,9658.36,11746.62,241224.18
13 Nov 2024,13 Nov 2024,,Mobile App MARYAM BEGUM,13141.11,12657.05,180944.37
22 Nov 2024,22 Nov 2024,083648,Raast IBFT to OMAR ZAMAN,20601.77,17064.24,134009.42
19 Nov 2024,19 Nov 2024,672894,INET Inter Bank Fund Transfer Charges,5959.77,12021.65,356588.63
04 Feb 2025,04 Feb 2025,,INET Inter Bank Fund Transfer Charges,10453.44,559.18,61707.32
25 Jan 2025,25 Jan 2025,447231,Raast IBFT to IQRA PARVEEN,7117.27,11853.38,138018.41
23 Dec 2024,23 Dec 2024,419940,Mobile App MARYAM BEGUM,18121.29,15170.0,159806.07
14 Nov 2024,14 Nov 2024,,INET Inter Bank Fund Transfer Charges,14090.7,17604.2,360065.3
05 Jan 2025,05 Jan 2025,,Raast IBFT to OMAR ZAMAN,8065.28,13557.46,91061.56
12 Jan 2025,12 Jan 2025,443043,Raast IBFT to OMAR ZAMAN,19212.99,3790.41,304116.85
08 Dec 2024,08 Dec 2024,869450,INET Inter Bank Fund Transfer Charges,4277.49,2806.03,290008.85
29 Dec 2024,29 Dec 2024,,Raast IBFT to OMAR ZAMAN,5563.22,17832.81,353076.57
03 Feb 2025,03 Feb 2025,,Mobile App MARYAM BEGUM,2582.6,2705.11,405387.35
21 Jan 2025,21 Jan 2025,,Raast IBFT to IQRA PARVEEN,4108.1,1343.77,168097.72
30 Jan 2025,30 Jan 2025,,INET Inter Bank Fund Transfer Charges,23654.06,10509.07,300689.12
10 Jan 2025,10 Jan 2025,971690,Raast IBFT to OMAR ZAMAN,4906.88,17929.95,295360.02
10 Dec 2024,10 Dec 2024,270781,Raast IBFT to OMAR ZAMAN,9481.76,13173.4,405625.54
23 Jan 2025,23 Jan 2025,,Raast IBFT to IQRA PARVEEN,10352.46,4880.98,20075.76
01 Nov 2024,01 Nov 2024,,Raast IBFT to OMAR ZAMAN,4388.72,4461.73,209173.16
14 Jan 2025,14 Jan 2025,560075,Mobile App MARYAM BEGUM,17758.61,22075.16,91099.45
28 Dec 2024,28 Dec 2024,470567,Raast IBFT to IQRA PARVEEN,1350.6,22341.72,467925.98
14 Dec 2024,14 Dec 2024,270622,INET Inter Bank Fund Transfer Charges,1538.83,12710.69,140223.38
02 Feb 2025,02 Feb 2025,,Raast IBFT to IQRA PARVEEN,3014.74,1111.06,440832.73
23 Nov 2024,23 Nov 2024,684218,Mobile App MARYAM BEGUM,10999.61,13581.94,116051.56
15 Jan 2025,15 Jan 2025,,INET Inter Bank Fund Transfer Charges,23578.1,11260.61,409024.8
05 Dec 2024,05 Dec 2024,263423,Mobile App MARYAM BEGUM,2589.69,24790.22,460636.68
28 Jan 2025,28 Jan 2025,557759,INET Inter Bank Fund Transfer Charges,19700.06,5892.23,24960.86
12 Nov 2024,12 Nov 2024,,Raast IBFT to OMAR ZAMAN,18461.94,5552.39,361669.09
22 Nov 2024,22 Nov 2024,669914,Mobile App MARYAM BEGUM,9017.19,10431.49,498759.71
09 Feb 2025,09 Feb 2025,210285,Raast IBFT to OMAR ZAMAN,15518.53,3844.95,452139.24
07 Nov 2024,07 Nov 2024,,Raast IBFT to OMAR ZAMAN,10147.65,10697.64,382024.49
05 Nov 2024,05 Nov 2024,,INET Inter Bank Fund Transfer Charges,1850.21,10185.94,17143.25
20 Jan 2025,20 Jan 2025,811081,Mobile App MARYAM BEGUM,14342.87,1732.57,270547.03
24 Dec 2024,24 Dec 2024,649076,INET Inter Bank Fund Transfer Charges,7805.35,5380.49,429479.7
01 Dec 2024,01 Dec 2024,399800,Mobile App MARYAM BEGUM,6902.04,23415.33,28946.17
15 Jan 2025,15 Jan 2025,015315,INET Inter Bank Fund Transfer Charges,20896.22,5345.01,373830.41
24 Dec 2024,24 Dec 2024,211551,INET Inter Bank Fund Transfer Charges,9788.58,11539.58,209575.14
17 Nov 2024,17 Nov 2024,889355,Raast IBFT to OMAR ZAMAN,14286.95,9946.58,308786.58
12 Dec 2024,12 Dec 2024,875907,INET Inter Bank Fund Transfer Charges,10883.63,18424.07,150436.59
16 Jan 2025,16 Jan 2025,,INET Inter Bank Fund Transfer Charges,1178.47,21990.75,175679.25
15 Jan 2025,15 Jan 2025,044548,INET Inter Bank Fund Transfer Charges,10167.02,7437.87,253647.25
03 Dec 2024,03 Dec 2024,,INET Inter Bank Fund Transfer Charges,20543.05,22502.61,48581.14
23 Jan 2025,23 Jan 2025,,INET Inter Bank Fund Transfer Charges,6042.52,5721.0,488346.8
12 Jan 2025,12 Jan 2025,688197,Raast IBFT to OMAR ZAMAN,8977.4,19039.03,222442.51
18 Dec 2024,18 Dec 2024,715231,Raast IBFT to IQRA PARVEEN,3497.61,3932.16,345325.2
26 Jan 2025,26 Jan 2025,,INET Inter Bank Fund Transfer Charges,6568.42,24252.75,116413.1
19 Nov 2024,19 Nov 2024,114163,Raast IBFT to IQRA PARVEEN,12681.52,17690.0,230338.07
20 Jan 2025,20 Jan 2025,647385,INET Inter Bank Fund Transfer Charges,21588.08,10235.04,56279.4
09 Nov 2024,09 Nov 2024,142305,Raast IBFT to IQRA PARVEEN,19434.35,3203.34,227215.37
24 Dec 2024,24 Dec 2024,,Raast IBFT to OMAR ZAMAN,6036.77,12781.36,281682.42
19 Jan 2025,19 Jan 2025,946894,Mobile App MARYAM BEGUM,6596.08,2933.1,384576.57
29 Jan 2025,29 Jan 2025,,Raast IBFT to OMAR ZAMAN,8080.56,18394.55,308723.65
03 Dec 2024,03 Dec 2024,383954,Raast IBFT to IQRA PARVEEN,18847.58,16537.93,392883.51
06 Nov 2024,06 Nov 2024,,Raast IBFT to OMAR ZAMAN,20680.24,13186.16,13927.92
16 Dec 2024,16 Dec 2024,,Raast IBFT to IQRA PARVEEN,12567.95,1312.43,176561.98
09 Nov 2024,09 Nov 2024,,Raast IBFT to OMAR ZAMAN,18276.08,9409.04,43576.07
07 Jan 2025,07 Jan 2025,267341,Raast IBFT to OMAR ZAMAN,17204.04,20295.36,228992.22
29 Dec 2024,29 Dec 2024,,INET Inter Bank Fund Transfer Charges,11294.0,15078.56,414316.14
24 Jan 2025,24 Jan 2025,,Raast IBFT to OMAR ZAMAN,22524.33,144.14,297740.28
08 Dec 2024,08 Dec 2024,642608,Raast IBFT to OMAR ZAMAN,18358.23,11190.08,185208.95
13 Jan 2025,13 Jan 2025,088070,INET Inter Bank Fund Transfer Charges,24303.62,17315.84,167761.63
08 Jan 2025,08 Jan 2025,,Raast IBFT to OMAR ZAMAN,20446.74,11774.24,456636.81
17 Dec 2024,17 Dec 2024,,INET Inter Bank Fund Transfer Charges,16724.13,18808.76,338759.65
27 Nov 2024,27 Nov 2024,337501,Raast IBFT to OMAR ZAMAN,24864.66,4429.11,119688.85
04 Nov 2024,04 Nov 2024,,Raast IBFT to OMAR ZAMAN,4687.97,15185.01,490694.89
18 Nov 2024,18 Nov 2024,,Raast IBFT to IQRA PARVEEN,6908.61,19515.86,58739.28
13 Dec 2024,13 Dec 2024,550241,Mobile App MARYAM BEGUM,22372.01,3847.03,401764.02
09 Dec 2024,09 Dec 2024,377231,Raast IBFT to IQRA PARVEEN,22753.68,15182.98,274494.46
17 Nov 2024,17 Nov 2024,,Raast IBFT to IQRA PARVEEN,22268.52,22783.41,137618.88
09 Jan 2025,09 Jan 2025,,Raast IBFT to OMAR ZAMAN,21255.07,6613.96,248494.25
08 Jan 2025,08 Jan 2025,,Raast IBFT to OMAR ZAMAN,16031.2,10908.97,266250.88
02 Dec 2024,02 Dec 2024,,Raast IBFT to IQRA PARVEEN,11449.03,663.08,388972.01
18 Dec 2024,18 Dec 2024,958212,Mobile App MARYAM BEGUM,4932.0,7397.21,325773.44
02 Dec 2024,02 Dec 2024,,Mobile App MARYAM BEGUM,15555.45,24631.56,68197.41
27 Nov 2024,27 Nov 2024,192162,INET Inter Bank Fund Transfer Charges,8103.79,23352.36,73623.56
27 Nov 2024,27 Nov 2024,267229,INET Inter Bank Fund Transfer Charges,14574.24,23081.49,113037.66
03 Jan 2025,03 Jan 2025,,INET Inter Bank Fund Transfer Charges,1782.83,6881.65,323393.67
10 Nov 2024,10 Nov 2024,007695,INET Inter Bank Fund Transfer Charges,8173.55,19318.46,52738.94
24 Jan 2025,24 Jan 2025,650418,Raast IBFT to IQRA PARVEEN,3725.49,11399.42,269130.05
14 Nov 2024,14 Nov 2024,673583,Mobile App MARYAM BEGUM,17970.22,21058.34,374145.54
05 Dec 2024,05 Dec 2024,,INET Inter Bank Fund Transfer Charges,21376.1,7879.46,142444.83
18 Dec 2024,18 Dec 2024,,Raast IBFT to IQRA PARVEEN,7001.14,12182.1,229972.73
05 Dec 2024,05 Dec 2024,,Raast IBFT to OMAR ZAMAN,21238.35,23009.18,112667.21
04 Dec 2024,04 Dec 2024,,Raast IBFT to OMAR ZAMAN,19649.72,6379.12,287081.65
16 Jan 2025,16 Jan 2025,111228,Raast IBFT to OMAR ZAMAN,6614.76,21487.76,14113.7
11 Nov 2024,11 Nov 2024,597937,INET Inter Bank Fund Transfer Charges,22794.11,1417.27,369326.05
05 Nov 2024,05 Nov 2024,383702,Raast IBFT to OMAR ZAMAN,16455.37,5206.22,32334.2
15 Jan 2025,15 Jan 2025,477111,Raast IBFT to IQRA PARVEEN,15849.21,16455.4,10249.29
01 Feb 2025,01 Feb 2025,561767,Raast IBFT to IQRA PARVEEN,1144.3,8769.08,477480.61
10 Dec 2024,10 Dec 2024,084921,Raast IBFT to IQRA PARVEEN,19084.33,9587.45,210473.1
10 Nov 2024,10 Nov 2024,877186,Raast IBFT to OMAR ZAMAN,6825.97,13382.67,321563.35
19 Nov 2024,19 Nov 2024,679936,Raast IBFT to IQRA PARVEEN,10551.36,1928.76,436060.35
15 Nov 2024,15 Nov 2024,059251,Raast IBFT to OMAR ZAMAN,19518.82,8935.38,251653.27
06 Nov 2024,06 Nov 2024,573755,Raast IBFT to OMAR ZAMAN,23433.28,18776.0,24924.77
02 Feb 2025,02 Feb 2025,106834,INET Inter Bank Fund Transfer Charges,16901.21,21412.03,119131.43
05 Jan 2025,05 Jan 2025,297994,Raast IBFT to IQRA PARVEEN,17093.23,6730.79,84903.45
25 Nov 2024,25 Nov 2024,,Mobile App MARYAM BEGUM,18606.65,17086.99,353537.72
17 Jan 2025,17 Jan 2025,974177,INET Inter Bank Fund Transfer Charges,16920.75,5839.61,86779.53
18 Nov 2024,18 Nov 2024,807120,Raast IBFT to OMAR ZAMAN,5454.86,4915.7,441898.09
30 Jan 2025,30 Jan 2025,437061,INET Inter Bank Fund Transfer Charges,16294.53,2192.54,473826.06
11 Dec 2024,11 Dec 2024,,Mobile App MARYAM BEGUM,5084.68,3697.15,430310.92
07 Dec 2024,07 Dec 2024,391020,Raast IBFT to OMAR ZAMAN,21679.13,13100.73,128242.78
17 Nov 2024,17 Nov 2024,,INET Inter Bank Fund Transfer Charges,14011.66,5101.08,447340.32
01 Nov 2024,01 Nov 2024,223868,Raast IBFT to IQRA PARVEEN,9705.47,8478.45,429468.03
22 Dec 2024,22 Dec 2024,587975,Raast IBFT to IQRA PARVEEN,21195.42,16451.92,55079.68
17 Nov 2024,17 Nov 2024,187012,INET Inter Bank Fund Transfer Charges,6771.59,17773.01,327691.47
08 Nov 2024,08 Nov 2024,665911,Raast IBFT to OMAR ZAMAN,7805.53,7481.33,14148.3
15 Jan 2025,15 Jan 2025,,INET Inter Bank Fund Transfer Charges,1403.5,19456.19,296313.81
03 Feb 2025,03 Feb 2025,851523,Raast IBFT to IQRA PARVEEN,8404.17,12754.27,287843.1
27 Dec 2024,27 Dec 2024,,Raast IBFT to IQRA PARVEEN,22130.22,17309.6,417842.51
31 Jan 2025,31 Jan 2025,367009,Raast IBFT to OMAR ZAMAN,21686.94,16922.89,362163.33
17 Jan 2025,17 Jan 2025,,Mobile App MARYAM BEGUM,7502.08,24484.86,155399.31
18 Dec 2024,18 Dec 2024,463945,INET Inter Bank Fund Transfer Charges,22450.77,16887.02,39014.09
03 Dec 2024,03 Dec 2024,,Raast IBFT to OMAR ZAMAN,15137.37,11509.33,429666.61
26 Nov 2024,26 Nov 2024,,INET Inter Bank Fund Transfer Charges,7170.29,22824.37,484448.93
06 Feb 2025,06 Feb 2025,707513,Raast IBFT to IQRA PARVEEN,19136.63,20712.27,438776.51
01 Nov 2024,01 Nov 2024,,Mobile App MARYAM BEGUM,24596.16,24183.9,213903.18
31 Dec 2024,31 Dec 2024,,Mobile App MARYAM BEGUM,13776.22,12265.45,74504.22
21 Nov 2024,21 Nov 2024,624914,Raast IBFT to OMAR ZAMAN,4367.88,16713.95,379278.2
13 Nov 2024,13 Nov 2024,062060,INET Inter Bank Fund Transfer Charges,22357.31,10615.19,323451.79
21 Nov 2024,21 Nov 2024,,Mobile App MARYAM BEGUM,21800.97,16177.86,481239.1
15 Dec 2024,15 Dec 2024,551229,Raast IBFT to OMAR ZAMAN,4621.8,24800.45,67098.91
10 Dec 2024,10 Dec 2024,371175,Mobile App MARYAM BEGUM,14541.7,8199.66,312338.47
12 Jan 2025,12 Jan 2025,741632,Mobile App MARYAM BEGUM,14442.49,16692.97,96766.62
10 Nov 2024,10 Nov 2024,246954,INET Inter Bank Fund Transfer Charges,21896.63,8661.36,69985.36
19 Nov 2024,19 Nov 2024,,Raast IBFT to OMAR ZAMAN,23152.56,5468.58,312235.45
25 Nov 2024,25 Nov 2024,013758,Mobile App MARYAM BEGUM,13904.65,3735.38,16251.94
07 Jan 2025,07 Jan 2025,821994,Mobile App MARYAM BEGUM,24148.34,20618.45,184374.88
08 Jan 2025,08 Jan 2025,577684,Raast IBFT to IQRA PARVEEN,18798.76,23648.94,433219.64
09 Feb 2025,09 Feb 2025,149006,Raast IBFT to IQRA PARVEEN,2063.25,6960.31,380066.17
31 Dec 2024,31 Dec 2024,387029,Raast IBFT to IQRA PARVEEN,1127.35,6532.78,304489.26
08 Dec 2024,08 Dec 2024,486778,Raast IBFT to IQRA PARVEEN,9808.18,7229.0,195885.6
28 Dec 2024,28 Dec 2024,453162,INET Inter Bank Fund Transfer Charges,14089.25,24322.74,92983.48
20 Jan 2025,20 Jan 2025,,Mobile App MARYAM BEGUM,9014.76,5750.28,22843.84
24 Nov 2024,24 Nov 2024,,INET Inter Bank Fund Transfer Charges,24878.01,20853.31,61207.52
06 Dec 2024,06 Dec 2024,,INET Inter Bank Fund Transfer Charges,23299.08,4631.27,488647.81
24 Jan 2025,24 Jan 2025,,Raast IBFT to OMAR ZAMAN,2961.21,22409.95,420499.46
21 Dec 2024,21 Dec 2024,,Raast IBFT to IQRA PARVEEN,9522.04,16333.2,340524.27
09 Nov 2024,09 Nov 2024,463112,Mobile App MARYAM BEGUM,10554.24,14670.64,372032.11
08 Dec 2024,08 Dec 2024,,Raast IBFT to IQRA PARVEEN,9587.38,16722.75,429200.09
21 Nov 2024,21 Nov 2024,220411,Raast IBFT to OMAR ZAMAN,17389.77,617.74,425327.84
15 Jan 2025,15 Jan 2025,,Raast IBFT to IQRA PARVEEN,7811.54,2358.17,496577.21
23 Dec 2024,23 Dec 2024,768602,Raast IBFT to IQRA PARVEEN,17051.24,7217.66,161203.58
06 Dec 2024,06 Dec 2024,,Raast IBFT to IQRA PARVEEN,7480.04,13004.4,300238.09
17 Jan 2025,17 Jan 2025,521678,Raast IBFT to IQRA PARVEEN,21611.35,728.52,276851.9
23 Nov 2024,23 Nov 2024,397583,Raast IBFT to OMAR ZAMAN,16950.61,18726.33,474245.09
03 Jan 2025,03 Jan 2025,519371,INET Inter Bank Fund Transfer Charges,24420.07,16134.67,121668.32
06 Nov 2024,06 Nov 2024,618938,Mobile App MARYAM BEGUM,12621.1,7777.63,71458.56
27 Dec 2024,27 Dec 2024,,Raast IBFT to OMAR ZAMAN,15564.72,19939.0,429151.42
10 Dec 2024,10 Dec 2024,,Mobile App MARYAM BEGUM,12697.82,14034.89,269938.6
09 Jan 2025,09 Jan 2025,,Raast IBFT to OMAR ZAMAN,9056.74,1290.13,265631.56
02 Nov 2024,02 Nov 2024,834391,Mobile App MARYAM BEGUM,17782.39,13325.1,379941.81
28 Nov 2024,28 Nov 2024,,Raast IBFT to OMAR ZAMAN,8072.85,10590.22,346361.95
18 Dec 2024,18 Dec 2024,951253,Raast IBFT to OMAR ZAMAN,18136.21,1222.25,46649.11
17 Jan 2025,17 Jan 2025,,Mobile App MARYAM BEGUM,16125.28,20985.49,267186.66
06 Jan 2025,06 Jan 2025,,Mobile App MARYAM BEGUM,13022.44,13447.75,273479.56
19 Dec 2024,19 Dec 2024,704065,INET Inter Bank Fund Transfer Charges,2425.59,4104.64,393658.6
25 Jan 2025,25 Jan 2025,401661,Mobile App MARYAM BEGUM,10690.04,19981.52,284658.1
04 Dec 2024,04 Dec 2024,,Raast IBFT to OMAR ZAMAN,18041.86,21908.86,78761.24
20 Jan 2025,20 Jan 2025,,Raast IBFT to OMAR ZAMAN,4341.92,19465.24,323392.61
22 Nov 2024,22 Nov 2024,099529,Raast IBFT to OMAR ZAMAN,3259.34,17408.3,180507.99
15 Jan 2025,15 Jan 2025,677224,Raast IBFT to OMAR ZAMAN,3056.59,18722.58,402708.31
01 Jan 2025,01 Jan 2025,980574,INET Inter Bank Fund Transfer Charges,4971.82,22264.23,455374.17
13 Dec 2024,13 Dec 2024,586372,Mobile App MARYAM BEGUM,23197.3,19991.97,431453.12
13 Nov 2024,13 Nov 2024,686649,Raast IBFT to IQRA PARVEEN,10931.2,8006.18,105049.29
05 Feb 2025,05 Feb 2025,082132,Raast IBFT to IQRA PARVEEN,19162.26,24813.64,86013.68
21 Nov 2024,21 Nov 2024,,INET Inter Bank Fund Transfer Charges,11413.42,3927.9,302770.75
17 Nov 2024,17 Nov 2024,522507,INET Inter Bank Fund Transfer Charges,9405.35,20521.77,44389.75
26 Nov 2024,26 Nov 2024,,Mobile App MARYAM BEGUM,17512.23,8946.53,203183.76
18 Dec 2024,18 Dec 2024,098512,Raast IBFT to OMAR ZAMAN,24156.49,5276.76,306502.49
17 Jan 2025,17 Jan 2025,,Raast IBFT to IQRA PARVEEN,4724.96,13717.87,338292.6
18 Dec 2024,18 Dec 2024,,Raast IBFT to OMAR ZAMAN,11463.32,1068.85,314811.51
02 Feb 2025,02 Feb 2025,547822,Raast IBFT to OMAR ZAMAN,22422.74,20244.48,337834.43
12 Dec 2024,12 Dec 2024,203995,INET Inter Bank Fund Transfer Charges,5384.87,765.87,162840.64
04 Dec 2024,04 Dec 2024,,Mobile App MARYAM BEGUM,7122.78,9249.74,499610.39
12 Jan 2025,12 Jan 2025,458428,INET Inter Bank Fund Transfer Charges,1762.48,20442.82,32650.05
08 Dec 2024,08 Dec 2024,,INET Inter Bank Fund Transfer Charges,2514.79,24900.63,402279.04
13 Nov 2024,13 Nov 2024,882409,INET Inter Bank Fund Transfer Charges,19121.65,8928.75,185384.48
07 Feb 2025,07 Feb 2025,,Raast IBFT to IQRA PARVEEN,15750.85,14114.74,342768.68
14 Dec 2024,14 Dec 2024,,INET Inter Bank Fund Transfer Charges,13686.7,24327.31,186887.7
29 Jan 2025,29 Jan 2025,148748,Raast IBFT to OMAR ZAMAN,10381.71,548.26,437039.32
05 Feb 2025,05 Feb 2025,,Mobile App MARYAM BEGUM,11704.71,12336.81,431593.92
04 Jan 2025,04 Jan 2025,,Mobile App MARYAM BEGUM,13371.08,20411.93,430241.28
13 Jan 2025,13 Jan 2025,277504,Mobile App MARYAM BEGUM,19717.79,23225.55,323404.06
10 Dec 2024,10 Dec 2024,,Raast IBFT to OMAR ZAMAN,12165.56,18324.68,406846.52
05 Jan 2025,05 Jan 2025,830757,Raast IBFT to IQRA PARVEEN,7604.23,11976.19,458843.26
30 Dec 2024,30 Dec 2024,563600,Raast IBFT to IQRA PARVEEN,21535.71,17264.08,161097.34
01 Nov 2024,01 Nov 2024,,Raast IBFT to IQRA PARVEEN,7967.22,17498.95,267980.14
19 Dec 2024,19 Dec 2024,666237,INET Inter Bank Fund Transfer Charges,21699.31,14127.94,399172.18
20 Dec 2024,20 Dec 2024,,Raast IBFT to IQRA PARVEEN,18873.36,19950.44,251202.06
19 Jan 2025,19 Jan 2025,444032,Mobile App MARYAM BEGUM,20907.97,8288.37,40699.39
15 Dec 2024,15 Dec 2024,,INET Inter Bank Fund Transfer Charges,9008.27,24379.9,458776.28
13 Jan 2025,13 Jan 2025,,Raast IBFT to OMAR ZAMAN,23896.96,11214.71,193029.45
06 Feb 2025,06 Feb 2025,,INET Inter Bank Fund Transfer Charges,9295.11,590.03,402431.0
03 Feb 2025,03 Feb 2025,,INET Inter Bank Fund Transfer Charges,15612.32,1237.18,110659.94
22 Jan 2025,22 Jan 2025,,Mobile App MARYAM BEGUM,14000.78,23133.39,24948.58
03 Nov 2024,03 Nov 2024,114200,Raast IBFT to IQRA PARVEEN,7314.17,4331.21,104924.84
03 Dec 2024,03 Dec 2024,883281,INET Inter Bank Fund Transfer Charges,10446.09,9577.54,470753.58
02 Nov 2024,02 Nov 2024,249919,INET Inter Bank Fund Transfer Charges,16071.18,15986.44,55546.74
02 Jan 2025,02 Jan 2025,347397,INET Inter Bank Fund Transfer Charges,18161.52,24909.62,439688.7
01 Nov 2024,01 Nov 2024,625009,Mobile App MARYAM BEGUM,1403.36,11373.6,495404.3
19 Dec 2024,19 Dec 2024,062638,Raast IBFT to IQRA PARVEEN,11695.71,21563.13,316393.27
17 Nov 2024,17 Nov 2024,,Raast IBFT to IQRA PARVEEN,5861.1,21019.68,421481.07
13 Jan 2025,13 Jan 2025,540239,Raast IBFT to IQRA PARVEEN,11604.19,16067.13,247372.92
29 Jan 2025,29 Jan 2025,,Raast IBFT to OMAR ZAMAN,5444.02,9759.01,349265.48
14 Dec 2024,14 Dec 2024,341855,Raast IBFT to OMAR ZAMAN,4579.17,5995.11,327199.77
09 Nov 2024,09 Nov 2024,422659,Mobile App MARYAM BEGUM,3516.43,12201.62,65539.79
25 Jan 2025,25 Jan 2025,549516,Mobile App MARYAM BEGUM,11820.73,9285.21,441353.83
03 Nov 2024,03 Nov 2024,582014,INET Inter Bank Fund Transfer Charges,24937.74,13752.57,323322.0
23 Dec 2024,23 Dec 2024,,Raast IBFT to IQRA PARVEEN,16140.95,3734.66,288436.44
04 Dec 2024,04 Dec 2024,239480,Mobile App MARYAM BEGUM,16642.11,23706.5,356383.19
15 Dec 2024,15 Dec 2024,,Raast IBFT to OMAR ZAMAN,18571.08,1991.55,409046.37
07 Dec 2024,07 Dec 2024,,Mobile App MARYAM BEGUM,20720.18,20187.93,98319.06
07 Jan 2025,07 Jan 2025,214119,Raast IBFT to OMAR ZAMAN,14784.83,18941.03,158102.96
16 Nov 2024,16 Nov 2024,799828,INET Inter Bank Fund Transfer Charges,18391.17,11713.26,407098.05
12 Nov 2024,12 Nov 2024,650861,Mobile App MARYAM BEGUM,6710.45,7228.41,19037.21
24 Dec 2024,24 Dec 2024,315934,Raast IBFT to IQRA PARVEEN,16753.44,14811.34,350873.0
10 Nov 2024,10 Nov 2024,860339,INET Inter Bank Fund Transfer Charges,9322.01,175.3,416022.07
14 Dec 2024,14 Dec 2024,,Mobile App MARYAM BEGUM,15469.01,9726.15,316876.6
31 Jan 2025,31 Jan 2025,,Mobile App MARYAM BEGUM,12736.83,3.58,333172.78
19 Nov 2024,19 Nov 2024,163560,Mobile App MARYAM BEGUM,2189.24,23090.04,170421.7
31 Dec 2024,31 Dec 2024,483585,Raast IBFT to IQRA PARVEEN,16863.27,1557.59,419347.63
16 Jan 2025,16 Jan 2025,,INET Inter Bank Fund Transfer Charges,16739.12,16046.12,465432.89
04 Nov 2024,04 Nov 2024,496622,Mobile App MARYAM BEGUM,17341.03,22431.79,486911.06
23 Dec 2024,23 Dec 2024,770057,Raast IBFT to IQRA PARVEEN,21816.27,12209.73,71664.18
10 Nov 2024,10 Nov 2024,610759,Raast IBFT to OMAR ZAMAN,5128.03,19386.76,422682.4
21 Nov 2024,21 Nov 2024,212897,INET Inter Bank Fund Transfer Charges,22870.25,1663.72,46639.56
03 Nov 2024,03 Nov 2024,990012,Raast IBFT to OMAR ZAMAN,20186.14,15830.05,161797.16
28 Dec 2024,28 Dec 2024,,Raast IBFT to IQRA PARVEEN,4316.01,16806.45,118341.0
21 Nov 2024,21 Nov 2024,,Raast IBFT to IQRA PARVEEN,4815.31,16065.66,326578.95
31 Dec 2024,31 Dec 2024,,Mobile App MARYAM BEGUM,14967.64,10688.86,497682.88
27 Nov 2024,27 Nov 2024,220999,Raast IBFT to IQRA PARVEEN,18248.56,22709.5,138431.81
29 Dec 2024,29 Dec 2024,969378,Raast IBFT to OMAR ZAMAN,21999.29,17857.14,333781.75
19 Nov 2024,19 Nov 2024,186527,Raast IBFT to OMAR ZAMAN,16022.24,19576.11,77863.23
11 Nov 2024,11 Nov 2024,287027,Mobile App MARYAM BEGUM,15562.77,22339.18,90943.23
06 Nov 2024,06 Nov 2024,,Raast IBFT to IQRA PARVEEN,2104.37,9640.69,494291.47
29 Dec 2024,29 Dec 2024,860587,INET Inter Bank Fund Transfer Charges,12211.94,11165.96,37146.49
02 Feb 2025,02 Feb 2025,577205,Mobile App MARYAM BEGUM,5923.68,13428.39,457061.62
21 Dec 2024,21 Dec 2024,,Raast IBFT to IQRA PARVEEN,5337.81,5487.81,432795.54
02 Jan 2025,02 Jan 2025,,INET Inter Bank Fund Transfer Charges,12478.47,18743.24,67561.29
04 Nov 2024,04 Nov 2024,102617,Raast IBFT to IQRA PARVEEN,11384.22,11124.56,62540.89
03 Nov 2024,03 Nov 2024,197169,Mobile App MARYAM BEGUM,10831.44,22046.23,414389.07
12 Jan 2025,12 Jan 2025,080199,Raast IBFT to OMAR ZAMAN,6013.6,16386.39,121352.72
28 Nov 2024,28 Nov 2024,826754,Mobile App MARYAM BEGUM,11470.64,10923.64,385703.45
04 Dec 2024,04 Dec 2024,613302,Raast IBFT to OMAR ZAMAN,16144.35,17792.39,347495.26
09 Dec 2024,09 Dec 2024,,INET Inter Bank Fund Transfer Charges,8070.33,9097.52,154935.04
30 Dec 2024,30 Dec 2024,,Mobile App MARYAM BEGUM,14099.56,15064.48,71691.39
22 Nov 2024,22 Nov 2024,,Raast IBFT to IQRA PARVEEN,11488.87,15628.95,224719.76
20 Jan 2025,20 Jan 2025,,INET Inter Bank Fund Transfer Charges,18301.07,19639.78,340923.82
03 Dec 2024,03 Dec 2024,328644,Raast IBFT to IQRA PARVEEN,1287.03,3540.88,29620.8
04 Jan 2025,04 Jan 2025,,INET Inter Bank Fund Transfer Charges,15297.95,14404.84,297413.8
25 Nov 2024,25 Nov 2024,,Raast IBFT to IQRA PARVEEN,13565.97,15001.07,417523.45
29 Nov 2024,29 Nov 2024,,Raast IBFT to OMAR ZAMAN,14422.39,11576.14,391947.52
03 Jan 2025,03 Jan 2025,,Mobile App MARYAM BEGUM,12994.26,17685.5,181660.91
12 Nov 2024,12 Nov 2024,,Raast IBFT to IQRA PARVEEN,14269.13,12083.49,252332.85
06 Feb 2025,06 Feb 2025,,Raast IBFT to OMAR ZAMAN,9547.37,6459.73,258603.97
03 Dec 2024,03 Dec 2024,826764,Mobile App MARYAM BEGUM,8245.73,5203.84,135939.69
31 Dec 2024,31 Dec 2024,,Raast IBFT to OMAR ZAMAN,16988.36,13301.59,348870.6
27 Dec 2024,27 Dec 2024,,Mobile App MARYAM BEGUM,21913.41,3173.11,152370.83
03 Feb 2025,03 Feb 2025,,Raast IBFT to IQRA PARVEEN,15845.26,6064.43,188168.73
11 Nov 2024,11 Nov 2024,263524,Raast IBFT to IQRA PARVEEN,17444.85,17597.33,57850.87
11 Nov 2024,11 Nov 2024,829884,Mobile App MARYAM BEGUM,18010.12,23292.67,123416.65
20 Jan 2025,20 Jan 2025,,Raast IBFT to IQRA PARVEEN,9638.72,1522.02,414610.37
21 Jan 2025,21 Jan 2025,,Raast IBFT to IQRA PARVEEN,4728.42,164.85,42794.78
17 Jan 2025,17 Jan 2025,507877,Mobile App MARYAM BEGUM,20686.13,2179.93,404394.25
02 Nov 2024,02 Nov 2024,,Raast IBFT to IQRA PARVEEN,7397.76,21484.42,344268.83
08 Nov 2024,08 Nov 2024,,INET Inter Bank Fund Transfer Charges,9200.32,7933.32,283350.23
01 Jan 2025,01 Jan 2025,,Raast IBFT to IQRA PARVEEN,7505.6,1213.15,196484.17
12 Nov 2024,12 Nov 2024,,Mobile App MARYAM BEGUM,14644.41,10719.81,418424.53
30 Dec 2024,30 Dec 2024,411886,INET Inter Bank Fund Transfer Charges,21232.38,18230.57,182335.68
22 Jan 2025,22 Jan 2025,,Raast IBFT to OMAR ZAMAN,8056.87,14324.8,34283.95
14 Dec 2024,14 Dec 2024,714015,Raast IBFT to IQRA PARVEEN,18559.09,6776.98,140920.79
10 Nov 2024,10 Nov 2024,875311,Mobile App MARYAM BEGUM,22159.0,20545.34,202984.71
28 Jan 2025,28 Jan 2025,,INET Inter Bank Fund Transfer Charges,2070.89,24082.26,396461.92
06 Nov 2024,06 Nov 2024,,Raast IBFT to IQRA PARVEEN,20495.11,23050.58,238402.32
30 Dec 2024,30 Dec 2024,876799,Mobile App MARYAM BEGUM,2732.43,3832.91,363873.25
18 Dec 2024,18 Dec 2024,142437,Raast IBFT to IQRA PARVEEN,7586.43,18472.64,216252.53
12 Nov 2024,12 Nov 2024,,Raast IBFT to OMAR ZAMAN,23406.6,16022.75,44043.27
21 Jan 2025,21 Jan 2025,,Raast IBFT to IQRA PARVEEN,21812.64,12339.38,384783.65
20 Nov 2024,20 Nov 2024,,Raast IBFT to IQRA PARVEEN,13491.22,22023.68,393150.27
15 Jan 2025,15 Jan 2025,,Mobile App MARYAM BEGUM,12880.29,7229.91,359770.41
09 Dec 2024,09 Dec 2024,709958,INET Inter Bank Fund Transfer Charges,19367.73,7848.84,322462.86
05 Jan 2025,05 Jan 2025,,Raast IBFT to IQRA PARVEEN,19147.09,6016.77,434779.92
16 Dec 2024,16 Dec 2024,,Raast IBFT to IQRA PARVEEN,10238.74,16462.17,296591.15
19 Jan 2025,19 Jan 2025,,Raast IBFT to OMAR ZAMAN,9075.36,17503.71,105816.59
25 Jan 2025,25 Jan 2025,595070,Raast IBFT to OMAR ZAMAN,2219.4,24544.06,225898.75
03 Dec 2024,03 Dec 2024,082568,Raast IBFT to OMAR ZAMAN,5190.95,18841.26,89369.36
08 Dec 2024,08 Dec 2024,803399,INET Inter Bank Fund Transfer Charges,17390.57,21421.82,233392.45
23 Jan 2025,23 Jan 2025,905608,Raast IBFT to IQRA PARVEEN,13072.32,23877.36,497781.8
26 Jan 2025,26 Jan 2025,724367,Raast IBFT to IQRA PARVEEN,15796.03,15931.4,22957.11
22 Nov 2024,22 Nov 2024,252426,Mobile App MARYAM BEGUM,20825.98,7444.43,15852.3
05 Nov 2024,05 Nov 2024,776842,INET Inter Bank Fund Transfer Charges,24875.06,4846.4,27265.55
11 Jan 2025,11 Jan 2025,052526,INET Inter Bank Fund Transfer Charges,5678.92,12856.98,234149.93
29 Jan 2025,29 Jan 2025,720086,Mobile App MARYAM BEGUM,13454.21,16136.79,276657.13
11 Dec 2024,11 Dec 2024,,Raast IBFT to OMAR ZAMAN,2613.11,15684.18,179493.28
12 Dec 2024,12 Dec 2024,,Mobile App MARYAM BEGUM,11543.55,9880.03,195419.6
03 Jan 2025,03 Jan 2025,585425,Raast IBFT to IQRA PARVEEN,10269.2,18556.6,55022.15
27 Dec 2024,27 Dec 2024,,Raast IBFT to OMAR ZAMAN,8256.24,15600.35,11559.94
11 Jan 2025,11 Jan 2025,314084,Raast IBFT to OMAR ZAMAN,15064.85,10317.31,134040.75
03 Nov 2024,03 Nov 2024,,Raast IBFT to IQRA PARVEEN,7187.81,688.79,60130.96
01 Feb 2025,01 Feb 2025,323528,Raast IBFT to IQRA PARVEEN,3907.75,21586.9,52183.95
04 Feb 2025,04 Feb 2025,,Raast IBFT to OMAR ZAMAN,2743.43,17204.32,319619.43
23 Dec 2024,23 Dec 2024,676395,INET Inter Bank Fund Transfer Charges,16665.42,16058.91,458320.96
15 Dec 2024,15 Dec 2024,,Raast IBFT to OMAR ZAMAN,14363.16,5731.36,270994.78
18 Nov 2024,18 Nov 2024,664030,Raast IBFT to OMAR ZAMAN,5930.42,910.2,316635.24
27 Jan 2025,27 Jan 2025,392124,Raast IBFT to OMAR ZAMAN,10260.99,12723.89,122558.44
03 Nov 2024,03 Nov 2024,215995,Raast IBFT to IQRA PARVEEN,22821.66,4425.06,66542.5
22 Jan 2025,22 Jan 2025,,INET Inter Bank Fund Transfer Charges,11807.29,15336.77,161180.05
22 Dec 2024,22 Dec 2024,684634,Raast IBFT to OMAR ZAMAN,10532.71,7937.64,79288.56
17 Nov 2024,17 Nov 2024,675697,INET Inter Bank Fund Transfer Charges,19807.52,18518.89,307771.26
23 Jan 2025,23 Jan 2025,,Mobile App MARYAM BEGUM,11057.15,18194.36,49024.51
14 Jan 2025,14 Jan 2025,791993,Raast IBFT to IQRA PARVEEN,22583.63,21962.28,341108.01
01 Jan 2025,01 Jan 2025,,Raast IBFT to OMAR ZAMAN,18875.21,13289.72,177509.95
29 Dec 2024,29 Dec 2024,,Raast IBFT to OMAR ZAMAN,24863.71,4758.46,71567.35
01 Nov 2024,01 Nov 2024,322052,Mobile App MARYAM BEGUM,15647.86,14643.26,343386.55
02 Feb 2025,02 Feb 2025,,Raast IBFT to IQRA PARVEEN,15808.5,9423.7,422053.73
12 Jan 2025,12 Jan 2025,,Raast IBFT to OMAR ZAMAN,9451.6,22881.85,499844.52
28 Jan 2025,28 Jan 2025,566097,Raast IBFT to OMAR ZAMAN,22930.87,8788.59,191807.61
09 Dec 2024,09 Dec 2024,,Mobile App MARYAM BEGUM,18442.25,15507.71,389407.41
09 Jan 2025,09 Jan 2025,817039,INET Inter Bank Fund Transfer Charges,21906.06,3646.78,203648.79
05 Dec 2024,05 Dec 2024,,Mobile App MARYAM BEGUM,19846.3,19327.93,59341.13
03 Nov 2024,03 Nov 2024,,Raast IBFT to OMAR ZAMAN,21574.52,23027.68,65212.43
04 Jan 2025,04 Jan 2025,010025,Raast IBFT to IQRA PARVEEN,6896.94,16563.06,52897.27
31 Dec 2024,31 Dec 2024,,Raast IBFT to IQRA PARVEEN,10366.3,22849.19,72120.31
15 Nov 2024,15 Nov 2024,,Mobile App MARYAM BEGUM,24593.7,23999.08,492294.75
02 Nov 2024,02 Nov 2024,545012,Raast IBFT to IQRA PARVEEN,5770.78,24068.29,282614.78
11 Nov 2024,11 Nov 2024,026966,Raast IBFT to IQRA PARVEEN,22715.21,7245.32,325161.91
25 Dec 2024,25 Dec 2024,854295,Raast IBFT to OMAR ZAMAN,10829.03,20986.56,290673.37
09 Dec 2024,09 Dec 2024,926896,Mobile App MARYAM BEGUM,22618.14,18027.56,52639.24
04 Dec 2024,04 Dec 2024,361701,Raast IBFT to IQRA PARVEEN,7830.08,18031.32,181438.22
13 Nov 2024,13 Nov 2024,,INET Inter Bank Fund Transfer Charges,21373.62,5498.92,89130.89
04 Jan 2025,04 Jan 2025,787132,Raast IBFT to IQRA PARVEEN,10354.4,1195.27,51838.96
04 Jan 2025,04 Jan 2025,619210,Mobile App MARYAM BEGUM,9293.01,6588.29,350405.74
01 Feb 2025,01 Feb 2025,986595,INET Inter Bank Fund Transfer Charges,18648.0,16468.94,167479.2
31 Jan 2025,31 Jan 2025,,Raast IBFT to IQRA PARVEEN,13848.55,23401.39,456716.14
22 Dec 2024,22 Dec 2024,,Raast IBFT to OMAR ZAMAN,7395.25,3192.99,204201.85
09 Nov 2024,09 Nov 2024,,INET Inter Bank Fund Transfer Charges,5685.84,1014.74,155581.55
08 Dec 2024,08 Dec 2024,,INET Inter Bank Fund Transfer Charges,15734.92,17157.49,210080.64
07 Dec 2024,07 Dec 2024,432667,Raast IBFT to IQRA PARVEEN,24559.79,13062.7,318641.43
01 Nov 2024,01 Nov 2024,,INET Inter Bank Fund Transfer Charges,9295.11,24797.12,114143.94
20 Dec 2024,20 Dec 2024,,Raast IBFT to IQRA PARVEEN,15656.15,19431.67,365621.92
16 Jan 2025,16 Jan 2025,081959,Mobile App MARYAM BEGUM,5790.49,4156.51,329844.82
23 Jan 2025,23 Jan 2025,,Raast IBFT to OMAR ZAMAN,18852.72,5784.01,99136.85
15 Dec 2024,15 Dec 2024,,Raast IBFT to OMAR ZAMAN,13475.54,11732.83,299771.73
09 Nov 2024,09 Nov 2024,,INET Inter Bank Fund Transfer Charges,6204.55,1065.82,308302.19
21 Dec 2024,21 Dec 2024,561231,Mobile App MARYAM BEGUM,19715.17,20462.79,153039.64
30 Dec 2024,30 Dec 2024,709431,Mobile App MARYAM BEGUM,24221.96,14241.25,358255.56
16 Jan 2025,16 Jan 2025,,INET Inter Bank Fund Transfer Charges,19183.44,15204.29,271793.08
31 Dec 2024,31 Dec 2024,543621,Raast IBFT to OMAR ZAMAN,6602.87,13678.61,14626.99
09 Jan 2025,09 Jan 2025,,INET Inter Bank Fund Transfer Charges,11052.5,21844.77,218987.61
02 Nov 2024,02 Nov 2024,,INET Inter Bank Fund Transfer Charges,6378.98,18459.55,40297.16
09 Nov 2024,09 Nov 2024,,Raast IBFT to OMAR ZAMAN,8916.31,17724.14,446666.36
23 Jan 2025,23 Jan 2025,329847,Mobile App MARYAM BEGUM,9243.98,15489.44,261705.87
30 Dec 2024,30 Dec 2024,126484,Mobile App MARYAM BEGUM,4270.95,15888.93,414394.12
19 Dec 2024,19 Dec 2024,,INET Inter Bank Fund Transfer Charges,15011.43,24064.03,442167.77
27 Jan 2025,27 Jan 2025,,Mobile App MARYAM BEGUM,13481.73,2155.29,28950.21
30 Dec 2024,30 Dec 2024,,Raast IBFT to OMAR ZAMAN,9047.36,8939.21,473614.63
23 Dec 2024,23 Dec 2024,014355,INET Inter Bank Fund Transfer Charges,14518.07,20330.38,455407.38
26 Nov 2024,26 Nov 2024,419771,Raast IBFT to IQRA PARVEEN,22297.83,5669.51,105758.77
14 Dec 2024,14 Dec 2024,802582,Mobile App MARYAM BEGUM,6704.49,3009.77,383708.52
17 Dec 2024,17 Dec 2024,836171,Raast IBFT to IQRA PARVEEN,10710.76,17917.22,78651.76
02 Feb 2025,02 Feb 2025,475855,Raast IBFT to IQRA PARVEEN,18877.81,6891.62,162071.54
12 Jan 2025,12 Jan 2025,844201,Mobile App MARYAM BEGUM,11933.99,13966.1,171123.29
21 Nov 2024,21 Nov 2024,805485,INET Inter Bank Fund Transfer Charges,11474.43,16522.49,100199.27
30 Jan 2025,30 Jan 2025,156648,INET Inter Bank Fund Transfer Charges,13633.63,12222.46,147280.37
10 Jan 2025,10 Jan 2025,,Raast IBFT to OMAR ZAMAN,10921.67,9080.72,221716.99
23 Nov 2024,23 Nov 2024,,INET Inter Bank Fund Transfer Charges,9746.6,13217.32,334548.22
20 Dec 2024,20 Dec 2024,957268,INET Inter Bank Fund Transfer Charges,7792.55,21613.17,50006.64
24 Nov 2024,24 Nov 2024,,INET Inter Bank Fund Transfer Charges,20064.35,21606.82,430534.69
26 Dec 2024,26 Dec 2024,567889,Mobile App MARYAM BEGUM,14073.02,238.76,347933.69
20 Dec 2024,20 Dec 2024,905408,Mobile App MARYAM BEGUM,24214.67,9761.73,484762.39
19 Nov 2024,19 Nov 2024,,Raast IBFT to IQRA PARVEEN,22080.3,4037.59,36671.28
01 Nov 2024,01 Nov 2024,,Raast IBFT to OMAR ZAMAN,15182.46,8238.62,435297.18
05 Feb 2025,05 Feb 2025,,Mobile App MARYAM BEGUM,18364.48,5331.72,249916.62
25 Nov 2024,25 Nov 2024,,INET Inter Bank Fund Transfer Charges,13869.66,782.19,277642.75
13 Jan 2025,13 Jan 2025,,Raast IBFT to OMAR ZAMAN,10467.32,23901.32,441957.22
01 Jan 2025,01 Jan 2025,,INET Inter Bank Fund Transfer Charges,11815.1,4668.94,429573.19
21 Jan 2025,21 Jan 2025,108449,Raast IBFT to IQRA PARVEEN,19400.26,24962.28,107539.05
26 Nov 2024,26 Nov 2024,199510,Raast IBFT to IQRA PARVEEN,14416.49,6906.86,170607.33
19 Jan 2025,19 Jan 2025,,INET Inter Bank Fund Transfer Charges,14793.58,18992.87,266463.85
17 Nov 2024,17 Nov 2024,759231,Raast IBFT to IQRA PARVEEN,8953.32,21108.12,490137.68
28 Dec 2024,28 Dec 2024,,INET Inter Bank Fund Transfer Charges,17562.13,4826.81,191971.79
29 Jan 2025,29 Jan 2025,,INET Inter Bank Fund Transfer Charges,22637.34,15952.1,481888.12
30 Dec 2024,30 Dec 2024,987845,Raast IBFT to OMAR ZAMAN,20921.71,12053.69,220691.71
22 Jan 2025,22 Jan 2025,247658,Mobile App MARYAM BEGUM,21837.84,3431.62,240407.6
26 Nov 2024,26 Nov 2024,,Raast IBFT to OMAR ZAMAN,21910.19,19046.76,430191.73
07 Nov 2024,07 Nov 2024,,INET Inter Bank Fund Transfer Charges,7858.46,9168.2,412811.68
14 Jan 2025,14 Jan 2025,683262,Raast IBFT to IQRA PARVEEN,7481.95,23402.47,488252.03
27 Nov 2024,27 Nov 2024,343919,Raast IBFT to IQRA PARVEEN,14840.98,15006.01,340798.57
13 Jan 2025,13 Jan 2025,723972,Raast IBFT to IQRA PARVEEN,18414.9,12700.51,361773.78
28 Dec 2024,28 Dec 2024,061219,Mobile App MARYAM BEGUM,4192.37,9036.33,192835.99
17 Nov 2024,17 Nov 2024,,Raast IBFT to IQRA PARVEEN,21337.41,2626.49,37680.62
21 Jan 2025,21 Jan 2025,627215,INET Inter Bank Fund Transfer Charges,18570.44,14658.92,289206.41
02 Dec 2024,02 Dec 2024,052971,Raast IBFT to IQRA PARVEEN,18400.41,3290.5,241213.18
05 Feb 2025,05 Feb 2025,689614,Raast IBFT to IQRA PARVEEN,15980.21,12613.32,22081.59
01 Feb 2025,01 Feb 2025,469648,Raast IBFT to OMAR ZAMAN,17490.55,7411.39,373104.42
14 Dec 2024,14 Dec 2024,265294,Mobile App MARYAM BEGUM,2690.54,12177.63,18010.42
23 Dec 2024,23 Dec 2024,,Raast IBFT to OMAR ZAMAN,13423.37,2600.15,272577.51
06 Nov 2024,06 Nov 2024,376364,Raast IBFT to IQRA PARVEEN,7895.2,6437.81,86997.64
03 Feb 2025,03 Feb 2025,,Raast IBFT to IQRA PARVEEN,18981.6,3356.9,489855.82
04 Dec 2024,04 Dec 2024,993005,Raast IBFT to OMAR ZAMAN,3146.71,1390.3,120282.83
09 Jan 2025,09 Jan 2025,439973,Mobile App MARYAM BEGUM,4325.98,20735.46,321026.15
24 Jan 2025,24 Jan 2025,976212,Raast IBFT to IQRA PARVEEN,21836.93,21567.33,200532.27
06 Dec 2024,06 Dec 2024,,Mobile App MARYAM BEGUM,4642.6,17947.65,466460.91
01 Dec 2024,01 Dec 2024,,Raast IBFT to OMAR ZAMAN,20862.96,730.3,254619.73
12 Dec 2024,12 Dec 2024,618016,Raast IBFT to IQRA PARVEEN,19430.74,1421.76,31484.27
25 Dec 2024,25 Dec 2024,112045,Mobile App MARYAM BEGUM,12748.62,1014.41,207857.44
15 Nov 2024,15 Nov 2024,,Raast IBFT to IQRA PARVEEN,12375.49,24808.23,177158.39
25 Dec 2024,25 Dec 2024,,Raast IBFT to OMAR ZAMAN,10144.03,6526.83,184133.22
07 Jan 2025,07 Jan 2025,,Raast IBFT to OMAR ZAMAN,2451.48,1119.64,81003.9
12 Dec 2024,12 Dec 2024,393678,Raast IBFT to OMAR ZAMAN,9470.42,18334.47,442006.05
04 Feb 2025,04 Feb 2025,852447,Raast IBFT to IQRA PARVEEN,24978.41,4549.91,72538.38
25 Dec 2024,25 Dec 2024,375399,Raast IBFT to IQRA PARVEEN,6299.65,8451.83,288845.82
27 Nov 2024,27 Nov 2024,,INET Inter Bank Fund Transfer Charges,8697.21,10388.52,199415.1
08 Dec 2024,08 Dec 2024,,Mobile App MARYAM BEGUM,21978.92,14877.77,219588.22
26 Dec 2024,26 Dec 2024,487594,INET Inter Bank Fund Transfer Charges,23845.13,23320.83,190236.1
05 Nov 2024,05 Nov 2024,,Raast IBFT to OMAR ZAMAN,13323.74,17924.11,89071.84
07 Nov 2024,07 Nov 2024,720618,Raast IBFT to IQRA PARVEEN,10793.24,16517.35,147191.26
28 Dec 2024,28 Dec 2024,380219,INET Inter Bank Fund Transfer Charges,13377.7,11792.42,138838.06
03 Jan 2025,03 Jan 2025,883215,INET Inter Bank Fund Transfer Charges,11210.53,12280.51,115798.51
04 Nov 2024,04 Nov 2024,,INET Inter Bank Fund Transfer Charges,7192.07,17836.27,369466.83
09 Feb 2025,09 Feb 2025,407707,Mobile App MARYAM BEGUM,5935.75,9240.45,487222.51
26 Dec 2024,26 Dec 2024,,Raast IBFT to OMAR ZAMAN,12361.96,18915.54,47161.92
13 Nov 2024,13 Nov 2024,,Raast IBFT to OMAR ZAMAN,12903.96,7693.84,137717.06
08 Dec 2024,08 Dec 2024,,Raast IBFT to OMAR ZAMAN,18379.03,17454.58,471877.12
20 Nov 2024,20 Nov 2024,,INET Inter Bank Fund Transfer Charges,21969.67,24446.67,470711.45
09 Feb 2025,09 Feb 2025,,Raast IBFT to OMAR ZAMAN,3011.87,10141.18,241959.8
23 Nov 2024,23 Nov 2024,280608,Mobile App MARYAM BEGUM,10448.05,6011.98,496827.14
25 Nov 2024,25 Nov 2024,,Raast IBFT to OMAR ZAMAN,21925.62,23803.77,286341.99
19 Jan 2025,19 Jan 2025,139710,Raast IBFT to OMAR ZAMAN,24900.3,8282.05,342355.32
03 Dec 2024,03 Dec 2024,,Raast IBFT to OMAR ZAMAN,19314.5,15531.76,468450.34
12 Jan 2025,12 Jan 2025,581582,Mobile App MARYAM BEGUM,21128.68,11871.33,487470.52
02 Feb 2025,02 Feb 2025,942802,INET Inter Bank Fund Transfer Charges,4852.27,20932.54,313842.42
02 Dec 2024,02 Dec 2024,403053,Raast IBFT to IQRA PARVEEN,18222.02,12950.58,13385.2
15 Jan 2025,15 Jan 2025,,Mobile App MARYAM BEGUM,3831.05,6446.39,97070.69
04 Dec 2024,04 Dec 2024,775386,Mobile App MARYAM BEGUM,20918.76,15618.75,391883.9
09 Feb 2025,09 Feb 2025,,Raast IBFT to IQRA PARVEEN,3597.74,678.16,257913.0
22 Nov 2024,22 Nov 2024,,Mobile App MARYAM BEGUM,12529.18,7585.63,212243.71
12 Dec 2024,12 Dec 2024,,Mobile App MARYAM BEGUM,19788.54,21832.28,135982.25
04 Nov 2024,04 Nov 2024,077490,Raast IBFT to OMAR ZAMAN,14728.86,4578.63,286368.67
04 Jan 2025,04 Jan 2025,,INET Inter Bank Fund Transfer Charges,1961.76,20093.71,214820.26
28 Nov 2024,28 Nov 2024,,Raast IBFT to IQRA PARVEEN,8832.8,24346.05,164150.97
05 Nov 2024,05 Nov 2024,,Mobile App MARYAM BEGUM,8655.96,8089.9,422493.31
08 Feb 2025,08 Feb 2025,,INET Inter Bank Fund Transfer Charges,20998.48,2042.33,460784.54
26 Jan 2025,26 Jan 2025,,Mobile App MARYAM BEGUM,10878.5,8491.39,254375.74
31 Jan 2025,31 Jan 2025,536040,Mobile App MARYAM BEGUM,22116.9,9574.67,304446.66
31 Jan 2025,31 Jan 2025,,INET Inter Bank Fund Transfer Charges,17447.41,2680.13,447781.15
06 Nov 2024,06 Nov 2024,367922,Raast IBFT to OMAR ZAMAN,2474.2,7117.75,263442.74
05 Feb 2025,05 Feb 2025,,Raast IBFT to OMAR ZAMAN,11005.34,11092.43,220487.44
09 Jan 2025,09 Jan 2025,554923,INET Inter Bank Fund Transfer Charges,24874.98,9837.85,440284.47
03 Dec 2024,03 Dec 2024,,Raast IBFT to OMAR ZAMAN,16857.09,17941.17,210725.85
20 Dec 2024,20 Dec 2024,,Raast IBFT to OMAR ZAMAN,17314.72,16605.38,146456.9
08 Nov 2024,08 Nov 2024,954294,Raast IBFT to OMAR ZAMAN,5822.35,16212.53,182251.15
23 Jan 2025,23 Jan 2025,439215,Raast IBFT to IQRA PARVEEN,2153.22,7923.52,230901.68
24 Nov 2024,24 Nov 2024,389624,Raast IBFT to OMAR ZAMAN,11134.44,8241.86,342109.98
23 Dec 2024,23 Dec 2024,205629,INET Inter Bank Fund Transfer Charges,24352.98,17131.99,406439.17
23 Jan 2025,23 Jan 2025,,Raast IBFT to OMAR ZAMAN,2789.6,3179.07,152623.26
13 Dec 2024,13 Dec 2024,441646,INET Inter Bank Fund Transfer Charges,6443.39,5561.44,299520.81
18 Nov 2024,18 Nov 2024,,INET Inter Bank Fund Transfer Charges,13796.89,14167.42,21766.47
03 Dec 2024,03 Dec 2024,454170,INET Inter Bank Fund Transfer Charges,1063.0,13909.95,474159.45
13 Dec 2024,13 Dec 2024,,Raast IBFT to IQRA PARVEEN,11150.25,8728.22,493428.94
27 Jan 2025,27 Jan 2025,383226,INET Inter Bank Fund Transfer Charges,19629.91,2215.51,98563.76
30 Jan 2025,30 Jan 2025,859549,INET Inter Bank Fund Transfer Charges,19028.46,3042.64,475223.54
28 Jan 2025,28 Jan 2025,,Mobile App MARYAM BEGUM,21007.57,23219.06,442343.58
22 Nov 2024,22 Nov 2024,649840,Mobile App MARYAM BEGUM,7292.09,14611.79,268945.74
08 Feb 2025,08 Feb 2025,361598,Raast IBFT to OMAR ZAMAN,16969.92,13603.23,430647.2
09 Jan 2025,09 Jan 2025,973864,Raast IBFT to IQRA PARVEEN,18354.02,20632.13,212457.12
04 Jan 2025,04 Jan 2025,330593,Raast IBFT to IQRA PARVEEN,6180.45,11062.95,54926.28
15 Dec 2024,15 Dec 2024,,Mobile App MARYAM BEGUM,5905.03,22607.56,405392.81
14 Jan 2025,14 Jan 2025,,INET Inter Bank Fund Transfer Charges,19707.08,20446.09,91070.99
06 Nov 2024,06 Nov 2024,,Raast IBFT to IQRA PARVEEN,7944.9,9284.76,464493.13
19 Jan 2025,19 Jan 2025,,Raast IBFT to IQRA PARVEEN,4490.15,6125.39,459170.52
02 Nov 2024,02 Nov 2024,,INET Inter Bank Fund Transfer Charges,20519.15,16404.66,116729.44
16 Dec 2024,16 Dec 2024,,INET Inter Bank Fund Transfer Charges,19589.27,8971.57,411691.59
29 Dec 2024,29 Dec 2024,398087,Mobile App MARYAM BEGUM,15359.92,21321.57,386632.51
20 Dec 2024,20 Dec 2024,,Raast IBFT to OMAR ZAMAN,12753.68,21054.8,202428.04
08 Jan 2025,08 Jan 2025,073662,Raast IBFT to IQRA PARVEEN,4843.83,8816.32,240899.05
05 Dec 2024,05 Dec 2024,185630,Mobile App MARYAM BEGUM,9018.22,5172.44,117923.99
23 Jan 2025,23 Jan 2025,,Raast IBFT to OMAR ZAMAN,17967.93,2212.57,397202.46
13 Jan 2025,13 Jan 2025,,Raast IBFT to IQRA PARVEEN,3563.36,23570.95,119686.38
19 Dec 2024,19 Dec 2024,,Raast IBFT to OMAR ZAMAN,5573.16,1204.07,453635.3
26 Dec 2024,26 Dec 2024,679535,INET Inter Bank Fund Transfer Charges,12650.79,21443.24,40499.51
05 Dec 2024,05 Dec 2024,,Raast IBFT to OMAR ZAMAN,16809.44,16145.78,111569.93
08 Dec 2024,08 Dec 2024,,INET Inter Bank Fund Transfer Charges,9265.71,11734.26,191745.13
11 Jan 2025,11 Jan 2025,935537,Raast IBFT to IQRA PARVEEN,18121.92,23680.63,355386.96
30 Nov 2024,30 Nov 2024,779452,Raast IBFT to OMAR ZAMAN,7427.96,10285.33,159385.83
17 Nov 2024,17 Nov 2024,,INET Inter Bank Fund Transfer Charges,18605.54,17973.08,416632.01
22 Nov 2024,22 Nov 2024,573309,Raast IBFT to OMAR ZAMAN,3107.17,771.48,67536.85
18 Dec 2024,18 Dec 2024,446060,Raast IBFT to IQRA PARVEEN,21975.27,4774.29,173319.14
29 Nov 2024,29 Nov 2024,,Raast IBFT to IQRA PARVEEN,22639.36,24818.57,198260.92
20 Jan 2025,20 Jan 2025,935703,Raast IBFT to IQRA PARVEEN,21716.42,17190.06,108547.44
15 Dec 2024,15 Dec 2024,525223,INET Inter Bank Fund Transfer Charges,23531.84,23261.53,219196.61
26 Dec 2024,26 Dec 2024,618707,INET Inter Bank Fund Transfer Charges,3468.35,7113.58,110623.27
01 Dec 2024,01 Dec 2024,421342,Raast IBFT to OMAR ZAMAN,12245.31,12308.72,396755.45
09 Feb 2025,09 Feb 2025,,Mobile App MARYAM BEGUM,24203.67,19091.16,311140.38
12 Dec 2024,12 Dec 2024,,INET Inter Bank Fund Transfer Charges,4586.94,17930.04,405820.87
01 Dec 2024,01 Dec 2024,040969,Mobile App MARYAM BEGUM,19510.68,14043.24,364009.67
17 Nov 2024,17 Nov 2024,,Raast IBFT to IQRA PARVEEN,5057.16,12719.1,17272.91
19 Dec 2024,19 Dec 2024,866109,Raast IBFT to IQRA PARVEEN,3986.03,1911.97,338742.93
30 Nov 2024,30 Nov 2024,669835,Raast IBFT to IQRA PARVEEN,8910.65,6560.32,273547.96
21 Jan 2025,21 Jan 2025,,Mobile App MARYAM BEGUM,14324.71,13967.33,114263.38
12 Dec 2024,12 Dec 2024,913664,INET Inter Bank Fund Transfer Charges,18552.3,12419.68,53221.38
28 Nov 2024,28 Nov 2024,,Raast IBFT to OMAR ZAMAN,9844.91,14770.62,63611.68
08 Dec 2024,08 Dec 2024,983365,Raast IBFT to OMAR ZAMAN,10978.36,13648.63,33893.71
20 Nov 2024,20 Nov 2024,,Raast IBFT to IQRA PARVEEN,16105.15,4140.64,254584.21
03 Jan 2025,03 Jan 2025,,INET Inter Bank Fund Transfer Charges,4590.92,24261.06,232406.05
22 Dec 2024,22 Dec 2024,539300,INET Inter Bank Fund Transfer Charges,19281.17,12778.63,179033.21
08 Jan 2025,08 Jan 2025,497521,Raast IBFT to OMAR ZAMAN,23632.48,384.57,356132.33
17 Dec 2024,17 Dec 2024,186000,Raast IBFT to OMAR ZAMAN,1452.98,23791.1,308887.47
23 Dec 2024,23 Dec 2024,,Mobile App MARYAM BEGUM,18065.85,10812.16,466367.44
01 Feb 2025,01 Feb 2025,,Mobile App MARYAM BEGUM,15616.25,23786.84,369370.67
03 Feb 2025,03 Feb 2025,,Raast IBFT to OMAR ZAMAN,6593.99,24577.75,148535.22
07 Jan 2025,07 Jan 2025,127849,Raast IBFT to OMAR ZAMAN,17848.58,14127.58,231429.57
23 Jan 2025,23 Jan 2025,575730,Raast IBFT to IQRA PARVEEN,19523.55,20262.28,355881.04
07 Feb 2025,07 Feb 2025,,Raast IBFT to IQRA PARVEEN,10389.14,16598.27,336587.52
06 Dec 2024,06 Dec 2024,207947,Raast IBFT to IQRA PARVEEN,12715.97,6872.36,315369.02
27 Nov 2024,27 Nov 2024,,INET Inter Bank Fund Transfer Charges,24874.72,749.12,278735.87
29 Dec 2024,29 Dec 2024,,Raast IBFT to OMAR ZAMAN,5732.66,10948.2,76657.49
16 Nov 2024,16 Nov 2024,,Raast IBFT to OMAR ZAMAN,21673.52,23914.12,492019.93
29 Dec 2024,29 Dec 2024,,INET Inter Bank Fund Transfer Charges,8540.3,10717.19,130786.41
05 Dec 2024,05 Dec 2024,700838,INET Inter Bank Fund Transfer Charges,1522.52,4438.0,101657.01
16 Dec 2024,16 Dec 2024,163010,Raast IBFT to IQRA PARVEEN,15457.04,23543.4,382748.91
13 Nov 2024,13 Nov 2024,878198,Mobile App MARYAM BEGUM,12261.08,749.97,126247.32
09 Nov 2024,09 Nov 2024,802662,Mobile App MARYAM BEGUM,11555.64,21927.8,326603.64
24 Dec 2024,24 Dec 2024,459499,Mobile App MARYAM BEGUM,14981.86,18413.65,153966.19
12 Dec 2024,12 Dec 2024,885918,Raast IBFT to IQRA PARVEEN,12394.97,20781.15,12696.05
09 Jan 2025,09 Jan 2025,,Raast IBFT to IQRA PARVEEN,11772.58,15741.49,136288.13
07 Feb 2025,07 Feb 2025,,Raast IBFT to IQRA PARVEEN,14431.89,823.59,243748.75
18 Dec 2024,18 Dec 2024,721455,Raast IBFT to OMAR ZAMAN,14368.7,24325.15,205504.61
26 Dec 2024,26 Dec 2024,136242,Raast IBFT to OMAR ZAMAN,17098.1,7946.5,152273.96
07 Feb 2025,07 Feb 2025,964239,INET Inter Bank Fund Transfer Charges,24022.03,14324.94,82397.76
24 Jan 2025,24 Jan 2025,728117,Raast IBFT to OMAR ZAMAN,10969.66,16174.88,171099.1
26 Jan 2025,26 Jan 2025,,Raast IBFT to IQRA PARVEEN,1512.13,23322.81,163557.47
05 Nov 2024,05 Nov 2024,,Mobile App MARYAM BEGUM,24572.29,21557.01,157660.87
25 Dec 2024,25 Dec 2024,,Raast IBFT to IQRA PARVEEN,10125.94,85.08,485296.2
25 Jan 2025,25 Jan 2025,383606,Raast IBFT to OMAR ZAMAN,21831.98,9705.1,167651.58
29 Jan 2025,29 Jan 2025,150294,Raast IBFT to OMAR ZAMAN,16539.55,2313.97,321490.14
21 Dec 2024,21 Dec 2024,,INET Inter Bank Fund Transfer Charges,18740.55,1432.36,442784.06
03 Feb 2025,03 Feb 2025,,Raast IBFT to IQRA PARVEEN,2002.27,5762.14,220468.48
20 Jan 2025,20 Jan 2025,,Mobile App MARYAM BEGUM,4913.36,5195.39,125438.9
16 Jan 2025,16 Jan 2025,300864,Mobile App MARYAM BEGUM,9459.82,22905.15,131265.7
27 Dec 2024,27 Dec 2024,,Raast IBFT to IQRA PARVEEN,13267.35,11001.81,419749.54
26 Jan 2025,26 Jan 2025,,INET Inter Bank Fund Transfer Charges,10861.86,15788.94,497231.13
09 Dec 2024,09 Dec 2024,,Mobile App MARYAM BEGUM,2400.21,19832.75,272336.03
15 Dec 2024,15 Dec 2024,252360,Raast IBFT to IQRA PARVEEN,6007.45,19602.12,84373.1
29 Dec 2024,29 Dec 2024,,Raast IBFT to OMAR ZAMAN,20912.2,11983.59,290034.73
21 Nov 2024,21 Nov 2024,,Raast IBFT to IQRA PARVEEN,17997.79,7435.05,102941.76
01 Dec 2024,01 Dec 2024,384586,Raast IBFT to OMAR ZAMAN,4664.59,24736.48,437864.42
11 Dec 2024,11 Dec 2024,,Mobile App MARYAM BEGUM,3002.32,21688.95,217876.08
05 Jan 2025,05 Jan 2025,042149,Raast IBFT to IQRA PARVEEN,16514.32,1123.88,284577.7
30 Jan 2025,30 Jan 2025,,Raast IBFT to IQRA PARVEEN,20711.42,24715.47,350986.88
24 Jan 2025,24 Jan 2025,,INET Inter Bank Fund Transfer Charges,18475.75,9475.38,294052.17
07 Feb 2025,07 Feb 2025,,Mobile App MARYAM BEGUM,15083.01,24089.39,263095.05
15 Nov 2024,15 Nov 2024,841144,Mobile App MARYAM BEGUM,19228.24,12676.96,488983.29
13 Nov 2024,13 Nov 2024,,INET Inter Bank Fund Transfer Charges,2643.56,13921.52,389715.79
04 Feb 2025,04 Feb 2025,927379,Raast IBFT to OMAR ZAMAN,13766.49,15009.27,93634.99
17 Jan 2025,17 Jan 2025,,Raast IBFT to OMAR ZAMAN,17930.51,23415.3,403694.53
18 Jan 2025,18 Jan 2025,614868,Raast IBFT to IQRA PARVEEN,3170.57,16483.24,453895.22
28 Dec 2024,28 Dec 2024,614470,INET Inter Bank Fund Transfer Charges,2089.67,9044.58,327697.82
24 Nov 2024,24 Nov 2024,,INET Inter Bank Fund Transfer Charges,22915.81,8887.82,337960.97
15 Jan 2025,15 Jan 2025,,Mobile App MARYAM BEGUM,21898.11,6699.25,326067.3
08 Feb 2025,08 Feb 2025,986343,Raast IBFT to IQRA PARVEEN,7985.83,745.41,193090.67
05 Feb 2025,05 Feb 2025,192730,Raast IBFT to OMAR ZAMAN,17876.96,23778.75,377392.29
18 Dec 2024,18 Dec 2024,093996,INET Inter Bank Fund Transfer Charges,1577.58,8076.15,361341.67
23 Dec 2024,23 Dec 2024,,Raast IBFT to OMAR ZAMAN,9870.71,4566.39,295020.08
03 Jan 2025,03 Jan 2025,,Raast IBFT to OMAR ZAMAN,21960.41,24185.58,204391.92
31 Jan 2025,31 Jan 2025,786959,Mobile App MARYAM BEGUM,1080.22,9701.97,380961.42
02 Dec 2024,02 Dec 2024,826280,Mobile App MARYAM BEGUM,7758.34,44.6,499141.4
20 Nov 2024,20 Nov 2024,,Raast IBFT to OMAR ZAMAN,6298.59,9537.0,147523.48
12 Jan 2025,12 Jan 2025,032825,Raast IBFT to OMAR ZAMAN,1608.2,15740.89,48787.42
07 Jan 2025,07 Jan 2025,,Raast IBFT to IQRA PARVEEN,13324.09,11479.63,93280.6
30 Jan 2025,30 Jan 2025,,Mobile App MARYAM BEGUM,3281.4,13908.44,238169.41
01 Jan 2025,01 Jan 2025,,Raast IBFT to OMAR ZAMAN,4896.62,15155.77,472549.49
01 Nov 2024,01 Nov 2024,,INET Inter Bank Fund Transfer Charges,13496.03,1702.61,373121.94
14 Nov 2024,14 Nov 2024,985722,Raast IBFT to OMAR ZAMAN,8983.72,4623.71,281405.59
04 Feb 2025,04 Feb 2025,,Mobile App MARYAM BEGUM,12121.46,7481.49,121294.07
15 Dec 2024,15 Dec 2024,,Mobile App MARYAM BEGUM,4672.03,7281.26,158487.66
01 Jan 2025,01 Jan 2025,,Raast IBFT to IQRA PARVEEN,19088.85,23966.75,149586.61
12 Dec 2024,12 Dec 2024,,Raast IBFT to OMAR ZAMAN,7089.84,3106.35,373701.04
17 Nov 2024,17 Nov 2024,,Raast IBFT to IQRA PARVEEN,24803.92,15551.09,293871.27
28 Nov 2024,28 Nov 2024,559142,INET Inter Bank Fund Transfer Charges,6708.09,20847.55,206199.47
23 Dec 2024,23 Dec 2024,709789,Mobile App MARYAM BEGUM,2505.05,11016.75,202110.28
18 Nov 2024,18 Nov 2024,401260,Mobile App MARYAM BEGUM,6698.17,4009.28,60866.74
26 Dec 2024,26 Dec 2024,,Raast IBFT to IQRA PARVEEN,22391.86,7977.64,24750.26
06 Jan 2025,06 Jan 2025,,Mobile App MARYAM BEGUM,10512.53,9300.11,405514.31
10 Dec 2024,10 Dec 2024,,Raast IBFT to IQRA PARVEEN,11572.66,19152.47,341239.65
22 Jan 2025,22 Jan 2025,896208,Raast IBFT to IQRA PARVEEN,18403.67,22211.78,141535.31
27 Jan 2025,27 Jan 2025,,Raast IBFT to OMAR ZAMAN,5411.94,16019.9,232810.25
27 Dec 2024,27 Dec 2024,,Raast IBFT to IQRA PARVEEN,8829.13,9207.87,405271.54
24 Jan 2025,24 Jan 2025,901745,Raast IBFT to OMAR ZAMAN,11308.89,7848.47,146719.37
04 Feb 2025,04 Feb 2025,,Mobile App MARYAM BEGUM,3470.06,9910.16,206489.55
02 Nov 2024,02 Nov 2024,,Raast IBFT to IQRA PARVEEN,11030.51,11623.16,381729.07
23 Nov 2024,23 Nov 2024,,INET Inter Bank Fund Transfer Charges,19127.0,9103.98,388138.11
04 Feb 2025,04 Feb 2025,,Raast IBFT to IQRA PARVEEN,7608.22,2863.47,380329.01
21 Jan 2025,21 Jan 2025,,Raast IBFT to IQRA PARVEEN,17191.08,5057.98,260289.4
16 Jan 2025,16 Jan 2025,048261,INET Inter Bank Fund Transfer Charges,3116.21,19775.46,53027.06
05 Jan 2025,05 Jan 2025,490681,INET Inter Bank Fund Transfer Charges,5197.54,6306.88,152886.05
22 Nov 2024,22 Nov 2024,,Raast IBFT to OMAR ZAMAN,13504.41,13914.65,287009.41
23 Dec 2024,23 Dec 2024,257198,Raast IBFT to IQRA PARVEEN,22218.41,20702.15,129893.09
06 Nov 2024,06 Nov 2024,429291,Mobile App MARYAM BEGUM,9698.75,7816.53,216065.7
12 Dec 2024,12 Dec 2024,136056,Raast IBFT to OMAR ZAMAN,2876.31,14862.9,221291.13
23 Dec 2024,23 Dec 2024,241573,Raast IBFT to IQRA PARVEEN,9921.63,24848.12,315893.9
08 Feb 2025,08 Feb 2025,688981,Raast IBFT to IQRA PARVEEN,14974.09,7541.3,236930.58
14 Dec 2024,14 Dec 2024,923551,Raast IBFT to IQRA PARVEEN,23713.02,22344.81,166225.1
25 Nov 2024,25 Nov 2024,,INET Inter Bank Fund Transfer Charges,10863.18,21954.74,255222.53
22 Jan 2025,22 Jan 2025,,Raast IBFT to OMAR ZAMAN,12451.83,7810.24,204439.17
22 Dec 2024,22 Dec 2024,,INET Inter Bank Fund Transfer Charges,8812.52,16436.77,404325.43
23 Jan 2025,23 Jan 2025,886749,Mobile App MARYAM BEGUM,18058.11,21308.98,444237.67
22 Jan 2025,22 Jan 2025,,Raast IBFT to IQRA PARVEEN,18249.49,13412.67,33796.32
14 Jan 2025,14 Jan 2025,379163,INET Inter Bank Fund Transfer Charges,17173.2,964.43,152344.05
06 Nov 2024,06 Nov 2024,,INET Inter Bank Fund Transfer Charges,7449.92,17073.2,388318.37
12 Jan 2025,12 Jan 2025,115047,Raast IBFT to IQRA PARVEEN,10714.31,24655.05,39418.38
04 Feb 2025,04 Feb 2025,,Raast IBFT to IQRA PARVEEN,8374.72,21542.52,177629.54
08 Jan 2025,08 Jan 2025,,INET Inter Bank Fund Transfer Charges,16651.55,20009.93,328531.46
18 Dec 2024,18 Dec 2024,,Raast IBFT to OMAR ZAMAN,20485.2,841.71,269106.81
19 Dec 2024,19 Dec 2024,,INET Inter Bank Fund Transfer Charges,6251.33,2097.91,462013.37
10 Dec 2024,10 Dec 2024,,INET Inter Bank Fund Transfer Charges,15479.16,10021.21,461427.5
20 Dec 2024,20 Dec 2024,,Raast IBFT to IQRA PARVEEN,7384.29,23357.46,206276.73
30 Jan 2025,30 Jan 2025,937509,Raast IBFT to OMAR ZAMAN,9954.48,4834.27,201583.26
07 Feb 2025,07 Feb 2025,,Raast IBFT to OMAR ZAMAN,23292.07,24852.28,26978.69
09 Dec 2024,09 Dec 2024,121656,Raast IBFT to OMAR ZAMAN,17958.99,8124.28,333028.09
05 Feb 2025,05 Feb 2025,,Raast IBFT to IQRA PARVEEN,10773.18,6895.39,121631.41
29 Jan 2025,29 Jan 2025,,Raast IBFT to OMAR ZAMAN,8532.63,23546.62,99954.08
14 Dec 2024,14 Dec 2024,482492,INET Inter Bank Fund Transfer Charges,14010.28,22393.15,283343.83
14 Nov 2024,14 Nov 2024,209523,INET Inter Bank Fund Transfer Charges,11857.4,17684.18,20294.2
14 Dec 2024,14 Dec 2024,133065,Mobile App MARYAM BEGUM,24488.94,19311.3,308226.79
26 Jan 2025,26 Jan 2025,,Raast IBFT to IQRA PARVEEN,15645.7,6557.8,370775.68
14 Jan 2025,14 Jan 2025,,Raast IBFT to OMAR ZAMAN,20593.85,4636.71,436194.45
27 Jan 2025,27 Jan 2025,730455,Raast IBFT to OMAR ZAMAN,9415.5,9070.44,313261.41
17 Jan 2025,17 Jan 2025,,Raast IBFT to OMAR ZAMAN,14679.29,6572.31,491698.6
23 Jan 2025,23 Jan 2025,,Mobile App MARYAM BEGUM,7077.98,1891.07,198704.53
24 Jan 2025,24 Jan 2025,,Raast IBFT to OMAR ZAMAN,5928.16,7717.42,328816.75
21 Nov 2024,21 Nov 2024,506778,Mobile App MARYAM BEGUM,15680.95,1017.21,64354.57
08 Dec 2024,08 Dec 2024,,Raast IBFT to OMAR ZAMAN,22075.0,10576.36,498475.3
15 Nov 2024,15 Nov 2024,,Raast IBFT to OMAR ZAMAN,9180.11,2540.59,235742.02
30 Jan 2025,30 Jan 2025,894717,Raast IBFT to OMAR ZAMAN,22329.15,13396.25,165320.93
28 Dec 2024,28 Dec 2024,578669,Raast IBFT to IQRA PARVEEN,5851.51,20127.27,179462.9
28 Jan 2025,28 Jan 2025,,Raast IBFT to OMAR ZAMAN,5151.39,537.54,296064.85
28 Dec 2024,28 Dec 2024,484989,Raast IBFT to IQRA PARVEEN,5628.11,10189.08,482989.02
28 Jan 2025,28 Jan 2025,594591,Raast IBFT to OMAR ZAMAN,11436.35,19218.97,284892.26
27 Nov 2024,27 Nov 2024,,Raast IBFT to IQRA PARVEEN,20951.26,10878.42,319157.99
06 Feb 2025,06 Feb 2025,442835,INET Inter Bank Fund Transfer Charges,9455.74,21731.8,320401.97
19 Nov 2024,19 Nov 2024,,Raast IBFT to OMAR ZAMAN,15100.84,18068.03,123138.1
17 Dec 2024,17 Dec 2024,637511,Mobile App MARYAM BEGUM,16406.11,13962.45,331107.42
09 Dec 2024,09 Dec 2024,,Raast IBFT to IQRA PARVEEN,15429.99,4663.08,108036.11
03 Feb 2025,03 Feb 2025,027137,Mobile App MARYAM BEGUM,1205.21,4643.99,12704.05
18 Jan 2025,18 Jan 2025,,Mobile App MARYAM BEGUM,14867.0,17081.58,81291.87
21 Jan 2025,21 Jan 2025,489717,Raast IBFT to IQRA PARVEEN,3572.4,2107.74,16367.84
03 Nov 2024,03 Nov 2024,,Mobile App MARYAM BEGUM,16325.21,18173.62,372949.89
28 Dec 2024,28 Dec 2024,961073,Mobile App MARYAM BEGUM,4852.79,19997.12,439551.55
15 Jan 2025,15 Jan 2025,254180,Raast IBFT to IQRA PARVEEN,14090.39,22207.56,227571.09
09 Dec 2024,09 Dec 2024,805689,INET Inter Bank Fund Transfer Charges,3481.3,11323.15,308749.67
30 Jan 2025,30 Jan 2025,836622,Raast IBFT to OMAR ZAMAN,6482.2,24154.86,402588.78
09 Nov 2024,09 Nov 2024,836898,Mobile App MARYAM BEGUM,22007.46,5141.41,261897.23
29 Nov 2024,29 Nov 2024,,Raast IBFT to IQRA PARVEEN,14620.64,5494.65,259732.3
08 Dec 2024,08 Dec 2024,641861,Mobile App MARYAM BEGUM,2890.0,6779.3,271228.59
19 Dec 2024,19 Dec 2024,,INET Inter Bank Fund Transfer Charges,21949.65,11247.08,384503.79
17 Jan 2025,17 Jan 2025,,Raast IBFT to IQRA PARVEEN,19577.97,16510.31,153702.4
20 Dec 2024,20 Dec 2024,562023,Mobile App MARYAM BEGUM,9170.63,15225.48,408338.96
27 Nov 2024,27 Nov 2024,,Raast IBFT to IQRA PARVEEN,14601.12,1435.69,410628.03
07 Nov 2024,07 Nov 2024,,Mobile App MARYAM BEGUM,20383.13,7977.84,122402.4
12 Dec 2024,12 Dec 2024,537404,Raast IBFT to IQRA PARVEEN,9901.03,7014.68,480284.74
14 Dec 2024,14 Dec 2024,,Mobile App MARYAM BEGUM,8340.99,13022.17,23549.6
08 Dec 2024,08 Dec 2024,207977,Mobile App MARYAM BEGUM,5500.62,22114.19,450614.3
18 Jan 2025,18 Jan 2025,,Mobile App MARYAM BEGUM,18382.62,6626.38,485720.55
06 Jan 2025,06 Jan 2025,,Mobile App MARYAM BEGUM,3055.73,21844.19,154227.1
02 Feb 2025,02 Feb 2025,,Mobile App MARYAM BEGUM,19409.09,6252.06,123745.72
08 Feb 2025,08 Feb 2025,,Raast IBFT to IQRA PARVEEN,13521.77,10857.85,442651.57
06 Dec 2024,06 Dec 2024,934856,Mobile App MARYAM BEGUM,10042.31,20782.29,246122.79
18 Nov 2024,18 Nov 2024,529841,Raast IBFT to OMAR ZAMAN,1219.43,5046.23,19225.29
10 Nov 2024,10 Nov 2024,,Raast IBFT to IQRA PARVEEN,16584.36,6810.62,471515.61
22 Nov 2024,22 Nov 2024,,Raast IBFT to IQRA PARVEEN,3501.75,7455.84,60842.29
08 Dec 2024,08 Dec 2024,483495,Mobile App MARYAM BEGUM,22557.26,12371.3,355685.05
22 Jan 2025,22 Jan 2025,769288,INET Inter Bank Fund Transfer Charges,20156.37,24698.61,359072.03
02 Jan 2025,02 Jan 2025,078796,Raast IBFT to OMAR ZAMAN,6730.14,10770.67,249930.21
12 Dec 2024,12 Dec 2024,,INET Inter Bank Fund Transfer Charges,15700.0,11122.91,207435.47
11 Nov 2024,11 Nov 2024,,Raast IBFT to OMAR ZAMAN,24129.97,6684.22,154822.95
09 Feb 2025,09 Feb 2025,,Raast IBFT to IQRA PARVEEN,4963.29,10074.82,307295.42
08 Dec 2024,08 Dec 2024,,Mobile App MARYAM BEGUM,9960.92,21296.86,336208.31
18 Jan 2025,18 Jan 2025,,Raast IBFT to OMAR ZAMAN,18878.28,6760.37,347998.53
14 Dec 2024,14 Dec 2024,842856,Raast IBFT to OMAR ZAMAN,20797.36,16554.2,108118.77
02 Feb 2025,02 Feb 2025,,Raast IBFT to IQRA PARVEEN,7246.61,7231.39,225485.49
28 Dec 2024,28 Dec 2024,,Raast IBFT to OMAR ZAMAN,20482.27,20365.79,97378.18
16 Nov 2024,16 Nov 2024,,Raast IBFT to IQRA PARVEEN,20199.19,1802.53,301239.4
10 Dec 2024,10 Dec 2024,575655,INET Inter Bank Fund Transfer Charges,11272.34,15788.7,486157.98
22 Nov 2024,22 Nov 2024,331798,Raast IBFT to IQRA PARVEEN,23557.39,10373.13,134058.23
11 Nov 2024,11 Nov 2024,,Raast IBFT to IQRA PARVEEN,19479.7,2970.13,29914.63
14 Nov 2024,14 Nov 2024,178218,INET Inter Bank Fund Transfer Charges,21203.03,11761.47,39085.74
05 Jan 2025,05 Jan 2025,,Raast IBFT to OMAR ZAMAN,17500.87,20796.78,458292.41
13 Dec 2024,13 Dec 2024,,Raast IBFT to IQRA PARVEEN,1304.76,6175.24,363808.54
02 Feb 2025,02 Feb 2025,,Raast IBFT to IQRA PARVEEN,4616.67,22032.42,18732.84
26 Jan 2025,26 Jan 2025,,Mobile App MARYAM BEGUM,3309.72,24087.78,200986.08
24 Jan 2025,24 Jan 2025,,Raast IBFT to IQRA PARVEEN,6231.93,18599.1,196879.01
20 Dec 2024,20 Dec 2024,804569,Raast IBFT to IQRA PARVEEN,18036.72,2099.04,41841.01
22 Dec 2024,22 Dec 2024,,Raast IBFT to OMAR ZAMAN,8843.04,10111.17,253016.73
01 Dec 2024,01 Dec 2024,553181,Raast IBFT to OMAR ZAMAN,20090.71,21412.5,199891.75
02 Feb 2025,02 Feb 2025,054256,Mobile App MARYAM BEGUM,24838.69,13371.78,119247.55
22 Nov 2024,22 Nov 2024,,INET Inter Bank Fund Transfer Charges,19988.9,12477.67,252463.9
19 Dec 2024,19 Dec 2024,,Mobile App MARYAM BEGUM,5882.49,13846.72,313088.24
17 Dec 2024,17 Dec 2024,186012,Raast IBFT to IQRA PARVEEN,3924.55,13806.35,50202.4
16 Dec 2024,16 Dec 2024,382631,Mobile App MARYAM BEGUM,14655.08,17512.9,343560.8
15 Dec 2024,15 Dec 2024,210382,INET Inter Bank Fund Transfer Charges,22127.61,17082.43,499066.17
16 Nov 2024,16 Nov 2024,,INET Inter Bank Fund Transfer Charges,20571.21,15207.99,39585.08
26 Nov 2024,26 Nov 2024,,Raast IBFT to IQRA PARVEEN,21758.23,4303.2,267913.69
25 Nov 2024,25 Nov 2024,916599,Raast IBFT to IQRA PARVEEN,10475.97,22635.28,413524.22
18 Jan 2025,18 Jan 2025,,Raast IBFT to IQRA PARVEEN,21121.68,17143.06,310609.98
20 Nov 2024,20 Nov 2024,,Mobile App MARYAM BEGUM,9722.9,151.66,364740.05
02 Nov 2024,02 Nov 2024,,Raast IBFT to OMAR ZAMAN,17800.72,21712.67,452067.12
09 Feb 2025,09 Feb 2025,269853,INET Inter Bank Fund Transfer Charges,13178.14,9696.87,154462.9
14 Nov 2024,14 Nov 2024,150143,Raast IBFT to OMAR ZAMAN,23162.83,15879.34,458738.41
03 Feb 2025,03 Feb 2025,,INET Inter Bank Fund Transfer Charges,6467.51,21342.43,490845.05
07 Jan 2025,07 Jan 2025,,Raast IBFT to OMAR ZAMAN,17022.7,5275.97,443071.93
20 Jan 2025,20 Jan 2025,,INET Inter Bank Fund Transfer Charges,11513.21,23709.33,447215.69
05 Dec 2024,05 Dec 2024,,Raast IBFT to OMAR ZAMAN,11074.63,6867.83,293405.7
05 Feb 2025,05 Feb 2025,,INET Inter Bank Fund Transfer Charges,2914.42,18385.42,193759.31
30 Dec 2024,30 Dec 2024,884334,Raast IBFT to OMAR ZAMAN,16268.88,7576.35,122550.74
21 Dec 2024,21 Dec 2024,,Raast IBFT to OMAR ZAMAN,7714.97,23552.81,354569.33
01 Feb 2025,01 Feb 2025,224455,Mobile App MARYAM BEGUM,18745.58,10646.65,297023.36
31 Jan 2025,31 Jan 2025,899419,Raast IBFT to OMAR ZAMAN,18939.04,9599.79,47009.26
26 Jan 2025,26 Jan 2025,,Mobile App MARYAM BEGUM,16443.67,21622.73,393353.44
23 Nov 2024,23 Nov 2024,,INET Inter Bank Fund Transfer Charges,7215.61,13402.12,152935.03
19 Jan 2025,19 Jan 2025,529053,Mobile App MARYAM BEGUM,13151.36,21087.08,308670.97
17 Nov 2024,17 Nov 2024,186089,Mobile App MARYAM BEGUM,10901.2,15249.07,73627.0
05 Dec 2024,05 Dec 2024,845102,Raast IBFT to IQRA PARVEEN,4607.68,7836.66,129884.03
12 Nov 2024,12 Nov 2024,074922,Raast IBFT to OMAR ZAMAN,10532.72,24137.16,376318.43
15 Nov 2024,15 Nov 2024,295819,INET Inter Bank Fund Transfer Charges,6249.66,9444.32,211731.94
07 Feb 2025,07 Feb 2025,,INET Inter Bank Fund Transfer Charges,14430.51,883.09,84214.79
09 Feb 2025,09 Feb 2025,,Raast IBFT to IQRA PARVEEN,20577.51,5592.26,331964.55
03 Dec 2024,03 Dec 2024,013989,INET Inter Bank Fund Transfer Charges,2615.18,6853.62,442504.73
18 Dec 2024,18 Dec 2024,584842,Mobile App MARYAM BEGUM,13537.15,5701.08,176396.16
03 Jan 2025,03 Jan 2025,427776,Raast IBFT to OMAR ZAMAN,13478.37,8675.73,129433.35
05 Dec 2024,05 Dec 2024,,Raast IBFT to IQRA PARVEEN,5446.8,12877.05,463398.03
24 Nov 2024,24 Nov 2024,469956,Raast IBFT to OMAR ZAMAN,22658.83,6666.3,254498.3
07 Dec 2024,07 Dec 2024,264584,Raast IBFT to OMAR ZAMAN,24052.79,17346.59,101948.34
08 Dec 2024,08 Dec 2024,,Raast IBFT to IQRA PARVEEN,7633.3,9606.4,346072.03
18 Jan 2025,18 Jan 2025,010896,Raast IBFT to IQRA PARVEEN,1062.23,739.52,346944.53
21 Nov 2024,21 Nov 2024,,INET Inter Bank Fund Transfer Charges,18607.48,17169.47,334783.64
29 Jan 2025,29 Jan 2025,044173,Mobile App MARYAM BEGUM,22658.59,19379.37,467478.16
15 Nov 2024,15 Nov 2024,,Raast IBFT to OMAR ZAMAN,13401.55,2303.44,187191.0
04 Feb 2025,04 Feb 2025,,Raast IBFT to OMAR ZAMAN,6673.74,11818.06,131692.65
03 Jan 2025,03 Jan 2025,,Raast IBFT to IQRA PARVEEN,8252.91,8853.32,166423.58
10 Nov 2024,10 Nov 2024,,Mobile App MARYAM BEGUM,16862.47,6311.96,122539.13
17 Jan 2025,17 Jan 2025,,Mobile App MARYAM BEGUM,15421.99,17309.64,191198.69
16 Dec 2024,16 Dec 2024,,Mobile App MARYAM BEGUM,20979.58,9295.48,169811.8
15 Dec 2024,15 Dec 2024,,Raast IBFT to OMAR ZAMAN,4983.22,3779.9,339615.93
28 Dec 2024,28 Dec 2024,,Mobile App MARYAM BEGUM,10182.99,10974.99,203656.51
26 Jan 2025,26 Jan 2025,875884,Raast IBFT to IQRA PARVEEN,8439.62,24002.33,206365.69
29 Jan 2025,29 Jan 2025,,INET Inter Bank Fund Transfer Charges,11522.62,20980.05,367991.2
25 Jan 2025,25 Jan 2025,635187,Raast IBFT to IQRA PARVEEN,14601.24,7015.94,396851.8
12 Jan 2025,12 Jan 2025,,INET Inter Bank Fund Transfer Charges,14474.87,12570.81,447975.59
05 Feb 2025,05 Feb 2025,,Mobile App MARYAM BEGUM,8203.43,20932.24,365657.38
09 Dec 2024,09 Dec 2024,,Raast IBFT to OMAR ZAMAN,2217.85,10377.92,117064.88
08 Feb 2025,08 Feb 2025,610115,Raast IBFT to OMAR ZAMAN,12783.98,16151.2,248100.18
14 Nov 2024,14 Nov 2024,383615,Raast IBFT to IQRA PARVEEN,11980.0,2787.28,495407.75
25 Jan 2025,25 Jan 2025,336179,Raast IBFT to IQRA PARVEEN,19002.7,11005.21,40272.97
22 Dec 2024,22 Dec 2024,,Raast IBFT to OMAR ZAMAN,8403.85,23255.31,161952.33
05 Feb 2025,05 Feb 2025,,INET Inter Bank Fund Transfer Charges,16093.19,23642.62,251146.43
14 Dec 2024,14 Dec 2024,,Mobile App MARYAM BEGUM,10857.85,24368.28,262998.19
14 Nov 2024,14 Nov 2024,,Raast IBFT to IQRA PARVEEN,16426.59,12516.78,289859.07
08 Dec 2024,08 Dec 2024,425028,Raast IBFT to IQRA PARVEEN,17438.85,5280.92,464278.08
13 Nov 2024,13 Nov 2024,,Mobile App MARYAM BEGUM,4657.53,10597.08,263468.75
16 Dec 2024,16 Dec 2024,,INET Inter Bank Fund Transfer Charges,9029.04,3176.28,17449.19
17 Nov 2024,17 Nov 2024,211341,Raast IBFT to IQRA PARVEEN,24688.82,21939.58,432549.25
25 Nov 2024,25 Nov 2024,208954,INET Inter Bank Fund Transfer Charges,9048.61,17682.93,308879.03
27 Dec 2024,27 Dec 2024,172702,Raast IBFT to IQRA PARVEEN,18673.29,11263.64,284446.84
09 Feb 2025,09 Feb 2025,,Raast IBFT to IQRA PARVEEN,2212.56,11578.76,31916.95
16 Jan 2025,16 Jan 2025,760991,Raast IBFT to OMAR ZAMAN,16904.35,21953.04,229715.14
20 Nov 2024,20 Nov 2024,,INET Inter Bank Fund Transfer Charges,3755.16,20898.95,403531.12
21 Dec 2024,21 Dec 2024,,Raast IBFT to OMAR ZAMAN,1964.34,3547.53,42899.27
13 Dec 2024,13 Dec 2024,740586,INET Inter Bank Fund Transfer Charges,15300.83,19065.21,290026.22
01 Jan 2025,01 Jan 2025,606733,Raast IBFT to OMAR ZAMAN,4701.79,16294.91,79146.89
11 Nov 2024,11 Nov 2024,920849,INET Inter Bank Fund Transfer Charges,24258.94,9925.31,248118.32
28 Nov 2024,28 Nov 2024,473262,INET Inter Bank Fund Transfer Charges,14564.21,5346.46,461371.35
21 Nov 2024,21 Nov 2024,647482,INET Inter Bank Fund Transfer Charges,5133.07,13399.53,375856.48
27 Nov 2024,27 Nov 2024,334298,Raast IBFT to IQRA PARVEEN,13497.21,23862.89,60041.45
17 Jan 2025,17 Jan 2025,,INET Inter Bank Fund Transfer Charges,20480.37,5226.32,265363.18
14 Jan 2025,14 Jan 2025,,Raast IBFT to IQRA PARVEEN,7066.26,13399.51,421403.73
26 Dec 2024,26 Dec 2024,,INET Inter Bank Fund Transfer Charges,2616.99,19527.86,438277.75
26 Jan 2025,26 Jan 2025,,Mobile App MARYAM BEGUM,17130.03,14966.42,227379.91
23 Nov 2024,23 Nov 2024,400924,Mobile App MARYAM BEGUM,19942.38,4905.81,391180.57
12 Jan 2025,12 Jan 2025,938411,Raast IBFT to IQRA PARVEEN,14244.47,17335.91,162942.63
10 Dec 2024,10 Dec 2024,,Raast IBFT to OMAR ZAMAN,4686.15,7891.79,439799.53
04 Feb 2025,04 Feb 2025,399234,Mobile App MARYAM BEGUM,10838.35,6314.47,98846.89
21 Jan 2025,21 Jan 2025,,Raast IBFT to OMAR ZAMAN,1772.2,12399.67,246060.57
29 Nov 2024,29 Nov 2024,,Raast IBFT to OMAR ZAMAN,4917.6,3240.28,298071.61
20 Nov 2024,20 Nov 2024,,Raast IBFT to OMAR ZAMAN,18184.83,2743.7,415974.64
05 Nov 2024,05 Nov 2024,723653,Raast IBFT to OMAR ZAMAN,20407.03,3222.33,111975.72
31 Jan 2025,31 Jan 2025,022641,INET Inter Bank Fund Transfer Charges,3136.0,4347.99,10627.47
02 Dec 2024,02 Dec 2024,039194,INET Inter Bank Fund Transfer Charges,19158.5,13673.5,396535.87
06 Dec 2024,06 Dec 2024,,INET Inter Bank Fund Transfer Charges,20379.21,16925.58,359318.84
27 Nov 2024,27 Nov 2024,639985,Raast IBFT to OMAR ZAMAN,23511.95,476.42,426914.83
19 Nov 2024,19 Nov 2024,,INET Inter Bank Fund Transfer Charges,13672.85,22059.34,473078.03
01 Dec 2024,01 Dec 2024,856412,Mobile App MARYAM BEGUM,24556.36,9005.37,317344.15
21 Nov 2024,21 Nov 2024,,Mobile App MARYAM BEGUM,3539.42,18748.77,69455.52
28 Dec 2024,28 Dec 2024,145605,Raast IBFT to IQRA PARVEEN,14065.21,21390.25,476619.85
19 Dec 2024,19 Dec 2024,,Raast IBFT to IQRA PARVEEN,7923.85,16844.49,104628.74
07 Nov 2024,07 Nov 2024,094343,Mobile App MARYAM BEGUM,1657.22,13356.39,425955.79
28 Dec 2024,28 Dec 2024,,Mobile App MARYAM BEGUM,2331.84,23537.36,151818.85
04 Nov 2024,04 Nov 2024,548303,INET Inter Bank Fund Transfer Charges,20200.21,1226.34,470244.68
13 Dec 2024,13 Dec 2024,,Mobile App MARYAM BEGUM,7961.39,21839.89,53347.03
24 Jan 2025,24 Jan 2025,,INET Inter Bank Fund Transfer Charges,4055.53,3465.24,137766.52
20 Nov 2024,20 Nov 2024,,Mobile App MARYAM BEGUM,3203.85,9910.86,105069.16
18 Dec 2024,18 Dec 2024,,Raast IBFT to IQRA PARVEEN,7708.73,7038.04,486292.32
03 Nov 2024,03 Nov 2024,288258,Raast IBFT to OMAR ZAMAN,15756.33,11375.52,464444.47
12 Dec 2024,12 Dec 2024,702859,Raast IBFT to OMAR ZAMAN,7749.39,13355.62,19934.95
11 Dec 2024,11 Dec 2024,737470,Mobile App MARYAM BEGUM,11008.83,12173.34,92643.14
08 Feb 2025,08 Feb 2025,524551,Raast IBFT to OMAR ZAMAN,11998.77,4144.07,189343.02
16 Dec 2024,16 Dec 2024,138130,Raast IBFT to IQRA PARVEEN,17064.0,1437.71,276274.84
27 Nov 2024,27 Nov 2024,308702,Mobile App MARYAM BEGUM,22315.07,14068.28,365800.51
03 Dec 2024,03 Dec 2024,,INET Inter Bank Fund Transfer Charges,21964.64,21062.23,42466.67
22 Nov 2024,22 Nov 2024,990749,INET Inter Bank Fund Transfer Charges,3989.96,11940.1,332948.97
24 Nov 2024,24 Nov 2024,,Raast IBFT to IQRA PARVEEN,16118.69,5800.99,389220.53
13 Nov 2024,13 Nov 2024,,Raast IBFT to IQRA PARVEEN,21890.07,17753.5,55332.2
23 Jan 2025,23 Jan 2025,079253,INET Inter Bank Fund Transfer Charges,17454.09,17534.57,320264.61
05 Dec 2024,05 Dec 2024,,INET Inter Bank Fund Transfer Charges,4591.86,1786.05,112156.79
15 Nov 2024,15 Nov 2024,,Raast IBFT to IQRA PARVEEN,7060.87,5507.33,38578.57
15 Jan 2025,15 Jan 2025,,Raast IBFT to OMAR ZAMAN,10192.12,11373.18,97363.66
31 Dec 2024,31 Dec 2024,,Raast IBFT to IQRA PARVEEN,9419.43,19464.68,64700.1
20 Dec 2024,20 Dec 2024,368082,Raast IBFT to IQRA PARVEEN,3516.76,8912.78,35668.73
13 Nov 2024,13 Nov 2024,523248,Raast IBFT to OMAR ZAMAN,11252.17,12770.92,36942.84
05 Feb 2025,05 Feb 2025,,Raast IBFT to IQRA PARVEEN,1241.09,22414.23,286330.21
08 Nov 2024,08 Nov 2024,647848,Raast IBFT to OMAR ZAMAN,13435.33,24260.88,190248.45
04 Dec 2024,04 Dec 2024,256196,INET Inter Bank Fund Transfer Charges,15989.35,10671.92,142132.59
28 Dec 2024,28 Dec 2024,666173,INET Inter Bank Fund Transfer Charges,16214.71,4024.95,304263.02
10 Dec 2024,10 Dec 2024,,Raast IBFT to IQRA PARVEEN,6095.56,23175.24,71348.82
31 Jan 2025,31 Jan 2025,875769,Raast IBFT to OMAR ZAMAN,4782.01,10006.89,83478.3
24 Jan 2025,24 Jan 2025,,Mobile App MARYAM BEGUM,7391.79,20773.06,288856.14
28 Nov 2024,28 Nov 2024,988234,Raast IBFT to IQRA PARVEEN,5629.13,363.81,205185.54
13 Nov 2024,13 Nov 2024,906456,INET Inter Bank Fund Transfer Charges,19110.45,13115.22,348434.79
09 Jan 2025,09 Jan 2025,508288,Raast IBFT to OMAR ZAMAN,20160.42,9452.82,440073.42
04 Jan 2025,04 Jan 2025,,Raast IBFT to IQRA PARVEEN,2044.33,3235.82,359403.85
01 Jan 2025,01 Jan 2025,,Mobile App MARYAM BEGUM,1110.57,24234.85,315042.05
24 Jan 2025,24 Jan 2025,,Mobile App MARYAM BEGUM,21474.88,9165.09,249149.67
13 Dec 2024,13 Dec 2024,,Raast IBFT to OMAR ZAMAN,5180.05,21760.89,430206.91
13 Nov 2024,13 Nov 2024,,INET Inter Bank Fund Transfer Charges,6532.34,12667.81,285814.81
09 Jan 2025,09 Jan 2025,299180,Raast IBFT to IQRA PARVEEN,21409.04,23217.4,106979.45
06 Nov 2024,06 Nov 2024,,Raast IBFT to OMAR ZAMAN,15273.23,7941.7,295404.1
13 Jan 2025,13 Jan 2025,,INET Inter Bank Fund Transfer Charges,12326.47,14083.69,274213.9
18 Jan 2025,18 Jan 2025,820442,Raast IBFT to OMAR ZAMAN,6327.76,15779.62,415527.16
07 Nov 2024,07 Nov 2024,,Raast IBFT to OMAR ZAMAN,7811.77,11123.7,219425.52
21 Jan 2025,21 Jan 2025,,Mobile App MARYAM BEGUM,9360.74,15470.26,369732.13
01 Nov 2024,01 Nov 2024,090130,Raast IBFT to IQRA PARVEEN,7226.12,10623.33,88434.33
02 Nov 2024,02 Nov 2024,,Mobile App MARYAM BEGUM,12688.01,23903.72,367560.14
19 Nov 2024,19 Nov 2024,641353,Raast IBFT to IQRA PARVEEN,11191.12,24331.63,30635.61
03 Feb 2025,03 Feb 2025,950815,INET Inter Bank Fund Transfer Charges,17031.43,18965.83,473504.77
20 Jan 2025,20 Jan 2025,720702,Mobile App MARYAM BEGUM,6331.01,5731.24,250524.42
01 Jan 2025,01 Jan 2025,,Raast IBFT to IQRA PARVEEN,22650.05,16604.65,183486.61
24 Dec 2024,24 Dec 2024,536428,Raast IBFT to IQRA PARVEEN,15034.28,17768.57,386124.88
02 Nov 2024,02 Nov 2024,,Mobile App MARYAM BEGUM,11773.9,1691.76,52963.69
16 Jan 2025,16 Jan 2025,,INET Inter Bank Fund Transfer Charges,7849.38,16087.22,224108.79
04 Nov 2024,04 Nov 2024,,Mobile App MARYAM BEGUM,13761.22,23199.47,264971.64
28 Jan 2025,28 Jan 2025,,INET Inter Bank Fund Transfer Charges,10663.64,691.55,129362.16
06 Nov 2024,06 Nov 2024,573438,Raast IBFT to IQRA PARVEEN,22208.05,22038.43,305888.88
25 Jan 2025,25 Jan 2025,,Mobile App MARYAM BEGUM,18523.75,4895.49,130655.66
01 Dec 2024,01 Dec 2024,953623,Mobile App MARYAM BEGUM,12580.41,1458.34,102288.52
08 Feb 2025,08 Feb 2025,953665,INET Inter Bank Fund Transfer Charges,14848.99,18093.53,369282.54
24 Nov 2024,24 Nov 2024,835094,Raast IBFT to IQRA PARVEEN,8322.29,18234.98,334379.83
12 Dec 2024,12 Dec 2024,927393,Mobile App MARYAM BEGUM,24669.21,1067.42,468911.84
15 Dec 2024,15 Dec 2024,113094,Mobile App MARYAM BEGUM,21215.81,15085.12,449815.55
10 Jan 2025,10 Jan 2025,672475,Raast IBFT to IQRA PARVEEN,2196.36,16531.5,16020.45
05 Jan 2025,05 Jan 2025,805047,INET Inter Bank Fund Transfer Charges,16666.32,2600.57,83670.46
14 Jan 2025,14 Jan 2025,,INET Inter Bank Fund Transfer Charges,11591.79,8995.75,79017.34
05 Nov 2024,05 Nov 2024,,Raast IBFT to IQRA PARVEEN,20211.23,13175.95,445873.33
16 Jan 2025,16 Jan 2025,,INET Inter Bank Fund Transfer Charges,3439.81,15301.57,20673.99
23 Nov 2024,23 Nov 2024,,Raast IBFT to OMAR ZAMAN,19890.83,6608.65,433621.04
27 Nov 2024,27 Nov 2024,282552,Raast IBFT to OMAR ZAMAN,2989.14,21480.52,309988.82
19 Jan 2025,19 Jan 2025,440424,INET Inter Bank Fund Transfer Charges,21646.93,23590.9,114955.59
26 Jan 2025,26 Jan 2025,,Raast IBFT to IQRA PARVEEN,22039.25,22523.46,237276.68
07 Nov 2024,07 Nov 2024,800697,Mobile App MARYAM BEGUM,14191.41,9890.44,94461.5
16 Nov 2024,16 Nov 2024,353997,INET Inter Bank Fund Transfer Charges,23380.2,4655.41,354385.05
21 Jan 2025,21 Jan 2025,,INET Inter Bank Fund Transfer Charges,23830.5,17298.92,228933.52
28 Nov 2024,28 Nov 2024,,Mobile App MARYAM BEGUM,17042.27,1360.56,117218.43
31 Jan 2025,31 Jan 2025,329361,Raast IBFT to IQRA PARVEEN,17856.49,21145.25,16259.96
25 Jan 2025,25 Jan 2025,882738,Raast IBFT to OMAR ZAMAN,15388.97,7276.12,133217.09
01 Feb 2025,01 Feb 2025,495065,Mobile App MARYAM BEGUM,10034.93,14910.64,65497.11
27 Nov 2024,27 Nov 2024,558598,Raast IBFT to IQRA PARVEEN,2789.72,10179.23,197026.39
19 Jan 2025,19 Jan 2025,644397,INET Inter Bank Fund Transfer Charges,24615.95,8857.16,489106.99
26 Jan 2025,26 Jan 2025,576374,INET Inter Bank Fund Transfer Charges,13993.72,9075.29,339095.24
07 Jan 2025,07 Jan 2025,562012,Raast IBFT to OMAR ZAMAN,18288.96,18156.39,60920.98
19 Nov 2024,19 Nov 2024,857037,Mobile App MARYAM BEGUM,13291.85,6807.23,313797.44
03 Dec 2024,03 Dec 2024,,Mobile App MARYAM BEGUM,21095.86,5416.92,315103.86
01 Jan 2025,01 Jan 2025,,Mobile App MARYAM BEGUM,6897.44,9537.23,213840.42
25 Nov 2024,25 Nov 2024,930488,INET Inter Bank Fund Transfer Charges,6858.43,11669.2,78599.62
02 Feb 2025,02 Feb 2025,407008,INET Inter Bank Fund Transfer Charges,11507.34,10916.95,301645.59
05 Nov 2024,05 Nov 2024,,Mobile App MARYAM BEGUM,18112.81,2061.62,124024.27
16 Nov 2024,16 Nov 2024,290147,Raast IBFT to OMAR ZAMAN,23482.6,4411.5,438335.8
27 Nov 2024,27 Nov 2024,,Raast IBFT to IQRA PARVEEN,19125.56,23560.67,295721.15
21 Nov 2024,21 Nov 2024,424152,Raast IBFT to IQRA PARVEEN,9678.57,8093.3,488564.24
20 Nov 2024,20 Nov 2024,867675,INET Inter Bank Fund Transfer Charges,6529.23,12511.19,346144.31
19 Jan 2025,19 Jan 2025,059077,Raast IBFT to OMAR ZAMAN,24630.2,6636.94,154552.14
21 Dec 2024,21 Dec 2024,,Mobile App MARYAM BEGUM,22156.33,11779.76,488872.33
18 Jan 2025,18 Jan 2025,,Raast IBFT to OMAR ZAMAN,23365.26,14903.74,146279.78
17 Dec 2024,17 Dec 2024,,Mobile App MARYAM BEGUM,3050.7,11659.93,125309.87
30 Jan 2025,30 Jan 2025,,INET Inter Bank Fund Transfer Charges,23110.21,17914.91,179095.87
17 Jan 2025,17 Jan 2025,488218,Mobile App MARYAM BEGUM,23193.03,21866.94,365982.85
24 Dec 2024,24 Dec 2024,120527,Mobile App MARYAM BEGUM,1977.32,12468.9,176719.55
28 Dec 2024,28 Dec 2024,081154,INET Inter Bank Fund Transfer Charges,13473.94,6444.61,316986.7
30 Nov 2024,30 Nov 2024,,Raast IBFT to OMAR ZAMAN,13697.86,12846.8,337458.99
24 Jan 2025,24 Jan 2025,,INET Inter Bank Fund Transfer Charges,14050.86,14560.41,87412.26
16 Dec 2024,16 Dec 2024,152655,Raast IBFT to OMAR ZAMAN,21525.88,10059.56,236480.82
09 Feb 2025,09 Feb 2025,,Raast IBFT to IQRA PARVEEN,17683.12,18352.09,192689.84
01 Dec 2024,01 Dec 2024,,INET Inter Bank Fund Transfer Charges,6585.04,22981.07,314625.55
02 Feb 2025,02 Feb 2025,637220,Raast IBFT to IQRA PARVEEN,20210.34,14246.3,53594.57
14 Dec 2024,14 Dec 2024,210018,Raast IBFT to OMAR ZAMAN,19237.51,22064.55,275867.46
19 Nov 2024,19 Nov 2024,,Raast IBFT to IQRA PARVEEN,17606.56,16399.59,371350.9
23 Nov 2024,23 Nov 2024,,INET Inter Bank Fund Transfer Charges,13996.54,11182.78,37863.13
25 Dec 2024,25 Dec 2024,,Raast IBFT to IQRA PARVEEN,3000.24,9069.22,337333.33
09 Nov 2024,09 Nov 2024,,INET Inter Bank Fund Transfer Charges,21627.27,5094.84,311122.18
22 Jan 2025,22 Jan 2025,325824,Raast IBFT to OMAR ZAMAN,2042.35,3087.07,222845.79
05 Feb 2025,05 Feb 2025,,Raast IBFT to IQRA PARVEEN,5487.16,5376.85,290731.81
31 Jan 2025,31 Jan 2025,254089,Raast IBFT to OMAR ZAMAN,14041.78,20566.5,136388.91
06 Dec 2024,06 Dec 2024,259050,Mobile App MARYAM BEGUM,3347.42,17912.09,342551.12
02 Jan 2025,02 Jan 2025,701101,Raast IBFT to OMAR ZAMAN,22914.88,24208.8,272057.32
03 Nov 2024,03 Nov 2024,,Mobile App MARYAM BEGUM,3082.77,12496.75,445603.07
21 Jan 2025,21 Jan 2025,,INET Inter Bank Fund Transfer Charges,21332.52,5099.81,488394.19
10 Nov 2024,10 Nov 2024,582684,Mobile App MARYAM BEGUM,23000.97,7568.58,115095.79
03 Nov 2024,03 Nov 2024,724366,Mobile App MARYAM BEGUM,21554.42,6179.3,58652.83
07 Dec 2024,07 Dec 2024,492428,Raast IBFT to OMAR ZAMAN,10929.68,16036.52,128506.12
24 Dec 2024,24 Dec 2024,304594,Raast IBFT to IQRA PARVEEN,9324.82,23255.24,164185.66
08 Nov 2024,08 Nov 2024,154395,INET Inter Bank Fund Transfer Charges,14089.71,7366.19,251332.1
17 Nov 2024,17 Nov 2024,731663,Mobile App MARYAM BEGUM,19671.4,19887.83,375848.33
04 Dec 2024,04 Dec 2024,,Raast IBFT to IQRA PARVEEN,18233.38,2921.03,271174.71
01 Nov 2024,01 Nov 2024,,INET Inter Bank Fund Transfer Charges,9668.6,22564.39,467523.94
05 Feb 2025,05 Feb 2025,328968,Raast IBFT to IQRA PARVEEN,10192.59,11558.14,163607.39
20 Nov 2024,20 Nov 2024,,Mobile App MARYAM BEGUM,23954.64,4242.68,82264.27
06 Dec 2024,06 Dec 2024,125315,Mobile App MARYAM BEGUM,10006.3,11732.95,30459.62
14 Nov 2024,14 Nov 2024,,Raast IBFT to IQRA PARVEEN,19681.68,8655.99,188574.73
11 Nov 2024,11 Nov 2024,002840,Mobile App MARYAM BEGUM,20496.42,23973.82,43461.14
18 Nov 2024,18 Nov 2024,164959,INET Inter Bank Fund Transfer Charges,10088.06,19660.04,91322.32
14 Jan 2025,14 Jan 2025,793599,INET Inter Bank Fund Transfer Charges,20573.48,23047.5,179421.22
28 Nov 2024,28 Nov 2024,,INET Inter Bank Fund Transfer Charges,24663.75,21836.77,274465.3
04 Nov 2024,04 Nov 2024,,Raast IBFT to IQRA PARVEEN,5140.33,2567.87,142765.56
06 Dec 2024,06 Dec 2024,,Mobile App MARYAM BEGUM,22853.45,6970.01,20864.5
26 Dec 2024,26 Dec 2024,,Raast IBFT to OMAR ZAMAN,17404.88,2650.31,131028.0
26 Jan 2025,26 Jan 2025,,Raast IBFT to IQRA PARVEEN,21649.5,16229.06,229306.51
21 Jan 2025,21 Jan 2025,991174,INET Inter Bank Fund Transfer Charges,7559.12,13707.91,336746.41
03 Dec 2024,03 Dec 2024,,Raast IBFT to IQRA PARVEEN,7989.46,6724.63,468828.91
20 Dec 2024,20 Dec 2024,371601,INET Inter Bank Fund Transfer Charges,6543.91,1509.9,483006.59
01 Feb 2025,01 Feb 2025,,INET Inter Bank Fund Transfer Charges,15539.26,1243.15,123376.93
19 Dec 2024,19 Dec 2024,896659,Raast IBFT to IQRA PARVEEN,13674.32,19935.16,419812.98
02 Feb 2025,02 Feb 2025,,INET Inter Bank Fund Transfer Charges,2621.05,2843.06,155188.97
10 Nov 2024,10 Nov 2024,098407,Mobile App MARYAM BEGUM,1552.92,20921.26,227846.38
22 Nov 2024,22 Nov 2024,784845,INET Inter Bank Fund Transfer Charges,5248.04,15832.09,81972.9
14 Jan 2025,14 Jan 2025,314028,INET Inter Bank Fund Transfer Charges,18847.01,23553.84,225298.34
24 Jan 2025,24 Jan 2025,729297,Raast IBFT to OMAR ZAMAN,3563.99,17085.28,309315.15
06 Jan 2025,06 Jan 2025,,INET Inter Bank Fund Transfer Charges,24895.09,19597.26,363162.18
03 Jan 2025,03 Jan 2025,,INET Inter Bank Fund Transfer Charges,20368.39,2380.48,176009.12
29 Nov 2024,29 Nov 2024,902178,Raast IBFT to IQRA PARVEEN,22266.1,6713.03,188458.14
22 Nov 2024,22 Nov 2024,756894,Raast IBFT to IQRA PARVEEN,15747.87,13326.43,326562.96
22 Jan 2025,22 Jan 2025,484145,Mobile App MARYAM BEGUM,23467.64,18985.86,36058.93
24 Dec 2024,24 Dec 2024,,INET Inter Bank Fund Transfer Charges,7900.45,21784.59,13343.4
07 Feb 2025,07 Feb 2025,741512,Raast IBFT to OMAR ZAMAN,10360.2,4386.75,485932.16
20 Dec 2024,20 Dec 2024,394498,Raast IBFT to OMAR ZAMAN,19858.07,8827.7,84517.64
12 Nov 2024,12 Nov 2024,073720,Raast IBFT to OMAR ZAMAN,5794.6,14594.31,188349.91
12 Jan 2025,12 Jan 2025,435861,Mobile App MARYAM BEGUM,11556.88,4870.19,209306.69
20 Jan 2025,20 Jan 2025,477164,Mobile App MARYAM BEGUM,1792.93,2556.14,476969.33
03 Jan 2025,03 Jan 2025,367233,Mobile App MARYAM BEGUM,18734.08,8870.34,104709.25
05 Feb 2025,05 Feb 2025,521807,Mobile App MARYAM BEGUM,20964.9,13019.75,447155.48
25 Nov 2024,25 Nov 2024,,INET Inter Bank Fund Transfer Charges,11687.85,24142.79,118898.24
23 Jan 2025,23 Jan 2025,505288,Raast IBFT to IQRA PARVEEN,9909.69,10106.5,228186.69
05 Jan 2025,05 Jan 2025,,Mobile App MARYAM BEGUM,10052.02,2552.93,202399.1
22 Dec 2024,22 Dec 2024,777295,Mobile App MARYAM BEGUM,21983.76,5727.99,329467.68
14 Nov 2024,14 Nov 2024,,INET Inter Bank Fund Transfer Charges,15978.42,10002.84,12255.33
26 Jan 2025,26 Jan 2025,508970,Raast IBFT to OMAR ZAMAN,11871.5,19214.87,359429.2
10 Jan 2025,10 Jan 2025,,Mobile App MARYAM BEGUM,23109.22,10958.98,255385.61
12 Nov 2024,12 Nov 2024,,Mobile App MARYAM BEGUM,10319.69,14716.74,437159.75
23 Nov 2024,23 Nov 2024,,Raast IBFT to IQRA PARVEEN,19301.03,13265.35,387357.33
07 Feb 2025,07 Feb 2025,921275,Raast IBFT to IQRA PARVEEN,21440.76,90.68,341895.31
15 Nov 2024,15 Nov 2024,314266,Raast IBFT to OMAR ZAMAN,9034.93,4841.48,444330.78
21 Jan 2025,21 Jan 2025,,INET Inter Bank Fund Transfer Charges,18262.94,17518.06,303070.96
07 Feb 2025,07 Feb 2025,864651,Mobile App MARYAM BEGUM,4048.93,259.5,331291.94
03 Jan 2025,03 Jan 2025,,Raast IBFT to OMAR ZAMAN,15861.63,5161.85,66747.61
14 Jan 2025,14 Jan 2025,,Raast IBFT to IQRA PARVEEN,23753.65,9315.32,158712.66
17 Jan 2025,17 Jan 2025,835168,INET Inter Bank Fund Transfer Charges,15851.74,4649.91,485391.7
10 Jan 2025,10 Jan 2025,,Mobile App MARYAM BEGUM,23533.73,14319.37,166598.1
03 Jan 2025,03 Jan 2025,304870,Mobile App MARYAM BEGUM,1481.05,13017.1,169368.17
23 Jan 2025,23 Jan 2025,511841,Mobile App MARYAM BEGUM,24853.29,11969.93,349807.18
24 Jan 2025,24 Jan 2025,,Mobile App MARYAM BEGUM,4578.87,23327.26,319205.35
27 Nov 2024,27 Nov 2024,,Raast IBFT to OMAR ZAMAN,4097.8,19478.86,359905.9
24 Jan 2025,24 Jan 2025,,Raast IBFT to IQRA PARVEEN,20796.65,5.22,137006.32
23 Dec 2024,23 Dec 2024,964457,Raast IBFT to OMAR ZAMAN,5745.33,24409.11,99809.88
13 Dec 2024,13 Dec 2024,859428,Mobile App MARYAM BEGUM,16875.56,16599.65,407293.59
17 Nov 2024,17 Nov 2024,,INET Inter Bank Fund Transfer Charges,15530.45,4794.83,248374.15
30 Nov 2024,30 Nov 2024,119841,Raast IBFT to IQRA PARVEEN,2497.12,12638.34,203301.88
28 Jan 2025,28 Jan 2025,715733,Raast IBFT to IQRA PARVEEN,18699.35,10413.06,346361.07
28 Jan 2025,28 Jan 2025,,INET Inter Bank Fund Transfer Charges,20238.08,13734.55,332701.83
14 Dec 2024,14 Dec 2024,893367,INET Inter Bank Fund Transfer Charges,4948.74,3990.57,462896.36
22 Dec 2024,22 Dec 2024,838027,Raast IBFT to OMAR ZAMAN,14267.98,6772.97,276731.7
20 Jan 2025,20 Jan 2025,,Raast IBFT to IQRA PARVEEN,13758.77,6652.53,422503.12
17 Nov 2024,17 Nov 2024,,Mobile App MARYAM BEGUM,23552.46,465.9,101331.64
30 Dec 2024,30 Dec 2024,822329,Raast IBFT to OMAR ZAMAN,8157.32,5329.08,257332.0
10 Nov 2024,10 Nov 2024,764928,Raast IBFT to OMAR ZAMAN,10854.85,19858.37,31659.09
09 Dec 2024,09 Dec 2024,,Raast IBFT to OMAR ZAMAN,11277.01,9584.01,123351.96
09 Feb 2025,09 Feb 2025,,INET Inter Bank Fund Transfer Charges,22610.4,8006.32,343960.96
26 Jan 2025,26 Jan 2025,671824,Mobile App MARYAM BEGUM,22497.98,10680.2,70142.05
24 Nov 2024,24 Nov 2024,861824,INET Inter Bank Fund Transfer Charges,1613.68,17536.36,59798.08
05 Jan 2025,05 Jan 2025,,Mobile App MARYAM BEGUM,1905.98,11632.96,128629.49
23 Nov 2024,23 Nov 2024,499292,Raast IBFT to OMAR ZAMAN,17433.89,19686.83,368894.53
02 Jan 2025,02 Jan 2025,102143,Raast IBFT to OMAR ZAMAN,22604.18,18453.37,164178.65
11 Nov 2024,11 Nov 2024,811061,Mobile App MARYAM BEGUM,14964.74,20260.97,286583.97
09 Jan 2025,09 Jan 2025,,INET Inter Bank Fund Transfer Charges,14938.84,1132.86,187827.55
01 Dec 2024,01 Dec 2024,,Raast IBFT to OMAR ZAMAN,6560.72,4545.61,170422.62
23 Nov 2024,23 Nov 2024,,Raast IBFT to OMAR ZAMAN,8110.49,21581.17,116813.43
05 Dec 2024,05 Dec 2024,294322,Mobile App MARYAM BEGUM,13657.13,5897.83,308581.4
27 Dec 2024,27 Dec 2024,,Raast IBFT to OMAR ZAMAN,21035.83,11783.9,290551.92
10 Dec 2024,10 Dec 2024,032564,Raast IBFT to IQRA PARVEEN,1675.61,7118.58,132178.96
14 Dec 2024,14 Dec 2024,543971,INET Inter Bank Fund Transfer Charges,7345.18,3751.68,178653.11
12 Jan 2025,12 Jan 2025,,Mobile App MARYAM BEGUM,24955.91,3077.31,490464.75
06 Feb 2025,06 Feb 2025,240226,INET Inter Bank Fund Transfer Charges,18478.46,17286.64,135917.97
17 Nov 2024,17 Nov 2024,,Mobile App MARYAM BEGUM,18574.38,7218.09,344531.67
16 Jan 2025,16 Jan 2025,085438,Raast IBFT to OMAR ZAMAN,20263.19,22930.77,14089.18
15 Dec 2024,15 Dec 2024,,Raast IBFT to OMAR ZAMAN,14239.35,23778.45,160173.16
28 Dec 2024,28 Dec 2024,,Raast IBFT to OMAR ZAMAN,17444.25,17208.75,142922.28
23 Dec 2024,23 Dec 2024,,Mobile App MARYAM BEGUM,2607.04,23937.08,418154.02
25 Jan 2025,25 Jan 2025,485786,Raast IBFT to OMAR ZAMAN,16561.34,20967.92,126348.63
02 Dec 2024,02 Dec 2024,,Raast IBFT to IQRA PARVEEN,13378.23,17277.86,91106.82
02 Feb 2025,02 Feb 2025,,Raast IBFT to OMAR ZAMAN,21255.59,6605.7,226394.58
24 Dec 2024,24 Dec 2024,,Raast IBFT to IQRA PARVEEN,4944.2,16127.58,39402.07
02 Dec 2024,02 Dec 2024,687119,INET Inter Bank Fund Transfer Charges,20849.96,1659.62,334115.4
04 Jan 2025,04 Jan 2025,642561,INET Inter Bank Fund Transfer Charges,4499.59,17758.38,480153.84
11 Jan 2025,11 Jan 2025,,Mobile App MARYAM BEGUM,10263.05,1627.1,319023.92
04 Dec 2024,04 Dec 2024,,INET Inter Bank Fund Transfer Charges,16251.54,22808.08,197859.25
04 Dec 2024,04 Dec 2024,327930,Raast IBFT to OMAR ZAMAN,23022.93,4001.82,450865.54
08 Nov 2024,08 Nov 2024,706018,INET Inter Bank Fund Transfer Charges,9631.99,19629.32,337500.77
08 Dec 2024,08 Dec 2024,919756,Raast IBFT to IQRA PARVEEN,24271.2,3119.77,360610.54
04 Nov 2024,04 Nov 2024,648051,Raast IBFT to OMAR ZAMAN,24899.6,24086.41,47908.4
01 Dec 2024,01 Dec 2024,,Mobile App MARYAM BEGUM,14112.57,14902.15,155955.41
25 Nov 2024,25 Nov 2024,238997,INET Inter Bank Fund Transfer Charges,1192.37,17119.33,57739.13
27 Dec 2024,27 Dec 2024,,Mobile App MARYAM BEGUM,12299.6,10443.05,208514.86
05 Jan 2025,05 Jan 2025,139781,INET Inter Bank Fund Transfer Charges,21651.03,10099.3,169094.66
05 Nov 2024,05 Nov 2024,796397,Mobile App MARYAM BEGUM,9440.83,6508.39,137518.25
20 Nov 2024,20 Nov 2024,,Raast IBFT to OMAR ZAMAN,8774.28,14645.01,284096.11
31 Dec 2024,31 Dec 2024,,INET Inter Bank Fund Transfer Charges,4495.01,22176.47,347152.82
06 Feb 2025,06 Feb 2025,351165,Mobile App MARYAM BEGUM,14066.9,18030.06,55561.35
27 Nov 2024,27 Nov 2024,369810,Raast IBFT to IQRA PARVEEN,8392.4,4794.42,318012.51
04 Feb 2025,04 Feb 2025,914102,Raast IBFT to OMAR ZAMAN,8627.63,11226.06,399899.2
30 Nov 2024,30 Nov 2024,,Raast IBFT to OMAR ZAMAN,21856.18,1647.18,139679.95
06 Nov 2024,06 Nov 2024,744394,INET Inter Bank Fund Transfer Charges,21282.88,20938.8,444762.4
14 Dec 2024,14 Dec 2024,,INET Inter Bank Fund Transfer Charges,20789.74,18851.98,457098.09
31 Dec 2024,31 Dec 2024,816422,INET Inter Bank Fund Transfer Charges,5218.41,2873.82,43449.31
19 Nov 2024,19 Nov 2024,,Raast IBFT to OMAR ZAMAN,9419.1,1354.31,38903.53
08 Feb 2025,08 Feb 2025,144599,Raast IBFT to OMAR ZAMAN,19844.98,7738.14,389569.59
25 Nov 2024,25 Nov 2024,426292,INET Inter Bank Fund Transfer Charges,20879.67,1084.21,49628.4
12 Nov 2024,12 Nov 2024,,Mobile App MARYAM BEGUM,24393.47,17387.91,464530.88
11 Jan 2025,11 Jan 2025,079190,INET Inter Bank Fund Transfer Charges,11246.14,17701.07,179541.58
04 Dec 2024,04 Dec 2024,,Raast IBFT to IQRA PARVEEN,22775.17,22845.72,442642.14
17 Dec 2024,17 Dec 2024,548208,Raast IBFT to IQRA PARVEEN,22362.48,13865.08,435348.12
10 Jan 2025,10 Jan 2025,345305,Raast IBFT to OMAR ZAMAN,3152.05,11383.17,158177.87
08 Dec 2024,08 Dec 2024,607649,Raast IBFT to OMAR ZAMAN,14946.12,22588.27,412233.22
28 Jan 2025,28 Jan 2025,360426,Mobile App MARYAM BEGUM,18579.79,8734.34,242648.44
25 Dec 2024,25 Dec 2024,,Mobile App MARYAM BEGUM,4611.27,15552.67,59327.6
21 Jan 2025,21 Jan 2025,,Raast IBFT to OMAR ZAMAN,7549.7,13169.14,249375.41
30 Dec 2024,30 Dec 2024,,Raast IBFT to OMAR ZAMAN,16548.47,20150.28,136373.1
13 Jan 2025,13 Jan 2025,,Raast IBFT to OMAR ZAMAN,22211.97,20079.06,369007.64
06 Nov 2024,06 Nov 2024,,Raast IBFT to OMAR ZAMAN,14906.02,15176.92,109397.64
15 Nov 2024,15 Nov 2024,,Raast IBFT to IQRA PARVEEN,19650.05,20512.34,411957.92
12 Nov 2024,12 Nov 2024,,INET Inter Bank Fund Transfer Charges,1747.09,12258.87,466267.41
02 Jan 2025,02 Jan 2025,195992,Mobile App MARYAM BEGUM,19104.62,16083.21,152791.82
05 Nov 2024,05 Nov 2024,,Raast IBFT to OMAR ZAMAN,14376.02,1825.75,17022.38
02 Feb 2025,02 Feb 2025,835508,Raast IBFT to IQRA PARVEEN,10893.35,22629.61,83126.8
27 Jan 2025,27 Jan 2025,024488,Raast IBFT to OMAR ZAMAN,6793.27,15424.24,107972.26
31 Dec 2024,31 Dec 2024,578239,INET Inter Bank Fund Transfer Charges,21588.72,15272.75,106887.33
07 Nov 2024,07 Nov 2024,951208,Mobile App MARYAM BEGUM,14799.74,7015.58,398006.01
05 Dec 2024,05 Dec 2024,,Raast IBFT to OMAR ZAMAN,22884.62,18384.04,332597.79
18 Nov 2024,18 Nov 2024,858410,INET Inter Bank Fund Transfer Charges,15537.39,8992.03,457467.06
12 Dec 2024,12 Dec 2024,236508,INET Inter Bank Fund Transfer Charges,4607.05,15353.53,260265.69
22 Nov 2024,22 Nov 2024,726123,Raast IBFT to OMAR ZAMAN,15624.73,5562.95,34276.13
17 Dec 2024,17 Dec 2024,162889,INET Inter Bank Fund Transfer Charges,14831.21,20592.34,64527.79
29 Dec 2024,29 Dec 2024,,Raast IBFT to OMAR ZAMAN,6891.93,7740.18,126866.31
17 Dec 2024,17 Dec 2024,,INET Inter Bank Fund Transfer Charges,11448.49,20072.6,212878.46
08 Jan 2025,08 Jan 2025,113731,Raast IBFT to IQRA PARVEEN,3528.95,19296.52,186633.19
24 Dec 2024,24 Dec 2024,250977,Raast IBFT to IQRA PARVEEN,8769.64,22191.07,307473.12
06 Jan 2025,06 Jan 2025,302485,Raast IBFT to IQRA PARVEEN,22571.28,1838.11,55303.44
14 Dec 2024,14 Dec 2024,916841,Raast IBFT to IQRA PARVEEN,5612.21,17328.83,414875.84
05 Feb 2025,05 Feb 2025,,Mobile App MARYAM BEGUM,22164.43,4674.77,308758.92
01 Jan 2025,01 Jan 2025,,INET Inter Bank Fund Transfer Charges,2622.44,3131.06,262144.56
26 Dec 2024,26 Dec 2024,912565,INET Inter Bank Fund Transfer Charges,16019.46,23158.34,416925.86
07 Feb 2025,07 Feb 2025,359732,Mobile App MARYAM BEGUM,8264.51,20342.32,275992.87
27 Jan 2025,27 Jan 2025,,Mobile App MARYAM BEGUM,9135.39,3459.75,183865.14
15 Nov 2024,15 Nov 2024,671000,Mobile App MARYAM BEGUM,8912.37,1621.55,226012.38
24 Dec 2024,24 Dec 2024,885338,Raast IBFT to OMAR ZAMAN,18319.79,24985.39,460810.05
17 Jan 2025,17 Jan 2025,715518,Raast IBFT to IQRA PARVEEN,5747.98,5360.74,451642.75
16 Dec 2024,16 Dec 2024,878183,Raast IBFT to IQRA PARVEEN,5750.08,23504.6,345825.19
01 Jan 2025,01 Jan 2025,184584,INET Inter Bank Fund Transfer Charges,17616.68,15212.24,485978.38
06 Feb 2025,06 Feb 2025,,Raast IBFT to IQRA PARVEEN,24899.94,3926.97,165010.42
01 Nov 2024,01 Nov 2024,863700,Raast IBFT to IQRA PARVEEN,1898.23,15425.14,387003.5
24 Jan 2025,24 Jan 2025,720996,Mobile App MARYAM BEGUM,15608.61,5496.14,337425.22
20 Dec 2024,20 Dec 2024,,Mobile App MARYAM BEGUM,10569.33,23941.85,105618.79
01 Nov 2024,01 Nov 2024,099542,Raast IBFT to OMAR ZAMAN,20069.63,3098.47,397686.19
16 Nov 2024,16 Nov 2024,,Raast IBFT to IQRA PARVEEN,20963.63,20270.51,177879.2
25 Jan 2025,25 Jan 2025,983580,Mobile App MARYAM BEGUM,13025.5,20974.36,431328.61
27 Nov 2024,27 Nov 2024,687571,INET Inter Bank Fund Transfer Charges,19692.79,24084.33,417506.13
27 Nov 2024,27 Nov 2024,025497,Raast IBFT to IQRA PARVEEN,11217.81,24970.47,392165.69
05 Jan 2025,05 Jan 2025,,Mobile App MARYAM BEGUM,15638.25,9295.17,116459.42
06 Nov 2024,06 Nov 2024,,INET Inter Bank Fund Transfer Charges,21249.97,20673.41,316939.43
27 Nov 2024,27 Nov 2024,,Mobile App MARYAM BEGUM,14136.87,2508.66,146751.22
12 Nov 2024,12 Nov 2024,272287,INET Inter Bank Fund Transfer Charges,9820.04,1727.66,266201.72
07 Feb 2025,07 Feb 2025,,Raast IBFT to OMAR ZAMAN,20664.66,21370.81,352440.72
26 Dec 2024,26 Dec 2024,,Mobile App MARYAM BEGUM,9653.49,11871.72,161566.25
01 Feb 2025,01 Feb 2025,,Raast IBFT to IQRA PARVEEN,4365.35,13941.53,209704.05
18 Dec 2024,18 Dec 2024,168885,Raast IBFT to OMAR ZAMAN,7097.73,12384.49,229697.03
28 Nov 2024,28 Nov 2024,703948,Raast IBFT to IQRA PARVEEN,3184.92,3460.5,304151.41
17 Dec 2024,17 Dec 2024,,INET Inter Bank Fund Transfer Charges,22859.81,9553.78,10639.11
30 Dec 2024,30 Dec 2024,963944,Mobile App MARYAM BEGUM,24057.4,15569.89,450631.61
06 Jan 2025,06 Jan 2025,,Raast IBFT to OMAR ZAMAN,1200.82,9180.05,329866.57
15 Jan 2025,15 Jan 2025,152691,Mobile App MARYAM BEGUM,12476.47,9848.22,239555.7
21 Nov 2024,21 Nov 2024,,Raast IBFT to IQRA PARVEEN,1461.41,12908.5,290498.19
07 Nov 2024,07 Nov 2024,866794,Raast IBFT to IQRA PARVEEN,5331.38,2389.28,194686.14
20 Nov 2024,20 Nov 2024,,Raast IBFT to IQRA PARVEEN,10470.92,22548.0,460416.28
23 Dec 2024,23 Dec 2024,,Raast IBFT to IQRA PARVEEN,7612.17,10034.85,139614.0
28 Nov 2024,28 Nov 2024,,INET Inter Bank Fund Transfer Charges,24461.44,8938.91,201391.8
28 Jan 2025,28 Jan 2025,876959,Mobile App MARYAM BEGUM,11229.36,1929.96,194233.18
17 Jan 2025,17 Jan 2025,468358,INET Inter Bank Fund Transfer Charges,9197.58,2332.42,372786.57
07 Nov 2024,07 Nov 2024,434680,INET Inter Bank Fund Transfer Charges,24735.67,12125.84,290857.92
03 Dec 2024,03 Dec 2024,413788,INET Inter Bank Fund Transfer Charges,6048.1,2249.64,16813.37
06 Dec 2024,06 Dec 2024,,INET Inter Bank Fund Transfer Charges,5477.22,23441.15,106920.18
09 Nov 2024,09 Nov 2024,,INET Inter Bank Fund Transfer Charges,22845.06,12011.27,475509.23
29 Nov 2024,29 Nov 2024,169350,Mobile App MARYAM BEGUM,24003.17,23294.59,166487.48
04 Nov 2024,04 Nov 2024,,Raast IBFT to IQRA PARVEEN,2249.67,14052.59,33467.92
19 Nov 2024,19 Nov 2024,,INET Inter Bank Fund Transfer Charges,15836.23,16292.4,180625.71
06 Jan 2025,06 Jan 2025,,INET Inter Bank Fund Transfer Charges,5485.96,20112.54,169882.53
30 Jan 2025,30 Jan 2025,,Raast IBFT to OMAR ZAMAN,22525.71,22799.33,459273.24
11 Dec 2024,11 Dec 2024,,Mobile App MARYAM BEGUM,13897.12,3554.15,294125.89
12 Dec 2024,12 Dec 2024,,Raast IBFT to IQRA PARVEEN,13560.9,1207.79,453884.41
20 Nov 2024,20 Nov 2024,567172,Raast IBFT to IQRA PARVEEN,16999.49,7182.36,85936.57
23 Dec 2024,23 Dec 2024,577585,Mobile App MARYAM BEGUM,24055.87,15295.38,430598.07
11 Jan 2025,11 Jan 2025,,Mobile App MARYAM BEGUM,8131.44,17159.93,270995.51
05 Feb 2025,05 Feb 2025,289975,Raast IBFT to OMAR ZAMAN,2198.34,15611.33,355248.68
17 Nov 2024,17 Nov 2024,,INET Inter Bank Fund Transfer Charges,14765.3,21495.33,255501.75
10 Nov 2024,10 Nov 2024,,Raast IBFT to OMAR ZAMAN,4833.81,15913.09,422020.17
08 Feb 2025,08 Feb 2025,,Mobile App MARYAM BEGUM,18532.84,10050.91,123208.46
28 Nov 2024,28 Nov 2024,400208,Mobile App MARYAM BEGUM,14434.29,9817.37,75368.04
23 Dec 2024,23 Dec 2024,,Mobile App MARYAM BEGUM,21485.59,1229.8,344461.49
11 Jan 2025,11 Jan 2025,224208,Raast IBFT to IQRA PARVEEN,6125.33,18293.0,198619.83
12 Nov 2024,12 Nov 2024,469477,Raast IBFT to OMAR ZAMAN,3051.68,911.74,31072.57
21 Jan 2025,21 Jan 2025,,Raast IBFT to IQRA PARVEEN,4674.13,18296.5,382865.88
01 Feb 2025,01 Feb 2025,863049,Mobile App MARYAM BEGUM,3810.61,8277.59,422451.56
30 Jan 2025,30 Jan 2025,166119,Raast IBFT to OMAR ZAMAN,14054.89,17384.75,275588.37
01 Feb 2025,01 Feb 2025,,Mobile App MARYAM BEGUM,20843.26,6780.31,70761.17
31 Dec 2024,31 Dec 2024,,Raast IBFT to OMAR ZAMAN,17140.83,3943.95,162918.78
25 Dec 2024,25 Dec 2024,,INET Inter Bank Fund Transfer Charges,9614.39,24971.22,56459.3
11 Jan 2025,11 Jan 2025,286595,Raast IBFT to OMAR ZAMAN,16939.41,6681.6,229954.88
23 Jan 2025,23 Jan 2025,,Raast IBFT to OMAR ZAMAN,12806.69,14527.96,413383.03
05 Dec 2024,05 Dec 2024,,Raast IBFT to IQRA PARVEEN,19070.06,10434.18,258298.02
22 Jan 2025,22 Jan 2025,,Mobile App MARYAM BEGUM,21651.59,13341.83,282192.85
13 Nov 2024,13 Nov 2024,760681,INET Inter Bank Fund Transfer Charges,7975.77,14593.5,243957.88
13 Nov 2024,13 Nov 2024,,Raast IBFT to IQRA PARVEEN,13935.93,13214.98,225411.87
09 Dec 2024,09 Dec 2024,,INET Inter Bank Fund Transfer Charges,1442.35,7365.41,98308.48
09 Feb 2025,09 Feb 2025,350594,INET Inter Bank Fund Transfer Charges,9028.18,320.35,343113.8
23 Jan 2025,23 Jan 2025,171342,Raast IBFT to IQRA PARVEEN,16148.23,7655.43,312294.41
06 Dec 2024,06 Dec 2024,,Raast IBFT to OMAR ZAMAN,23381.91,15752.44,197762.15
29 Nov 2024,29 Nov 2024,059229,INET Inter Bank Fund Transfer Charges,13515.87,9399.25,104611.44
10 Nov 2024,10 Nov 2024,171229,Raast IBFT to OMAR ZAMAN,4955.34,17568.94,370473.12
09 Feb 2025,09 Feb 2025,,Mobile App MARYAM BEGUM,2097.91,1404.82,293344.99
14 Dec 2024,14 Dec 2024,,INET Inter Bank Fund Transfer Charges,2935.87,17480.99,445361.32
18 Dec 2024,18 Dec 2024,,Raast IBFT to IQRA PARVEEN,6658.96,20449.76,497164.84
03 Nov 2024,03 Nov 2024,,Raast IBFT to IQRA PARVEEN,18169.68,6783.34,100224.48
12 Nov 2024,12 Nov 2024,821507,Mobile App MARYAM BEGUM,18295.37,20505.21,245935.94
09 Feb 2025,09 Feb 2025,,Raast IBFT to IQRA PARVEEN,16293.76,12422.59,389206.49
23 Dec 2024,23 Dec 2024,,INET Inter Bank Fund Transfer Charges,13374.03,12011.88,168086.8
02 Dec 2024,02 Dec 2024,394539,INET Inter Bank Fund Transfer Charges,13639.02,5250.34,308320.04
07 Dec 2024,07 Dec 2024,,Mobile App MARYAM BEGUM,9048.51,11780.76,15828.2
01 Dec 2024,01 Dec 2024,,Raast IBFT to IQRA PARVEEN,23831.25,17080.41,455616.63
08 Dec 2024,08 Dec 2024,430581,Raast IBFT to IQRA PARVEEN,13596.25,21774.89,45749.18
04 Dec 2024,04 Dec 2024,157590,Raast IBFT to IQRA PARVEEN,24279.4,18165.62,191032.74
27 Nov 2024,27 Nov 2024,,Raast IBFT to OMAR ZAMAN,21151.62,16355.82,118278.92
15 Dec 2024,15 Dec 2024,,Mobile App MARYAM BEGUM,1068.65,19992.33,335343.67
24 Dec 2024,24 Dec 2024,171241,Raast IBFT to IQRA PARVEEN,7824.08,8829.65,417924.03
24 Nov 2024,24 Nov 2024,653317,Raast IBFT to IQRA PARVEEN,19801.25,13534.05,411653.89
15 Nov 2024,15 Nov 2024,,INET Inter Bank Fund Transfer Charges,4575.18,14399.6,415126.59
30 Dec 2024,30 Dec 2024,461835,Raast IBFT to OMAR ZAMAN,12270.16,19505.95,305562.62
18 Dec 2024,18 Dec 2024,897271,INET Inter Bank Fund Transfer Charges,10120.62,3290.19,66534.15
13 Jan 2025,13 Jan 2025,,INET Inter Bank Fund Transfer Charges,17814.95,10208.92,456068.61
25 Jan 2025,25 Jan 2025,296445,Mobile App MARYAM BEGUM,22638.59,16146.09,125965.0
19 Nov 2024,19 Nov 2024,729118,Raast IBFT to OMAR ZAMAN,6926.68,7482.0,29344.32
27 Nov 2024,27 Nov 2024,,INET Inter Bank Fund Transfer Charges,9471.11,11175.44,72063.83
28 Jan 2025,28 Jan 2025,301868,INET Inter Bank Fund Transfer Charges,10051.66,4713.79,75197.9
17 Jan 2025,17 Jan 2025,141856,Raast IBFT to IQRA PARVEEN,17708.83,16845.65,186752.0
30 Jan 2025,30 Jan 2025,605466,Raast IBFT to OMAR ZAMAN,3544.51,4606.21,357759.65
26 Jan 2025,26 Jan 2025,,Raast IBFT to OMAR ZAMAN,11328.07,11851.72,103291.16
08 Nov 2024,08 Nov 2024,275711,Raast IBFT to OMAR ZAMAN,23913.75,2162.34,469733.27
17 Jan 2025,17 Jan 2025,611105,INET Inter Bank Fund Transfer Charges,2973.08,14484.2,479079.08
26 Nov 2024,26 Nov 2024,,Raast IBFT to OMAR ZAMAN,20407.22,19528.34,381955.45
17 Nov 2024,17 Nov 2024,369858,INET Inter Bank Fund Transfer Charges,9111.79,24070.79,12566.18
23 Jan 2025,23 Jan 2025,,Mobile App MARYAM BEGUM,20556.41,20409.4,403136.67
25 Jan 2025,25 Jan 2025,630752,INET Inter Bank Fund Transfer Charges,12118.12,11938.4,123566.69
24 Jan 2025,24 Jan 2025,,Mobile App MARYAM BEGUM,11319.46,14707.43,477793.35
07 Dec 2024,07 Dec 2024,579227,Raast IBFT to IQRA PARVEEN,5934.25,4195.82,498312.78
04 Nov 2024,04 Nov 2024,720417,Mobile App MARYAM BEGUM,14530.57,8426.25,134200.92
06 Feb 2025,06 Feb 2025,,Raast IBFT to IQRA PARVEEN,4201.67,13121.28,498116.49
05 Dec 2024,05 Dec 2024,002267,Mobile App MARYAM BEGUM,3507.31,21140.87,198877.08
27 Jan 2025,27 Jan 2025,991018,Raast IBFT to IQRA PARVEEN,1675.41,8267.47,467532.61
09 Nov 2024,09 Nov 2024,,Raast IBFT to OMAR ZAMAN,10481.07,22112.51,93684.36
01 Feb 2025,01 Feb 2025,,Mobile App MARYAM BEGUM,6082.02,1084.48,439255.44
27 Nov 2024,27 Nov 2024,223617,INET Inter Bank Fund Transfer Charges,18609.68,13959.15,294762.78
05 Nov 2024,05 Nov 2024,,Raast IBFT to OMAR ZAMAN,9886.98,10355.45,237562.62
12 Nov 2024,12 Nov 2024,639848,INET Inter Bank Fund Transfer Charges,13272.39,1365.04,359493.45
01 Jan 2025,01 Jan 2025,,Raast IBFT to IQRA PARVEEN,10152.28,20908.0,26718.11
27 Jan 2025,27 Jan 2025,,INET Inter Bank Fund Transfer Charges,23333.85,21112.05,438463.34
14 Dec 2024,14 Dec 2024,969593,Raast IBFT to IQRA PARVEEN,10625.99,22386.85,279480.53
12 Dec 2024,12 Dec 2024,438698,Raast IBFT to OMAR ZAMAN,20618.54,21158.14,75350.29
25 Jan 2025,25 Jan 2025,,INET Inter Bank Fund Transfer Charges,19062.68,15459.02,330094.32
30 Nov 2024,30 Nov 2024,,INET Inter Bank Fund Transfer Charges,8463.83,11822.94,26848.22
18 Dec 2024,18 Dec 2024,617637,Raast IBFT to OMAR ZAMAN,5455.0,24968.64,435239.74
02 Feb 2025,02 Feb 2025,396648,Raast IBFT to OMAR ZAMAN,7476.02,21636.42,16268.38
12 Nov 2024,12 Nov 2024,,Raast IBFT to IQRA PARVEEN,4043.27,1944.94,96456.5
27 Nov 2024,27 Nov 2024,,Raast IBFT to IQRA PARVEEN,14993.81,15492.16,128640.08
02 Nov 2024,02 Nov 2024,330203,Raast IBFT to OMAR ZAMAN,3369.17,19418.46,77790.18
11 Dec 2024,11 Dec 2024,236843,Raast IBFT to OMAR ZAMAN,4377.29,16176.52,134281.92
07 Nov 2024,07 Nov 2024,911150,Raast IBFT to OMAR ZAMAN,16078.19,21346.66,327457.94
23 Nov 2024,23 Nov 2024,737555,Raast IBFT to OMAR ZAMAN,6630.68,12368.65,61667.27
30 Dec 2024,30 Dec 2024,,Raast IBFT to OMAR ZAMAN,16289.1,14676.45,300009.04
08 Feb 2025,08 Feb 2025,392630,Raast IBFT to IQRA PARVEEN,10322.87,5440.25,203799.91
07 Nov 2024,07 Nov 2024,,Raast IBFT to IQRA PARVEEN,17873.68,11116.21,85807.13
30 Dec 2024,30 Dec 2024,532274,Raast IBFT to OMAR ZAMAN,5526.91,13835.76,271628.85
02 Jan 2025,02 Jan 2025,,Raast IBFT to OMAR ZAMAN,4452.22,17185.99,342749.1
06 Jan 2025,06 Jan 2025,,Raast IBFT to IQRA PARVEEN,22623.9,16169.32,345832.51
01 Nov 2024,01 Nov 2024,180169,INET Inter Bank Fund Transfer Charges,8844.12,10187.44,335854.48
08 Feb 2025,08 Feb 2025,680077,Mobile App MARYAM BEGUM,6440.41,7824.92,175411.79
22 Jan 2025,22 Jan 2025,947625,Raast IBFT to IQRA PARVEEN,5188.73,23461.62,456822.52
14 Jan 2025,14 Jan 2025,250302,INET Inter Bank Fund Transfer Charges,20874.55,1980.37,85358.65
11 Nov 2024,11 Nov 2024,,Raast IBFT to OMAR ZAMAN,24838.16,21240.51,226492.67
18 Nov 2024,18 Nov 2024,,Mobile App MARYAM BEGUM,21277.18,17633.5,215955.91
31 Jan 2025,31 Jan 2025,552057,Raast IBFT to OMAR ZAMAN,13238.65,21137.24,187804.28
09 Jan 2025,09 Jan 2025,,Raast IBFT to IQRA PARVEEN,15940.97,5536.1,177363.26
25 Nov 2024,25 Nov 2024,797511,INET Inter Bank Fund Transfer Charges,16132.34,7559.18,27253.58
30 Nov 2024,30 Nov 2024,037562,Raast IBFT to IQRA PARVEEN,13894.96,13985.11,147712.54
18 Nov 2024,18 Nov 2024,,INET Inter Bank Fund Transfer Charges,13944.38,22367.4,98747.96
19 Jan 2025,19 Jan 2025,705191,Mobile App MARYAM BEGUM,22258.84,3138.02,285737.15
05 Nov 2024,05 Nov 2024,343362,INET Inter Bank Fund Transfer Charges,5504.77,22929.77,231937.39
25 Jan 2025,25 Jan 2025,,Raast IBFT to IQRA PARVEEN,16381.92,17533.04,25234.17
05 Feb 2025,05 Feb 2025,,INET Inter Bank Fund Transfer Charges,14438.31,8480.78,114250.59
21 Jan 2025,21 Jan 2025,,INET Inter Bank Fund Transfer Charges,17920.99,3727.17,347524.16
25 Nov 2024,25 Nov 2024,,Mobile App MARYAM BEGUM,22932.42,15687.3,142829.62
12 Nov 2024,12 Nov 2024,,INET Inter Bank Fund Transfer Charges,16438.02,839.32,52910.43
17 Dec 2024,17 Dec 2024,822270,Mobile App MARYAM BEGUM,17789.77,1290.7,423216.44
26 Nov 2024,26 Nov 2024,639942,INET Inter Bank Fund Transfer Charges,11828.34,17025.93,234538.79
18 Nov 2024,18 Nov 2024,911571,Raast IBFT to IQRA PARVEEN,11058.54,19531.35,394341.89
30 Dec 2024,30 Dec 2024,765029,INET Inter Bank Fund Transfer Charges,24143.82,23583.56,431822.91
11 Jan 2025,11 Jan 2025,553617,INET Inter Bank Fund Transfer Charges,14901.77,17305.39,146850.55
28 Dec 2024,28 Dec 2024,,INET Inter Bank Fund Transfer Charges,10847.76,7607.65,42341.72
11 Dec 2024,11 Dec 2024,,INET Inter Bank Fund Transfer Charges,11761.46,17427.45,381877.2
27 Dec 2024,27 Dec 2024,945851,Mobile App MARYAM BEGUM,3527.08,22629.1,390416.49
16 Dec 2024,16 Dec 2024,014058,Raast IBFT to OMAR ZAMAN,24051.81,11339.73,144729.3
19 Dec 2024,19 Dec 2024,850210,Raast IBFT to OMAR ZAMAN,5533.41,10722.04,137944.71
27 Nov 2024,27 Nov 2024,448694,Raast IBFT to OMAR ZAMAN,7315.25,1850.92,136175.19
21 Nov 2024,21 Nov 2024,760469,INET Inter Bank Fund Transfer Charges,9202.28,9923.91,492867.47
25 Nov 2024,25 Nov 2024,,Raast IBFT to IQRA PARVEEN,18447.04,21752.89,20939.57
13 Nov 2024,13 Nov 2024,,Raast IBFT to OMAR ZAMAN,24051.07,15800.71,412272.3
06 Jan 2025,06 Jan 2025,,Mobile App MARYAM BEGUM,11098.58,16336.12,35155.77
27 Dec 2024,27 Dec 2024,,Raast IBFT to IQRA PARVEEN,1386.25,6254.46,302279.09
19 Jan 2025,19 Jan 2025,731486,INET Inter Bank Fund Transfer Charges,23891.41,10826.62,375801.99
23 Dec 2024,23 Dec 2024,177816,INET Inter Bank Fund Transfer Charges,21444.84,15677.43,425542.57
25 Nov 2024,25 Nov 2024,218309,Mobile App MARYAM BEGUM,6460.29,3314.22,189826.8
29 Jan 2025,29 Jan 2025,,Raast IBFT to IQRA PARVEEN,2712.85,19223.7,355613.89
21 Dec 2024,21 Dec 2024,050564,Raast IBFT to IQRA PARVEEN,23830.68,20401.82,102148.26
13 Jan 2025,13 Jan 2025,215898,INET Inter Bank Fund Transfer Charges,12318.57,7020.05,37537.57
29 Dec 2024,29 Dec 2024,,Raast IBFT to IQRA PARVEEN,10826.59,9364.79,234372.44
07 Jan 2025,07 Jan 2025,,Raast IBFT to OMAR ZAMAN,4072.98,7455.24,202626.39
02 Jan 2025,02 Jan 2025,,Raast IBFT to OMAR ZAMAN,15221.67,20724.94,189428.75
27 Jan 2025,27 Jan 2025,293346,Raast IBFT to IQRA PARVEEN,18088.4,16966.68,336440.38
03 Jan 2025,03 Jan 2025,,Mobile App MARYAM BEGUM,24705.34,2061.61,174458.99
26 Dec 2024,26 Dec 2024,457802,Raast IBFT to OMAR ZAMAN,24592.17,10814.25,188027.67
18 Nov 2024,18 Nov 2024,747324,INET Inter Bank Fund Transfer Charges,11067.25,5179.61,49005.49
25 Dec 2024,25 Dec 2024,,Raast IBFT to IQRA PARVEEN,7438.32,19992.45,412600.76
07 Jan 2025,07 Jan 2025,,Raast IBFT to OMAR ZAMAN,22320.05,4519.86,133734.42
16 Jan 2025,16 Jan 2025,834367,Mobile App MARYAM BEGUM,15679.48,17212.54,196232.66
25 Jan 2025,25 Jan 2025,505653,Raast IBFT to OMAR ZAMAN,8635.25,7026.36,219035.75
16 Dec 2024,16 Dec 2024,,INET Inter Bank Fund Transfer Charges,3752.09,19486.49,250844.9
26 Nov 2024,26 Nov 2024,426715,Raast IBFT to IQRA PARVEEN,23958.25,16669.47,60607.38
13 Nov 2024,13 Nov 2024,,Raast IBFT to OMAR ZAMAN,18434.93,2946.55,142995.35
04 Feb 2025,04 Feb 2025,183077,INET Inter Bank Fund Transfer Charges,13198.75,14388.17,106984.9
28 Dec 2024,28 Dec 2024,,Mobile App MARYAM BEGUM,12369.69,17024.44,404357.9
16 Nov 2024,16 Nov 2024,,Raast IBFT to IQRA PARVEEN,8192.29,686.14,346877.06
25 Jan 2025,25 Jan 2025,006855,Mobile App MARYAM BEGUM,6511.44,7673.35,482623.8
12 Dec 2024,12 Dec 2024,073215,INET Inter Bank Fund Transfer Charges,3789.05,22628.53,454777.16
06 Feb 2025,06 Feb 2025,282444,Raast IBFT to IQRA PARVEEN,19044.38,4635.35,192937.69
11 Nov 2024,11 Nov 2024,357051,INET Inter Bank Fund Transfer Charges,23253.16,16308.82,222922.19
07 Jan 2025,07 Jan 2025,758206,Raast IBFT to IQRA PARVEEN,20734.71,12270.64,98109.57
28 Jan 2025,28 Jan 2025,620750,Raast IBFT to OMAR ZAMAN,21102.15,7337.71,156277.85
31 Dec 2024,31 Dec 2024,734933,INET Inter Bank Fund Transfer Charges,17323.71,13659.2,174407.33
07 Feb 2025,07 Feb 2025,555316,Raast IBFT to OMAR ZAMAN,13802.4,10327.39,65935.62
30 Nov 2024,30 Nov 2024,,Raast IBFT to OMAR ZAMAN,6155.32,21718.33,200057.62
05 Jan 2025,05 Jan 2025,,Raast IBFT to OMAR ZAMAN,17888.33,14689.74,51587.23
04 Feb 2025,04 Feb 2025,,INET Inter Bank Fund Transfer Charges,12105.92,898.15,257625.92
04 Jan 2025,04 Jan 2025,175890,Raast IBFT to IQRA PARVEEN,15918.62,12024.34,63679.76
12 Jan 2025,12 Jan 2025,603448,Mobile App MARYAM BEGUM,17982.64,566.95,341280.96
05 Feb 2025,05 Feb 2025,,Raast IBFT to IQRA PARVEEN,21667.46,19117.59,121237.97
13 Nov 2024,13 Nov 2024,,Raast IBFT to IQRA PARVEEN,21611.97,19482.95,290122.65
26 Nov 2024,26 Nov 2024,,Mobile App MARYAM BEGUM,8128.52,24178.07,481637.04
20 Jan 2025,20 Jan 2025,,Mobile App MARYAM BEGUM,17612.1,16947.77,92902.42
30 Nov 2024,30 Nov 2024,,INET Inter Bank Fund Transfer Charges,2511.44,3020.86,34467.02
15 Jan 2025,15 Jan 2025,,Mobile App MARYAM BEGUM,21176.92,3199.8,218389.18
04 Feb 2025,04 Feb 2025,592056,INET Inter Bank Fund Transfer Charges,17956.37,11126.51,232520.16
10 Jan 2025,10 Jan 2025,,Mobile App MARYAM BEGUM,11812.51,14450.89,138458.54
13 Jan 2025,13 Jan 2025,,Raast IBFT to OMAR ZAMAN,3998.07,21995.48,429947.56
07 Dec 2024,07 Dec 2024,,Raast IBFT to IQRA PARVEEN,13613.47,3425.93,201948.68
06 Dec 2024,06 Dec 2024,807518,Raast IBFT to IQRA PARVEEN,17232.21,15909.04,145094.71
21 Nov 2024,21 Nov 2024,136646,INET Inter Bank Fund Transfer Charges,17457.23,11971.39,326089.37
04 Dec 2024,04 Dec 2024,655269,INET Inter Bank Fund Transfer Charges,13553.51,23016.93,483884.77
17 Jan 2025,17 Jan 2025,,Mobile App MARYAM BEGUM,6858.06,21594.52,484487.56
19 Dec 2024,19 Dec 2024,011880,Raast IBFT to IQRA PARVEEN,10061.7,16861.41,491242.77
19 Nov 2024,19 Nov 2024,694079,Mobile App MARYAM BEGUM,24727.21,824.27,122200.53
09 Dec 2024,09 Dec 2024,600673,Raast IBFT to OMAR ZAMAN,13768.68,11806.15,85780.75
09 Nov 2024,09 Nov 2024,198908,Mobile App MARYAM BEGUM,3365.77,20625.31,294322.2
28 Dec 2024,28 Dec 2024,791614,Raast IBFT to IQRA PARVEEN,15314.18,20001.62,190124.47
09 Nov 2024,09 Nov 2024,299080,Raast IBFT to OMAR ZAMAN,7516.93,7941.19,110700.8
03 Feb 2025,03 Feb 2025,837578,INET Inter Bank Fund Transfer Charges,6379.21,4650.08,349808.24
06 Dec 2024,06 Dec 2024,,INET Inter Bank Fund Transfer Charges,6112.09,9083.11,366699.18
28 Jan 2025,28 Jan 2025,169429,INET Inter Bank Fund Transfer Charges,12623.69,2427.53,434903.36
29 Jan 2025,29 Jan 2025,212083,Mobile App MARYAM BEGUM,8732.64,12139.08,405996.69
21 Jan 2025,21 Jan 2025,,INET Inter Bank Fund Transfer Charges,19329.6,12341.18,312721.63
31 Jan 2025,31 Jan 2025,693720,Raast IBFT to IQRA PARVEEN,22310.32,18144.82,411568.6
02 Dec 2024,02 Dec 2024,662287,Raast IBFT to OMAR ZAMAN,17576.65,1057.13,444174.53
28 Nov 2024,28 Nov 2024,,INET Inter Bank Fund Transfer Charges,13062.03,23439.96,97299.88
02 Nov 2024,02 Nov 2024,919774,Raast IBFT to OMAR ZAMAN,19078.46,17394.42,318180.01
19 Nov 2024,19 Nov 2024,508356,INET Inter Bank Fund Transfer Charges,13845.04,22889.28,371157.35
06 Jan 2025,06 Jan 2025,,INET Inter Bank Fund Transfer Charges,8821.66,14142.54,161245.51
21 Jan 2025,21 Jan 2025,,Raast IBFT to IQRA PARVEEN,23510.07,6484.89,492606.18
12 Nov 2024,12 Nov 2024,,Raast IBFT to IQRA PARVEEN,2135.38,14257.92,275554.85
27 Nov 2024,27 Nov 2024,,Raast IBFT to IQRA PARVEEN,19014.1,13187.03,67615.16
06 Dec 2024,06 Dec 2024,,Raast IBFT to OMAR ZAMAN,14531.83,6951.41,216255.76
03 Jan 2025,03 Jan 2025,808787,Raast IBFT to OMAR ZAMAN,16466.91,48.19,243066.38
12 Jan 2025,12 Jan 2025,,Raast IBFT to OMAR ZAMAN,21561.77,23798.49,87518.1
14 Jan 2025,14 Jan 2025,298211,INET Inter Bank Fund Transfer Charges,13735.25,8993.3,157473.72
19 Nov 2024,19 Nov 2024,502770,Mobile App MARYAM BEGUM,5280.29,24119.99,146707.5
07 Jan 2025,07 Jan 2025,,Mobile App MARYAM BEGUM,21841.34,23752.1,464321.83
15 Nov 2024,15 Nov 2024,,Raast IBFT to OMAR ZAMAN,15091.58,17011.2,16304.26
07 Jan 2025,07 Jan 2025,,Raast IBFT to IQRA PARVEEN,6806.07,24272.99,426468.86
06 Feb 2025,06 Feb 2025,,Raast IBFT to IQRA PARVEEN,24437.79,12795.18,223317.3
21 Jan 2025,21 Jan 2025,,Mobile App MARYAM BEGUM,3811.74,16006.01,471308.09
13 Dec 2024,13 Dec 2024,004667,Mobile App MARYAM BEGUM,16817.82,241.87,299174.65
24 Jan 2025,24 Jan 2025,,Raast IBFT to OMAR ZAMAN,10637.48,21084.97,481193.63
29 Dec 2024,29 Dec 2024,447583,INET Inter Bank Fund Transfer Charges,3390.9,24828.51,374434.64
04 Dec 2024,04 Dec 2024,,Raast IBFT to IQRA PARVEEN,15604.43,20527.84,385066.5
09 Jan 2025,09 Jan 2025,393556,Raast IBFT to IQRA PARVEEN,11070.24,3554.15,11303.92
21 Jan 2025,21 Jan 2025,798971,Raast IBFT to IQRA PARVEEN,19891.22,20004.78,429358.23
17 Nov 2024,17 Nov 2024,,Mobile App MARYAM BEGUM,6063.26,17895.38,305714.71
25 Nov 2024,25 Nov 2024,,INET Inter Bank Fund Transfer Charges,9949.31,3496.91,130664.33
29 Jan 2025,29 Jan 2025,004436,Raast IBFT to OMAR ZAMAN,20492.36,13443.8,238247.71
10 Dec 2024,10 Dec 2024,097281,Mobile App MARYAM BEGUM,7924.73,19554.91,37482.98
07 Dec 2024,07 Dec 2024,129005,Mobile App MARYAM BEGUM,4433.33,22167.77,185260.95
08 Dec 2024,08 Dec 2024,,Raast IBFT to IQRA PARVEEN,22302.01,5978.81,336269.25
19 Dec 2024,19 Dec 2024,329790,INET Inter Bank Fund Transfer Charges,24169.55,8698.68,158051.74
08 Dec 2024,08 Dec 2024,,Raast IBFT to IQRA PARVEEN,6761.81,5404.14,407257.6
07 Dec 2024,07 Dec 2024,817394,INET Inter Bank Fund Transfer Charges,19020.16,18486.44,294648.42
29 Nov 2024,29 Nov 2024,,Raast IBFT to OMAR ZAMAN,13975.14,24821.83,182604.29
11 Nov 2024,11 Nov 2024,148079,Mobile App MARYAM BEGUM,1226.89,24289.78,384517.72
21 Dec 2024,21 Dec 2024,128399,Raast IBFT to OMAR ZAMAN,19318.73,7676.25,77014.22
04 Jan 2025,04 Jan 2025,365739,Raast IBFT to OMAR ZAMAN,2356.63,6308.41,429891.53
03 Jan 2025,03 Jan 2025,,INET Inter Bank Fund Transfer Charges,10169.54,9491.6,77205.79
31 Jan 2025,31 Jan 2025,578342,INET Inter Bank Fund Transfer Charges,12349.6,7506.36,333327.52
13 Dec 2024,13 Dec 2024,333484,Mobile App MARYAM BEGUM,4918.73,5206.06,318409.37
16 Nov 2024,16 Nov 2024,,Mobile App MARYAM BEGUM,13033.19,3464.06,405062.94
13 Dec 2024,13 Dec 2024,379740,INET Inter Bank Fund Transfer Charges,19323.14,19307.31,404212.57
02 Nov 2024,02 Nov 2024,,Mobile App MARYAM BEGUM,17219.98,10213.67,186506.37
23 Dec 2024,23 Dec 2024,333479,Mobile App MARYAM BEGUM,8790.51,520.74,447725.31
04 Nov 2024,04 Nov 2024,701782,INET Inter Bank Fund Transfer Charges,5159.4,2971.29,78399.56
05 Feb 2025,05 Feb 2025,,Raast IBFT to OMAR ZAMAN,23906.73,13000.44,312665.33
09 Feb 2025,09 Feb 2025,406046,Raast IBFT to OMAR ZAMAN,16325.2,10183.32,435625.98
18 Jan 2025,18 Jan 2025,519076,Raast IBFT to OMAR ZAMAN,18917.1,6915.75,26974.86
14 Dec 2024,14 Dec 2024,599949,Raast IBFT to IQRA PARVEEN,15517.0,23497.85,25336.53
22 Dec 2024,22 Dec 2024,827953,Raast IBFT to IQRA PARVEEN,8013.36,1876.81,368220.79
15 Dec 2024,15 Dec 2024,091459,INET Inter Bank Fund Transfer Charges,11803.17,19151.85,360687.34
24 Jan 2025,24 Jan 2025,,Mobile App MARYAM BEGUM,10982.63,20385.92,430851.05
20 Dec 2024,20 Dec 2024,,Mobile App MARYAM BEGUM,1351.89,16393.76,384072.63
30 Jan 2025,30 Jan 2025,914521,Raast IBFT to IQRA PARVEEN,1696.78,14602.78,409348.06
27 Jan 2025,27 Jan 2025,027310,INET Inter Bank Fund Transfer Charges,21508.08,17233.04,213799.22
01 Jan 2025,01 Jan 2025,611842,INET Inter Bank Fund Transfer Charges,7002.14,21739.54,387594.25
15 Dec 2024,15 Dec 2024,013462,Raast IBFT to OMAR ZAMAN,10444.92,20303.08,256158.02
04 Nov 2024,04 Nov 2024,169996,INET Inter Bank Fund Transfer Charges,9635.37,22860.41,275927.54
29 Nov 2024,29 Nov 2024,,Raast IBFT to IQRA PARVEEN,20072.12,1128.83,165687.05
22 Jan 2025,22 Jan 2025,,Mobile App MARYAM BEGUM,16701.65,16192.2,301715.23
01 Dec 2024,01 Dec 2024,,INET Inter Bank Fund Transfer Charges,7352.37,9504.27,63152.68
07 Jan 2025,07 Jan 2025,,Mobile App MARYAM BEGUM,19466.92,4003.22,140804.89
22 Dec 2024,22 Dec 2024,243747,Raast IBFT to OMAR ZAMAN,3302.62,15375.1,295121.73
09 Nov 2024,09 Nov 2024,,INET Inter Bank Fund Transfer Charges,22034.97,22557.06,166700.49
02 Nov 2024,02 Nov 2024,,Raast IBFT to IQRA PARVEEN,22021.85,21873.65,331660.42
01 Feb 2025,01 Feb 2025,,INET Inter Bank Fund Transfer Charges,16420.71,6422.11,172051.62
23 Dec 2024,23 Dec 2024,,Mobile App MARYAM BEGUM,19183.69,7548.58,156920.41
15 Nov 2024,15 Nov 2024,983687,INET Inter Bank Fund Transfer Charges,14754.04,2575.66,476296.88
08 Feb 2025,08 Feb 2025,,Raast IBFT to IQRA PARVEEN,11702.61,15667.8,339517.47
26 Nov 2024,26 Nov 2024,144485,INET Inter Bank Fund Transfer Charges,3563.06,7434.03,467897.12
19 Nov 2024,19 Nov 2024,,Raast IBFT to IQRA PARVEEN,10865.01,20905.87,214929.03
04 Nov 2024,04 Nov 2024,,Raast IBFT to OMAR ZAMAN,14808.3,11040.88,299357.62
13 Jan 2025,13 Jan 2025,,INET Inter Bank Fund Transfer Charges,23530.81,14493.14,242219.42
29 Jan 2025,29 Jan 2025,537493,INET Inter Bank Fund Transfer Charges,1804.19,18956.33,439984.81
05 Feb 2025,05 Feb 2025,,Mobile App MARYAM BEGUM,19512.34,5184.11,107406.12
06 Nov 2024,06 Nov 2024,,Raast IBFT to OMAR ZAMAN,20831.56,23348.05,132643.05
18 Jan 2025,18 Jan 2025,,Raast IBFT to IQRA PARVEEN,18660.83,22947.77,322692.5
17 Dec 2024,17 Dec 2024,,Raast IBFT to IQRA PARVEEN,15709.59,22980.12,295123.96
07 Jan 2025,07 Jan 2025,666745,INET Inter Bank Fund Transfer Charges,15952.9,21429.59,69980.27
29 Nov 2024,29 Nov 2024,169848,Raast IBFT to IQRA PARVEEN,16786.02,4281.77,94285.71
17 Dec 2024,17 Dec 2024,,Raast IBFT to OMAR ZAMAN,22257.63,15310.76,380134.4
21 Nov 2024,21 Nov 2024,,INET Inter Bank Fund Transfer Charges,21845.33,6157.61,176285.68
18 Jan 2025,18 Jan 2025,254505,INET Inter Bank Fund Transfer Charges,10271.71,21497.79,309104.31
20 Nov 2024,20 Nov 2024,499237,Raast IBFT to IQRA PARVEEN,5348.6,18656.69,464149.51
04 Jan 2025,04 Jan 2025,312759,Raast IBFT to IQRA PARVEEN,17285.82,2769.53,490306.52
04 Nov 2024,04 Nov 2024,,Mobile App MARYAM BEGUM,9691.54,3775.24,355055.67
22 Dec 2024,22 Dec 2024,,INET Inter Bank Fund Transfer Charges,22481.94,15500.67,359299.13
22 Dec 2024,22 Dec 2024,519986,Mobile App MARYAM BEGUM,8713.07,13787.02,479412.12
01 Dec 2024,01 Dec 2024,113770,INET Inter Bank Fund Transfer Charges,20125.41,3838.45,138600.92
14 Nov 2024,14 Nov 2024,,Raast IBFT to OMAR ZAMAN,2201.05,6348.76,413647.47
08 Feb 2025,08 Feb 2025,683360,Raast IBFT to OMAR ZAMAN,4225.4,6892.65,418165.52
01 Feb 2025,01 Feb 2025,,INET Inter Bank Fund Transfer Charges,7661.19,14806.56,131928.79
08 Dec 2024,08 Dec 2024,,Mobile App MARYAM BEGUM,2038.48,15433.44,170274.23
16 Jan 2025,16 Jan 2025,929308,Mobile App MARYAM BEGUM,3414.16,21181.51,32217.55
31 Jan 2025,31 Jan 2025,,Mobile App MARYAM BEGUM,14960.85,21009.04,417257.83
06 Nov 2024,06 Nov 2024,,Raast IBFT to OMAR ZAMAN,22465.05,5470.37,369970.86
28 Jan 2025,28 Jan 2025,057072,INET Inter Bank Fund Transfer Charges,24408.63,11413.23,137677.81
02 Feb 2025,02 Feb 2025,751808,INET Inter Bank Fund Transfer Charges,13360.35,622.32,59243.38
06 Jan 2025,06 Jan 2025,010706,INET Inter Bank Fund Transfer Charges,9005.3,1931.6,425401.74
17 Jan 2025,17 Jan 2025,,Mobile App MARYAM BEGUM,24089.57,24692.68,378599.77
30 Jan 2025,30 Jan 2025,,Mobile App MARYAM BEGUM,5268.28,1207.15,259287.75
07 Dec 2024,07 Dec 2024,449799,Raast IBFT to OMAR ZAMAN,16150.37,21062.6,118455.74
31 Jan 2025,31 Jan 2025,810946,Raast IBFT to IQRA PARVEEN,19600.54,1343.56,59144.27
06 Feb 2025,06 Feb 2025,612802,Mobile App MARYAM BEGUM,24472.19,23641.72,29391.56
24 Dec 2024,24 Dec 2024,305469,Raast IBFT to OMAR ZAMAN,24275.93,15519.65,445677.91
18 Jan 2025,18 Jan 2025,249900,Raast IBFT to IQRA PARVEEN,17697.36,11025.61,360018.93
22 Nov 2024,22 Nov 2024,521347,INET Inter Bank Fund Transfer Charges,3724.73,17407.38,101917.2
12 Dec 2024,12 Dec 2024,873439,INET Inter Bank Fund Transfer Charges,18439.08,15290.66,375496.3
15 Jan 2025,15 Jan 2025,,Raast IBFT to IQRA PARVEEN,3977.85,7897.04,363548.28
08 Feb 2025,08 Feb 2025,485436,Raast IBFT to IQRA PARVEEN,4090.98,19653.59,164717.64
11 Jan 2025,11 Jan 2025,467784,Mobile App MARYAM BEGUM,13095.6,21881.26,344591.39
23 Nov 2024,23 Nov 2024,358139,Mobile App MARYAM BEGUM,8098.06,22508.56,91524.05
02 Feb 2025,02 Feb 2025,601728,INET Inter Bank Fund Transfer Charges,1121.35,3679.47,93773.22
24 Nov 2024,24 Nov 2024,,Mobile App MARYAM BEGUM,20478.52,1711.69,280124.34
11 Nov 2024,11 Nov 2024,825448,Mobile App MARYAM BEGUM,8447.66,1352.26,226869.49
04 Feb 2025,04 Feb 2025,,INET Inter Bank Fund Transfer Charges,3086.15,20389.73,112819.83
26 Dec 2024,26 Dec 2024,452329,INET Inter Bank Fund Transfer Charges,15620.64,12158.54,134870.36
15 Nov 2024,15 Nov 2024,,Mobile App MARYAM BEGUM,14968.93,469.75,144492.21
31 Jan 2025,31 Jan 2025,934847,Raast IBFT to OMAR ZAMAN,15670.84,15500.24,400561.46
07 Dec 2024,07 Dec 2024,,Raast IBFT to IQRA PARVEEN,21097.62,8240.96,475422.55
09 Feb 2025,09 Feb 2025,010647,Raast IBFT to OMAR ZAMAN,5627.26,16943.72,336286.97
16 Dec 2024,16 Dec 2024,,Raast IBFT to OMAR ZAMAN,23808.22,10395.72,255369.78
25 Nov 2024,25 Nov 2024,,Mobile App MARYAM BEGUM,15482.13,6296.03,132558.23
09 Feb 2025,09 Feb 2025,,Raast IBFT to OMAR ZAMAN,9494.22,5547.91,458738.31
06 Jan 2025,06 Jan 2025,,INET Inter Bank Fund Transfer Charges,14186.53,1983.93,399694.05
21 Nov 2024,21 Nov 2024,893770,Mobile App MARYAM BEGUM,19489.23,24393.92,325026.68
31 Dec 2024,31 Dec 2024,,Mobile App MARYAM BEGUM,4784.66,11592.39,91510.06
12 Nov 2024,12 Nov 2024,,INET Inter Bank Fund Transfer Charges,11509.61,7776.05,404360.33
13 Jan 2025,13 Jan 2025,,Raast IBFT to OMAR ZAMAN,2075.29,22269.6,331918.58
01 Jan 2025,01 Jan 2025,364374,Raast IBFT to IQRA PARVEEN,17954.04,3439.72,432673.68
19 Jan 2025,19 Jan 2025,860252,Mobile App MARYAM BEGUM,16498.9,24856.71,381043.06
30 Jan 2025,30 Jan 2025,,Raast IBFT to OMAR ZAMAN,24916.97,4092.12,436753.2
10 Jan 2025,10 Jan 2025,869957,Raast IBFT to OMAR ZAMAN,7555.73,4965.93,374950.61
30 Jan 2025,30 Jan 2025,131936,Raast IBFT to OMAR ZAMAN,4159.13,23818.69,277047.32
20 Jan 2025,20 Jan 2025,,INET Inter Bank Fund Transfer Charges,7511.01,23211.26,275647.39
20 Jan 2025,20 Jan 2025,434136,INET Inter Bank Fund Transfer Charges,7618.89,9081.61,105930.81
09 Feb 2025,09 Feb 2025,970106,Raast IBFT to OMAR ZAMAN,9937.59,19085.95,322774.58
09 Feb 2025,09 Feb 2025,706995,Raast IBFT to OMAR ZAMAN,14210.51,19834.1,448235.39
13 Nov 2024,13 Nov 2024,752376,Raast IBFT to IQRA PARVEEN,14815.92,12692.2,316380.34
07 Jan 2025,07 Jan 2025,,INET Inter Bank Fund Transfer Charges,8727.61,10697.23,416212.31
29 Dec 2024,29 Dec 2024,018467,INET Inter Bank Fund Transfer Charges,16569.24,24965.99,251060.27
02 Feb 2025,02 Feb 2025,313944,Raast IBFT to IQRA PARVEEN,23297.37,4316.84,408010.8
23 Dec 2024,23 Dec 2024,731094,Raast IBFT to OMAR ZAMAN,6160.66,16740.94,136504.82
03 Dec 2024,03 Dec 2024,,Raast IBFT to OMAR ZAMAN,8731.01,9935.7,479324.38
06 Dec 2024,06 Dec 2024,,Mobile App MARYAM BEGUM,15203.88,3625.71,137803.27
28 Nov 2024,28 Nov 2024,,Raast IBFT to IQRA PARVEEN,22551.43,9006.8,250782.06
16 Jan 2025,16 Jan 2025,,Raast IBFT to OMAR ZAMAN,14971.43,19254.19,337456.81
22 Nov 2024,22 Nov 2024,990445,Raast IBFT to OMAR ZAMAN,1989.04,4338.84,215577.61
19 Dec 2024,19 Dec 2024,,Raast IBFT to OMAR ZAMAN,8223.92,10839.19,385315.53
20 Dec 2024,20 Dec 2024,166932,Raast IBFT to OMAR ZAMAN,7121.52,13551.86,76009.84
06 Jan 2025,06 Jan 2025,,Mobile App MARYAM BEGUM,16573.38,2616.14,484219.84
19 Jan 2025,19 Jan 2025,,Raast IBFT to IQRA PARVEEN,14064.94,16614.16,162883.81
29 Dec 2024,29 Dec 2024,917701,INET Inter Bank Fund Transfer Charges,20445.7,13348.93,41192.29
09 Nov 2024,09 Nov 2024,,Raast IBFT to OMAR ZAMAN,7759.62,23195.0,159886.84
15 Dec 2024,15 Dec 2024,346751,Raast IBFT to OMAR ZAMAN,21685.16,18895.08,489557.3
22 Dec 2024,22 Dec 2024,512532,Raast IBFT to OMAR ZAMAN,6702.94,1507.94,90968.26
31 Dec 2024,31 Dec 2024,992713,Raast IBFT to OMAR ZAMAN,13371.29,15181.32,355835.65
18 Dec 2024,18 Dec 2024,,Raast IBFT to OMAR ZAMAN,24860.38,12326.93,115827.56
17 Jan 2025,17 Jan 2025,328838,Mobile App MARYAM BEGUM,8247.08,19010.59,340464.72
08 Feb 2025,08 Feb 2025,,INET Inter Bank Fund Transfer Charges,9369.4,10146.76,54516.57
01 Nov 2024,01 Nov 2024,442096,Mobile App MARYAM BEGUM,12373.6,19919.69,330436.65
20 Dec 2024,20 Dec 2024,514300,Mobile App MARYAM BEGUM,21215.74,19399.86,103524.95
26 Nov 2024,26 Nov 2024,,Raast IBFT to OMAR ZAMAN,10460.1,14496.29,216004.18
29 Dec 2024,29 Dec 2024,005914,Mobile App MARYAM BEGUM,13614.62,19967.04,280530.24
11 Jan 2025,11 Jan 2025,,Mobile App MARYAM BEGUM,21978.92,3220.18,92147.45
08 Jan 2025,08 Jan 2025,707145,Raast IBFT to OMAR ZAMAN,14747.14,17152.6,387977.3
25 Nov 2024,25 Nov 2024,800454,Raast IBFT to OMAR ZAMAN,17159.4,19370.09,74550.24
10 Jan 2025,10 Jan 2025,166393,Mobile App MARYAM BEGUM,19533.32,23210.17,27270.73
12 Nov 2024,12 Nov 2024,485728,Raast IBFT to IQRA PARVEEN,18059.85,1547.98,176057.64
09 Feb 2025,09 Feb 2025,,INET Inter Bank Fund Transfer Charges,5991.32,17619.16,343469.14
19 Nov 2024,19 Nov 2024,,Raast IBFT to OMAR ZAMAN,23171.37,21344.35,281794.5
01 Dec 2024,01 Dec 2024,658624,Mobile App MARYAM BEGUM,5596.58,3723.21,318531.0
15 Dec 2024,15 Dec 2024,,Raast IBFT to IQRA PARVEEN,9329.53,18339.93,321539.97
01 Jan 2025,01 Jan 2025,030509,Mobile App MARYAM BEGUM,8063.04,9715.68,349743.44
23 Dec 2024,23 Dec 2024,636126,Raast IBFT to IQRA PARVEEN,11438.49,18323.06,303337.19
01 Nov 2024,01 Nov 2024,,Raast IBFT to OMAR ZAMAN,21047.49,8727.01,354116.48
02 Nov 2024,02 Nov 2024,310702,INET Inter Bank Fund Transfer Charges,4292.1,15991.52,428139.01
05 Jan 2025,05 Jan 2025,,Mobile App MARYAM BEGUM,23992.5,20200.33,81063.96
02 Jan 2025,02 Jan 2025,284717,Mobile App MARYAM BEGUM,4273.9,13211.46,69898.5
09 Nov 2024,09 Nov 2024,411060,Mobile App MARYAM BEGUM,20626.55,10459.17,339220.49
11 Nov 2024,11 Nov 2024,417400,Raast IBFT to IQRA PARVEEN,1736.94,8831.35,494213.54
17 Dec 2024,17 Dec 2024,,INET Inter Bank Fund Transfer Charges,16901.96,12369.04,291623.12
08 Nov 2024,08 Nov 2024,493255,Mobile App MARYAM BEGUM,11428.66,12328.53,218028.2
29 Dec 2024,29 Dec 2024,647921,Raast IBFT to IQRA PARVEEN,7598.25,7895.51,277758.66
03 Dec 2024,03 Dec 2024,225355,Mobile App MARYAM BEGUM,21715.21,14384.23,200272.77
05 Dec 2024,05 Dec 2024,488168,Raast IBFT to IQRA PARVEEN,4477.95,15443.84,17220.84
16 Nov 2024,16 Nov 2024,648974,Mobile App MARYAM BEGUM,9273.05,23220.75,81369.75
02 Jan 2025,02 Jan 2025,469313,Mobile App MARYAM BEGUM,4203.83,843.04,133680.57
12 Nov 2024,12 Nov 2024,,Raast IBFT to OMAR ZAMAN,3993.36,12457.5,212482.64
04 Nov 2024,04 Nov 2024,262186,Mobile App MARYAM BEGUM,16318.21,22077.53,144800.55
01 Jan 2025,01 Jan 2025,,Mobile App MARYAM BEGUM,16261.12,18910.6,18665.7
18 Jan 2025,18 Jan 2025,435560,Mobile App MARYAM BEGUM,2063.53,18205.54,162122.77
21 Jan 2025,21 Jan 2025,580010,Raast IBFT to OMAR ZAMAN,19261.29,15144.0,57746.25
30 Nov 2024,30 Nov 2024,980541,INET Inter Bank Fund Transfer Charges,19172.81,13449.45,158465.87
24 Nov 2024,24 Nov 2024,,Raast IBFT to IQRA PARVEEN,24640.8,16532.09,120819.12
30 Nov 2024,30 Nov 2024,249946,Raast IBFT to IQRA PARVEEN,24278.74,4991.27,235454.08
10 Jan 2025,10 Jan 2025,,INET Inter Bank Fund Transfer Charges,5728.83,9604.26,100701.01
24 Dec 2024,24 Dec 2024,,Raast IBFT to IQRA PARVEEN,14055.28,22806.32,140812.04
28 Dec 2024,28 Dec 2024,,Raast IBFT to OMAR ZAMAN,8681.27,12082.77,94498.79
03 Nov 2024,03 Nov 2024,243401,Mobile App MARYAM BEGUM,7540.26,3815.55,45113.94
03 Dec 2024,03 Dec 2024,,Mobile App MARYAM BEGUM,15317.73,16857.95,365683.68
22 Jan 2025,22 Jan 2025,,INET Inter Bank Fund Transfer Charges,16836.58,22403.78,22209.65
11 Nov 2024,11 Nov 2024,,Raast IBFT to IQRA PARVEEN,4720.03,11540.48,261720.23
08 Feb 2025,08 Feb 2025,242220,INET Inter Bank Fund Transfer Charges,24289.12,21374.33,17764.69
06 Jan 2025,06 Jan 2025,,Raast IBFT to IQRA PARVEEN,24943.98,423.9,187599.05
31 Jan 2025,31 Jan 2025,417628,Raast IBFT to IQRA PARVEEN,11981.33,7486.74,109415.64
19 Jan 2025,19 Jan 2025,867186,Raast IBFT to OMAR ZAMAN,13491.9,1074.55,364649.83
31 Jan 2025,31 Jan 2025,356867,Raast IBFT to IQRA PARVEEN,1546.43,10426.15,333646.38
04 Nov 2024,04 Nov 2024,,INET Inter Bank Fund Transfer Charges,19438.59,17864.69,30074.99
07 Nov 2024,07 Nov 2024,,Mobile App MARYAM BEGUM,4761.62,22084.73,252479.73
08 Feb 2025,08 Feb 2025,,Raast IBFT to OMAR ZAMAN,23071.5,19169.36,457294.09
20 Nov 2024,20 Nov 2024,461150,Raast IBFT to OMAR ZAMAN,19107.28,7688.64,197441.18
20 Nov 2024,20 Nov 2024,672457,Raast IBFT to IQRA PARVEEN,2561.81,6326.57,450371.74
05 Feb 2025,05 Feb 2025,,Raast IBFT to OMAR ZAMAN,15982.77,23839.44,57571.62
27 Dec 2024,27 Dec 2024,925151,INET Inter Bank Fund Transfer Charges,9736.87,11899.73,194886.81
15 Dec 2024,15 Dec 2024,234393,Mobile App MARYAM BEGUM,23995.73,21761.21,52823.85
23 Jan 2025,23 Jan 2025,,Raast IBFT to OMAR ZAMAN,7583.58,9934.2,497959.48
06 Feb 2025,06 Feb 2025,224996,Mobile App MARYAM BEGUM,8475.64,6700.54,211602.55
20 Nov 2024,20 Nov 2024,049425,INET Inter Bank Fund Transfer Charges,13834.62,5158.02,367066.89
13 Dec 2024,13 Dec 2024,,Raast IBFT to OMAR ZAMAN,12648.6,4787.13,352590.96
01 Feb 2025,01 Feb 2025,,Raast IBFT to IQRA PARVEEN,11345.35,19411.05,128013.27
07 Feb 2025,07 Feb 2025,,Raast IBFT to IQRA PARVEEN,14130.2,24754.29,136122.47
01 Jan 2025,01 Jan 2025,,INET Inter Bank Fund Transfer Charges,11230.32,13173.21,248458.7
16 Jan 2025,16 Jan 2025,445007,Raast IBFT to IQRA PARVEEN,10529.06,2870.46,413689.26
01 Jan 2025,01 Jan 2025,391739,Raast IBFT to IQRA PARVEEN,23410.28,5016.2,114636.84
14 Jan 2025,14 Jan 2025,,Raast IBFT to OMAR ZAMAN,22120.46,8168.93,261547.38
30 Jan 2025,30 Jan 2025,,Raast IBFT to IQRA PARVEEN,15999.83,1640.38,476529.09
10 Nov 2024,10 Nov 2024,,INET Inter Bank Fund Transfer Charges,14963.13,11550.37,110133.97
30 Dec 2024,30 Dec 2024,,Raast IBFT to OMAR ZAMAN,19652.51,317.85,429392.59
11 Dec 2024,11 Dec 2024,169516,Raast IBFT to IQRA PARVEEN,13465.26,5245.23,173310.08
28 Nov 2024,28 Nov 2024,,INET Inter Bank Fund Transfer Charges,15194.25,11790.07,259972.82
27 Dec 2024,27 Dec 2024,238052,Mobile App MARYAM BEGUM,14409.79,15250.97,334728.96
01 Nov 2024,01 Nov 2024,,Mobile App MARYAM BEGUM,14794.2,4379.26,292132.2
15 Dec 2024,15 Dec 2024,981471,Raast IBFT to OMAR ZAMAN,23609.27,12227.17,482765.21
24 Dec 2024,24 Dec 2024,,Raast IBFT to IQRA PARVEEN,5131.26,23504.77,386304.4
17 Dec 2024,17 Dec 2024,035486,Raast IBFT to IQRA PARVEEN,9971.29,6252.78,205448.41
09 Nov 2024,09 Nov 2024,807086,INET Inter Bank Fund Transfer Charges,16351.22,22013.07,465942.78
01 Dec 2024,01 Dec 2024,,INET Inter Bank Fund Transfer Charges,21886.46,15902.25,363830.7
24 Nov 2024,24 Nov 2024,215768,INET Inter Bank Fund Transfer Charges,10175.9,17387.77,120413.14
25 Jan 2025,25 Jan 2025,263964,Mobile App MARYAM BEGUM,5641.96,12385.05,88202.15
21 Jan 2025,21 Jan 2025,765830,INET Inter Bank Fund Transfer Charges,1897.75,10795.16,351440.37
01 Dec 2024,01 Dec 2024,054181,INET Inter Bank Fund Transfer Charges,18932.17,17374.25,20345.16
03 Feb 2025,03 Feb 2025,,Raast IBFT to OMAR ZAMAN,2996.06,6246.3,13982.81
10 Nov 2024,10 Nov 2024,155524,Mobile App MARYAM BEGUM,16631.96,2778.49,355616.7
21 Jan 2025,21 Jan 2025,,Mobile App MARYAM BEGUM,22423.96,21270.75,139272.05
13 Jan 2025,13 Jan 2025,,Raast IBFT to OMAR ZAMAN,16982.1,8096.62,324111.76
12 Jan 2025,12 Jan 2025,,INET Inter Bank Fund Transfer Charges,19169.75,13130.44,25082.9
12 Jan 2025,12 Jan 2025,072734,Raast IBFT to OMAR ZAMAN,14246.73,19914.72,317772.36
25 Dec 2024,25 Dec 2024,,Raast IBFT to OMAR ZAMAN,2745.34,21306.27,219272.27
19 Jan 2025,19 Jan 2025,,INET Inter Bank Fund Transfer Charges,14693.43,24628.68,146030.63
09 Jan 2025,09 Jan 2025,,INET Inter Bank Fund Transfer Charges,18346.46,16577.26,463906.08
03 Feb 2025,03 Feb 2025,,Mobile App MARYAM BEGUM,2143.62,8399.51,117482.03
27 Nov 2024,27 Nov 2024,,Raast IBFT to OMAR ZAMAN,21843.86,1131.06,272052.1
22 Nov 2024,22 Nov 2024,,INET Inter Bank Fund Transfer Charges,16930.12,7111.57,256344.71
26 Nov 2024,26 Nov 2024,114199,Mobile App MARYAM BEGUM,16548.81,7224.03,66286.15
05 Jan 2025,05 Jan 2025,351243,Raast IBFT to IQRA PARVEEN,9560.87,10833.72,135054.01
06 Jan 2025,06 Jan 2025,981134,Raast IBFT to OMAR ZAMAN,7841.77,24228.82,439458.91
04 Dec 2024,04 Dec 2024,398801,Mobile App MARYAM BEGUM,10210.98,20858.98,313303.11
05 Dec 2024,05 Dec 2024,856438,Mobile App MARYAM BEGUM,3670.44,16649.0,257984.03
18 Dec 2024,18 Dec 2024,338121,INET Inter Bank Fund Transfer Charges,8444.14,4210.21,487836.77
02 Dec 2024,02 Dec 2024,,Mobile App MARYAM BEGUM,18389.99,9203.51,318723.66
20 Dec 2024,20 Dec 2024,062784,INET Inter Bank Fund Transfer Charges,22106.71,18657.28,127168.08
19 Jan 2025,19 Jan 2025,754195,Raast IBFT to OMAR ZAMAN,23060.98,7426.79,129551.99
19 Dec 2024,19 Dec 2024,,Mobile App MARYAM BEGUM,2125.46,6630.03,441321.57
30 Jan 2025,30 Jan 2025,011001,Mobile App MARYAM BEGUM,7683.19,17769.52,245313.2
14 Jan 2025,14 Jan 2025,522336,INET Inter Bank Fund Transfer Charges,12623.57,6783.53,361061.62
05 Nov 2024,05 Nov 2024,,Raast IBFT to IQRA PARVEEN,8624.54,4031.47,330979.22
08 Nov 2024,08 Nov 2024,513726,Raast IBFT to OMAR ZAMAN,1285.37,3606.55,367132.94
30 Dec 2024,30 Dec 2024,,Raast IBFT to OMAR ZAMAN,4988.04,13193.83,186065.84
05 Jan 2025,05 Jan 2025,,Raast IBFT to OMAR ZAMAN,10519.82,2585.99,201646.58
18 Jan 2025,18 Jan 2025,784169,Raast IBFT to IQRA PARVEEN,23446.21,16690.68,58704.93
25 Jan 2025,25 Jan 2025,,Raast IBFT to OMAR ZAMAN,23263.83,12737.43,114681.59
08 Nov 2024,08 Nov 2024,,Raast IBFT to OMAR ZAMAN,14932.85,22576.97,414324.94
01 Jan 2025,01 Jan 2025,,Raast IBFT to IQRA PARVEEN,19714.76,10020.19,366838.7
25 Dec 2024,25 Dec 2024,,Raast IBFT to OMAR ZAMAN,4789.3,21235.71,105832.23
25 Dec 2024,25 Dec 2024,,Raast IBFT to IQRA PARVEEN,15299.74,6679.42,343484.18
01 Jan 2025,01 Jan 2025,118771,Mobile App MARYAM BEGUM,15589.97,21760.06,287508.19
08 Jan 2025,08 Jan 2025,111452,Raast IBFT to IQRA PARVEEN,3658.37,21484.23,41539.53
12 Jan 2025,12 Jan 2025,862330,Mobile App MARYAM BEGUM,20277.37,9160.64,495104.1
15 Nov 2024,15 Nov 2024,,Raast IBFT to OMAR ZAMAN,20866.8,16797.85,288941.64
07 Nov 2024,07 Nov 2024,259629,Raast IBFT to IQRA PARVEEN,16026.12,20938.89,472369.24
04 Dec 2024,04 Dec 2024,,Raast IBFT to OMAR ZAMAN,8206.91,13135.7,101995.63
04 Feb 2025,04 Feb 2025,207553,Raast IBFT to OMAR ZAMAN,4365.18,20006.15,70566.32
15 Dec 2024,15 Dec 2024,,Raast IBFT to IQRA PARVEEN,20346.91,1843.16,490145.28
30 Jan 2025,30 Jan 2025,599140,Raast IBFT to IQRA PARVEEN,15724.54,10445.39,140130.9
02 Feb 2025,02 Feb 2025,,INET Inter Bank Fund Transfer Charges,21828.11,16012.88,133327.03
21 Dec 2024,21 Dec 2024,,Raast IBFT to OMAR ZAMAN,6459.19,5911.3,133746.62
01 Jan 2025,01 Jan 2025,,Mobile App MARYAM BEGUM,3948.97,8576.94,74551.94
11 Dec 2024,11 Dec 2024,024893,Mobile App MARYAM BEGUM,10068.61,2137.48,223028.03
08 Jan 2025,08 Jan 2025,,Raast IBFT to IQRA PARVEEN,19083.41,13675.56,307754.26
05 Dec 2024,05 Dec 2024,702642,Mobile App MARYAM BEGUM,16003.61,2472.26,337203.95
18 Dec 2024,18 Dec 2024,,INET Inter Bank Fund Transfer Charges,11517.43,3949.0,123289.83
03 Dec 2024,03 Dec 2024,984347,Raast IBFT to OMAR ZAMAN,14494.09,20241.35,383569.09
18 Jan 2025,18 Jan 2025,,Raast IBFT to IQRA PARVEEN,15650.53,566.78,21048.99
18 Dec 2024,18 Dec 2024,,INET Inter Bank Fund Transfer Charges,16823.45,8338.5,173741.82
08 Nov 2024,08 Nov 2024,,INET Inter Bank Fund Transfer Charges,2179.17,18047.27,326802.66
05 Dec 2024,05 Dec 2024,,Mobile App MARYAM BEGUM,12125.24,15769.9,34887.84
13 Nov 2024,13 Nov 2024,117676,Raast IBFT to IQRA PARVEEN,3972.11,23285.62,105514.19
29 Nov 2024,29 Nov 2024,,Raast IBFT to IQRA PARVEEN,24410.41,5369.42,13558.75
05 Jan 2025,05 Jan 2025,738784,Raast IBFT to IQRA PARVEEN,6594.56,8612.54,454698.3
20 Jan 2025,20 Jan 2025,864638,Raast IBFT to IQRA PARVEEN,23056.19,12532.24,25693.95
16 Nov 2024,16 Nov 2024,825200,Raast IBFT to IQRA PARVEEN,12175.01,13240.26,235993.31
28 Jan 2025,28 Jan 2025,632763,Mobile App MARYAM BEGUM,11395.79,16878.77,276863.33
30 Nov 2024,30 Nov 2024,545463,Raast IBFT to IQRA PARVEEN,8567.5,20325.36,124988.81
01 Nov 2024,01 Nov 2024,208726,INET Inter Bank Fund Transfer Charges,23927.38,2597.25,298068.5
03 Nov 2024,03 Nov 2024,873860,Raast IBFT to OMAR ZAMAN,10272.62,22395.79,151346.77
02 Nov 2024,02 Nov 2024,753865,Raast IBFT to OMAR ZAMAN,10800.19,1982.59,447983.1
04 Dec 2024,04 Dec 2024,,Raast IBFT to IQRA PARVEEN,14364.7,750.96,430864.2
16 Jan 2025,16 Jan 2025,,Mobile App MARYAM BEGUM,2189.87,17493.11,211588.19
15 Nov 2024,15 Nov 2024,,Mobile App MARYAM BEGUM,6985.43,23257.19,444656.19
03 Feb 2025,03 Feb 2025,505090,Mobile App MARYAM BEGUM,12007.09,8875.34,411622.78
21 Jan 2025,21 Jan 2025,571467,Mobile App MARYAM BEGUM,3104.68,4229.9,380652.6
03 Feb 2025,03 Feb 2025,328362,INET Inter Bank Fund Transfer Charges,6791.78,1632.2,306404.88
11 Jan 2025,11 Jan 2025,,Raast IBFT to OMAR ZAMAN,18169.99,7782.89,310291.43
18 Dec 2024,18 Dec 2024,,Mobile App MARYAM BEGUM,4339.45,9678.91,480694.96
29 Dec 2024,29 Dec 2024,040886,Mobile App MARYAM BEGUM,17683.72,16942.39,90212.08
21 Nov 2024,21 Nov 2024,,Raast IBFT to IQRA PARVEEN,16801.75,17743.86,451657.04
08 Jan 2025,08 Jan 2025,819784,INET Inter Bank Fund Transfer Charges,13510.88,17286.18,65820.59
27 Jan 2025,27 Jan 2025,,Raast IBFT to IQRA PARVEEN,6508.3,6805.42,254481.66
06 Jan 2025,06 Jan 2025,377861,Mobile App MARYAM BEGUM,11736.11,24274.96,196533.42
13 Dec 2024,13 Dec 2024,,INET Inter Bank Fund Transfer Charges,12468.96,22111.66,467521.24
12 Jan 2025,12 Jan 2025,,INET Inter Bank Fund Transfer Charges,13360.34,14632.91,327594.49
28 Nov 2024,28 Nov 2024,,Mobile App MARYAM BEGUM,14492.77,1227.87,236107.05
17 Jan 2025,17 Jan 2025,941133,Raast IBFT to OMAR ZAMAN,1499.27,8801.65,120094.76
29 Dec 2024,29 Dec 2024,137221,Mobile App MARYAM BEGUM,6085.23,2612.39,469465.79
24 Jan 2025,24 Jan 2025,,INET Inter Bank Fund Transfer Charges,13123.82,11496.83,33540.02
17 Nov 2024,17 Nov 2024,819000,INET Inter Bank Fund Transfer Charges,19104.51,17775.17,323030.63
19 Dec 2024,19 Dec 2024,456428,INET Inter Bank Fund Transfer Charges,1990.34,21337.23,321242.82
20 Jan 2025,20 Jan 2025,658928,INET Inter Bank Fund Transfer Charges,12328.39,4954.83,272063.35
19 Nov 2024,19 Nov 2024,,Mobile App MARYAM BEGUM,18125.3,22206.29,196491.4
12 Jan 2025,12 Jan 2025,,Raast IBFT to OMAR ZAMAN,6530.9,21541.04,266418.26
10 Nov 2024,10 Nov 2024,039190,INET Inter Bank Fund Transfer Charges,21283.34,7471.14,128887.82
01 Dec 2024,01 Dec 2024,430055,Mobile App MARYAM BEGUM,21981.17,22696.0,45997.67
31 Dec 2024,31 Dec 2024,871374,INET Inter Bank Fund Transfer Charges,6272.77,21340.94,401534.84
08 Feb 2025,08 Feb 2025,,Raast IBFT to IQRA PARVEEN,8561.67,16459.64,363353.49
04 Feb 2025,04 Feb 2025,465815,INET Inter Bank Fund Transfer Charges,14676.13,3134.87,496909.94
23 Jan 2025,23 Jan 2025,,Raast IBFT to IQRA PARVEEN,24933.51,20693.16,235223.62
24 Dec 2024,24 Dec 2024,900285,Raast IBFT to IQRA PARVEEN,13698.3,15665.93,182110.92
14 Nov 2024,14 Nov 2024,,INET Inter Bank Fund Transfer Charges,24501.28,6440.63,209809.59
08 Nov 2024,08 Nov 2024,,Raast IBFT to OMAR ZAMAN,15191.25,3823.35,395044.86
22 Dec 2024,22 Dec 2024,482660,Raast IBFT to OMAR ZAMAN,15910.01,20260.46,298382.53
20 Dec 2024,20 Dec 2024,,Mobile App MARYAM BEGUM,10387.63,15777.47,341549.78
04 Feb 2025,04 Feb 2025,067852,Mobile App MARYAM BEGUM,3253.51,1263.06,463601.24
12 Dec 2024,12 Dec 2024,,Raast IBFT to OMAR ZAMAN,13629.56,13557.36,458010.17
25 Dec 2024,25 Dec 2024,,Raast IBFT to IQRA PARVEEN,12916.11,6102.52,48874.72
31 Dec 2024,31 Dec 2024,955716,Mobile App MARYAM BEGUM,6463.78,18634.02,289575.3
25 Jan 2025,25 Jan 2025,081107,Mobile App MARYAM BEGUM,5067.83,16116.15,386151.07
28 Dec 2024,28 Dec 2024,001220,Mobile App MARYAM BEGUM,19764.06,21899.76,30892.25
26 Dec 2024,26 Dec 2024,413965,Raast IBFT to IQRA PARVEEN,12081.17,10714.55,186217.7
29 Dec 2024,29 Dec 2024,,Raast IBFT to IQRA PARVEEN,1040.29,3828.92,435885.61
14 Nov 2024,14 Nov 2024,081734,Mobile App MARYAM BEGUM,5159.42,18300.9,57729.84
21 Nov 2024,21 Nov 2024,,Mobile App MARYAM BEGUM,1909.08,14203.14,204789.0
13 Jan 2025,13 Jan 2025,,Raast IBFT to OMAR ZAMAN,5561.96,17264.47,229176.53
29 Nov 2024,29 Nov 2024,868933,Mobile App MARYAM BEGUM,6803.48,24093.79,405903.59
06 Dec 2024,06 Dec 2024,271640,Raast IBFT to IQRA PARVEEN,13826.04,6554.42,217942.72
14 Nov 2024,14 Nov 2024,785071,INET Inter Bank Fund Transfer Charges,1607.28,16513.63,342952.75
29 Nov 2024,29 Nov 2024,293956,Mobile App MARYAM BEGUM,5709.39,3618.5,499723.12
14 Jan 2025,14 Jan 2025,980865,Raast IBFT to OMAR ZAMAN,5628.3,12222.4,254380.02
29 Jan 2025,29 Jan 2025,465103,INET Inter Bank Fund Transfer Charges,24199.98,22192.78,335591.16
10 Jan 2025,10 Jan 2025,608978,Raast IBFT to OMAR ZAMAN,11383.27,17698.19,279453.46
09 Nov 2024,09 Nov 2024,370846,Mobile App MARYAM BEGUM,15465.78,9614.66,285143.41
05 Feb 2025,05 Feb 2025,402612,Raast IBFT to IQRA PARVEEN,23698.24,5852.82,356512.75
15 Nov 2024,15 Nov 2024,,INET Inter Bank Fund Transfer Charges,12656.37,16016.52,344843.93
01 Jan 2025,01 Jan 2025,590864,Raast IBFT to IQRA PARVEEN,21980.18,13508.44,167148.32
11 Nov 2024,11 Nov 2024,,Raast IBFT to IQRA PARVEEN,21339.91,18243.34,431619.49
02 Feb 2025,02 Feb 2025,060163,Raast IBFT to IQRA PARVEEN,22452.37,23667.88,487796.21
08 Feb 2025,08 Feb 2025,858885,Raast IBFT to IQRA PARVEEN,3312.44,12214.19,413146.01
16 Jan 2025,16 Jan 2025,,Raast IBFT to IQRA PARVEEN,14234.12,10889.13,335510.19
11 Jan 2025,11 Jan 2025,,Raast IBFT to IQRA PARVEEN,24268.15,4190.25,283269.33
09 Nov 2024,09 Nov 2024,,Mobile App MARYAM BEGUM,21427.15,6048.67,465423.3
26 Nov 2024,26 Nov 2024,,Raast IBFT to IQRA PARVEEN,9187.06,1883.71,45414.31
05 Dec 2024,05 Dec 2024,395010,Raast IBFT to OMAR ZAMAN,17152.85,7748.67,401144.82
06 Dec 2024,06 Dec 2024,284416,Mobile App MARYAM BEGUM,11320.46,18442.68,122971.01
20 Dec 2024,20 Dec 2024,908190,Raast IBFT to OMAR ZAMAN,22788.68,22865.53,360072.64
09 Nov 2024,09 Nov 2024,,INET Inter Bank Fund Transfer Charges,13962.91,2589.24,134484.8
09 Dec 2024,09 Dec 2024,148209,INET Inter Bank Fund Transfer Charges,3589.18,2643.44,293981.88
19 Jan 2025,19 Jan 2025,432445,INET Inter Bank Fund Transfer Charges,21814.18,4156.7,479647.16
25 Nov 2024,25 Nov 2024,148665,Raast IBFT to OMAR ZAMAN,3275.33,22482.96,295482.7
06 Dec 2024,06 Dec 2024,,Mobile App MARYAM BEGUM,8995.65,23195.81,436949.08
01 Jan 2025,01 Jan 2025,769361,Mobile App MARYAM BEGUM,9067.65,19008.66,292301.37
02 Jan 2025,02 Jan 2025,799604,Mobile App MARYAM BEGUM,3938.4,19975.9,11637.54
04 Jan 2025,04 Jan 2025,,Raast IBFT to IQRA PARVEEN,15736.43,17279.58,471047.28
06 Nov 2024,06 Nov 2024,,INET Inter Bank Fund Transfer Charges,23382.84,12587.79,341425.23
24 Nov 2024,24 Nov 2024,863004,Mobile App MARYAM BEGUM,17539.22,14700.55,42971.34
14 Jan 2025,14 Jan 2025,108001,Raast IBFT to IQRA PARVEEN,9407.56,19278.2,401825.91
20 Dec 2024,20 Dec 2024,,Raast IBFT to IQRA PARVEEN,24610.85,9526.06,480848.58
02 Feb 2025,02 Feb 2025,,Mobile App MARYAM BEGUM,19018.44,17927.43,123809.67
09 Jan 2025,09 Jan 2025,931230,Raast IBFT to OMAR ZAMAN,18875.76,18622.58,417503.7
23 Jan 2025,23 Jan 2025,,Raast IBFT to IQRA PARVEEN,7362.3,13329.93,395161.38
18 Nov 2024,18 Nov 2024,098615,INET Inter Bank Fund Transfer Charges,22805.28,21484.76,391062.03
04 Feb 2025,04 Feb 2025,,Raast IBFT to OMAR ZAMAN,2775.17,19586.19,185553.33
29 Dec 2024,29 Dec 2024,,INET Inter Bank Fund Transfer Charges,11870.67,15383.28,51930.65
22 Jan 2025,22 Jan 2025,885299,INET Inter Bank Fund Transfer Charges,1823.56,22156.26,374498.79
19 Jan 2025,19 Jan 2025,,Raast IBFT to IQRA PARVEEN,8850.4,21488.52,476727.0
26 Dec 2024,26 Dec 2024,667635,Raast IBFT to IQRA PARVEEN,14913.79,3918.6,329667.1
31 Dec 2024,31 Dec 2024,739177,INET Inter Bank Fund Transfer Charges,22522.01,11735.72,127811.73
02 Nov 2024,02 Nov 2024,,Mobile App MARYAM BEGUM,5878.53,12024.71,58829.79
10 Nov 2024,10 Nov 2024,550719,INET Inter Bank Fund Transfer Charges,15560.14,8868.17,409976.33
20 Dec 2024,20 Dec 2024,,Mobile App MARYAM BEGUM,15437.53,8056.36,374996.57
19 Dec 2024,19 Dec 2024,656675,Raast IBFT to OMAR ZAMAN,17108.76,13339.31,71514.01
03 Jan 2025,03 Jan 2025,467872,Raast IBFT to IQRA PARVEEN,10526.64,15893.75,144532.25
06 Jan 2025,06 Jan 2025,464943,Raast IBFT to IQRA PARVEEN,15789.14,13575.47,94832.88
05 Dec 2024,05 Dec 2024,610075,Raast IBFT to OMAR ZAMAN,14710.77,15803.61,491279.18
10 Nov 2024,10 Nov 2024,,Mobile App MARYAM BEGUM,12734.94,1187.07,319686.61
24 Dec 2024,24 Dec 2024,416601,Mobile App MARYAM BEGUM,13148.67,12710.45,457312.88
17 Nov 2024,17 Nov 2024,680730,Raast IBFT to OMAR ZAMAN,23850.68,20109.22,211591.95
03 Dec 2024,03 Dec 2024,,Mobile App MARYAM BEGUM,4268.73,20396.85,143902.12
29 Dec 2024,29 Dec 2024,890192,Mobile App MARYAM BEGUM,24681.31,15192.43,161665.38
09 Jan 2025,09 Jan 2025,,Raast IBFT to IQRA PARVEEN,3610.32,23749.41,419671.67
06 Dec 2024,06 Dec 2024,,INET Inter Bank Fund Transfer Charges,22289.84,12680.36,45096.73
11 Dec 2024,11 Dec 2024,,Raast IBFT to OMAR ZAMAN,4382.75,13490.93,484459.64
02 Jan 2025,02 Jan 2025,178498,Raast IBFT to OMAR ZAMAN,14487.12,7203.83,339729.87
12 Dec 2024,12 Dec 2024,,Mobile App MARYAM BEGUM,17501.51,701.57,413454.66
22 Jan 2025,22 Jan 2025,040175,Raast IBFT to IQRA PARVEEN,24443.28,22974.13,196196.32
25 Jan 2025,25 Jan 2025,270125,Raast IBFT to IQRA PARVEEN,17528.52,22561.65,14271.87
01 Jan 2025,01 Jan 2025,572932,Raast IBFT to OMAR ZAMAN,7377.0,16378.32,402604.7
14 Dec 2024,14 Dec 2024,074765,INET Inter Bank Fund Transfer Charges,4836.52,20118.27,284682.5
31 Dec 2024,31 Dec 2024,936892,Raast IBFT to IQRA PARVEEN,18067.06,24063.65,39653.22
19 Nov 2024,19 Nov 2024,652914,Raast IBFT to OMAR ZAMAN,2617.62,4814.41,47261.2
26 Nov 2024,26 Nov 2024,956247,Mobile App MARYAM BEGUM,23794.36,3738.09,184437.09
15 Dec 2024,15 Dec 2024,309327,Raast IBFT to IQRA PARVEEN,15872.03,4461.7,479926.35
04 Feb 2025,04 Feb 2025,,Raast IBFT to IQRA PARVEEN,20419.7,24509.7,418310.09
08 Dec 2024,08 Dec 2024,239574,Raast IBFT to IQRA PARVEEN,13520.52,10076.56,89527.41
23 Dec 2024,23 Dec 2024,394735,Mobile App MARYAM BEGUM,22491.33,6485.92,328808.0
02 Jan 2025,02 Jan 2025,,Mobile App MARYAM BEGUM,22560.59,22314.89,381933.35
06 Dec 2024,06 Dec 2024,492919,INET Inter Bank Fund Transfer Charges,11027.88,17795.01,90366.63
20 Nov 2024,20 Nov 2024,623944,INET Inter Bank Fund Transfer Charges,1614.13,1116.03,52612.74
04 Dec 2024,04 Dec 2024,,Mobile App MARYAM BEGUM,23173.9,19763.46,403286.27
20 Dec 2024,20 Dec 2024,,Raast IBFT to IQRA PARVEEN,22437.26,15907.5,28515.42
07 Dec 2024,07 Dec 2024,441675,Raast IBFT to OMAR ZAMAN,17571.09,14261.23,243571.27
20 Jan 2025,20 Jan 2025,,INET Inter Bank Fund Transfer Charges,7993.34,12431.31,278709.24
24 Jan 2025,24 Jan 2025,633136,Raast IBFT to IQRA PARVEEN,8051.37,43.5,185282.43
22 Nov 2024,22 Nov 2024,221551,Mobile App MARYAM BEGUM,7985.86,11994.63,127107.89
30 Dec 2024,30 Dec 2024,,Mobile App MARYAM BEGUM,4322.28,22074.14,234223.95
28 Jan 2025,28 Jan 2025,,INET Inter Bank Fund Transfer Charges,10590.22,12306.32,214775.31
09 Jan 2025,09 Jan 2025,386817,Mobile App MARYAM BEGUM,7984.35,5202.38,214643.46
15 Jan 2025,15 Jan 2025,864639,INET Inter Bank Fund Transfer Charges,1164.87,922.44,414492.09
23 Jan 2025,23 Jan 2025,,INET Inter Bank Fund Transfer Charges,5704.01,9333.58,246179.33
30 Dec 2024,30 Dec 2024,351224,Raast IBFT to OMAR ZAMAN,24269.85,9153.84,72110.82
21 Nov 2024,21 Nov 2024,,Mobile App MARYAM BEGUM,22963.06,1717.0,21840.01
23 Jan 2025,23 Jan 2025,606478,INET Inter Bank Fund Transfer Charges,9416.65,19547.39,444454.33
27 Jan 2025,27 Jan 2025,,Raast IBFT to OMAR ZAMAN,4426.12,17996.51,130183.89
03 Nov 2024,03 Nov 2024,,INET Inter Bank Fund Transfer Charges,23600.31,17737.93,30077.64
16 Nov 2024,16 Nov 2024,786935,Mobile App MARYAM BEGUM,15337.6,8754.52,201452.95
05 Nov 2024,05 Nov 2024,,Mobile App MARYAM BEGUM,22513.42,376.33,193964.42
07 Feb 2025,07 Feb 2025,,Raast IBFT to IQRA PARVEEN,24200.61,10873.77,23535.4
04 Jan 2025,04 Jan 2025,,INET Inter Bank Fund Transfer Charges,2773.65,23198.61,34558.48
28 Nov 2024,28 Nov 2024,,Mobile App MARYAM BEGUM,1274.58,3523.98,265009.98
03 Jan 2025,03 Jan 2025,212488,Mobile App MARYAM BEGUM,21805.03,8124.13,327184.27
21 Dec 2024,21 Dec 2024,034300,INET Inter Bank Fund Transfer Charges,5613.35,4006.82,98994.65
16 Dec 2024,16 Dec 2024,,INET Inter Bank Fund Transfer Charges,16809.78,16745.55,96073.72
02 Nov 2024,02 Nov 2024,525602,Raast IBFT to OMAR ZAMAN,13849.36,20789.12,126857.35
01 Nov 2024,01 Nov 2024,154110,Raast IBFT to OMAR ZAMAN,21270.15,1139.48,112278.69
20 Jan 2025,20 Jan 2025,,Raast IBFT to IQRA PARVEEN,23367.36,22640.63,184728.27
05 Dec 2024,05 Dec 2024,,INET Inter Bank Fund Transfer Charges,15703.94,11985.8,309243.0
13 Jan 2025,13 Jan 2025,,Mobile App MARYAM BEGUM,7960.68,13341.98,313659.74
29 Dec 2024,29 Dec 2024,509962,Raast IBFT to IQRA PARVEEN,12169.36,16108.18,61234.09
13 Jan 2025,13 Jan 2025,846648,INET Inter Bank Fund Transfer Charges,22479.71,22093.76,282036.71
27 Jan 2025,27 Jan 2025,,Raast IBFT to OMAR ZAMAN,19626.88,4383.68,30428.84
05 Jan 2025,05 Jan 2025,147097,INET Inter Bank Fund Transfer Charges,12207.67,12048.79,69492.46
07 Dec 2024,07 Dec 2024,454860,Raast IBFT to OMAR ZAMAN,11601.54,6783.16,340891.71
10 Jan 2025,10 Jan 2025,,INET Inter Bank Fund Transfer Charges,5081.39,8363.59,71260.72
12 Nov 2024,12 Nov 2024,067521,Mobile App MARYAM BEGUM,24881.73,7535.46,253047.9
29 Nov 2024,29 Nov 2024,998431,Raast IBFT to OMAR ZAMAN,24837.35,18819.03,478706.14
06 Feb 2025,06 Feb 2025,,INET Inter Bank Fund Transfer Charges,2627.14,13070.85,367854.53
09 Feb 2025,09 Feb 2025,927522,Raast IBFT to IQRA PARVEEN,14004.02,12641.26,302494.04
14 Jan 2025,14 Jan 2025,133488,Raast IBFT to OMAR ZAMAN,19991.58,13867.02,49412.5
12 Nov 2024,12 Nov 2024,,INET Inter Bank Fund Transfer Charges,12003.55,828.29,473417.25
14 Dec 2024,14 Dec 2024,,INET Inter Bank Fund Transfer Charges,12701.06,2474.37,164440.86
21 Nov 2024,21 Nov 2024,,Raast IBFT to IQRA PARVEEN,2455.71,3638.95,407194.64
06 Jan 2025,06 Jan 2025,,Raast IBFT to IQRA PARVEEN,19963.67,6559.91,258085.16
13 Jan 2025,13 Jan 2025,495547,INET Inter Bank Fund Transfer Charges,7222.5,20754.82,342355.93
27 Dec 2024,27 Dec 2024,,Raast IBFT to OMAR ZAMAN,21428.65,7535.75,30306.3
20 Jan 2025,20 Jan 2025,,Raast IBFT to OMAR ZAMAN,17304.33,19196.77,499039.13
24 Jan 2025,24 Jan 2025,,Mobile App MARYAM BEGUM,17378.41,16882.95,56500.69
31 Jan 2025,31 Jan 2025,580849,Mobile App MARYAM BEGUM,15600.09,1690.92,483996.64
07 Feb 2025,07 Feb 2025,383825,INET Inter Bank Fund Transfer Charges,8807.33,14336.21,127146.69
11 Dec 2024,11 Dec 2024,,Raast IBFT to IQRA PARVEEN,18720.41,1621.85,219291.45
13 Nov 2024,13 Nov 2024,,Mobile App MARYAM BEGUM,11338.47,5830.87,247180.67
23 Jan 2025,23 Jan 2025,,Mobile App MARYAM BEGUM,13772.0,13113.15,446410.11
02 Dec 2024,02 Dec 2024,,INET Inter Bank Fund Transfer Charges,17083.84,525.31,367461.07
30 Jan 2025,30 Jan 2025,004564,Raast IBFT to OMAR ZAMAN,20219.64,16573.89,50659.2
27 Jan 2025,27 Jan 2025,048918,Raast IBFT to IQRA PARVEEN,18844.12,5505.79,145438.25
13 Nov 2024,13 Nov 2024,232334,INET Inter Bank Fund Transfer Charges,22559.57,24890.98,400471.83
05 Jan 2025,05 Jan 2025,532025,Raast IBFT to OMAR ZAMAN,8835.91,577.76,325413.65
02 Feb 2025,02 Feb 2025,593727,INET Inter Bank Fund Transfer Charges,14708.84,12912.29,143786.21
17 Dec 2024,17 Dec 2024,,Raast IBFT to OMAR ZAMAN,5370.54,8126.58,323237.85
12 Nov 2024,12 Nov 2024,,Mobile App MARYAM BEGUM,21176.35,19127.88,10471.37
04 Nov 2024,04 Nov 2024,152058,INET Inter Bank Fund Transfer Charges,12520.39,1249.53,143909.11
22 Nov 2024,22 Nov 2024,683101,Raast IBFT to OMAR ZAMAN,10752.28,15229.89,287439.37
15 Nov 2024,15 Nov 2024,,Raast IBFT to IQRA PARVEEN,22605.89,12158.7,353876.25
18 Dec 2024,18 Dec 2024,,Raast IBFT to IQRA PARVEEN,18841.59,18625.42,186925.41
29 Jan 2025,29 Jan 2025,,Raast IBFT to OMAR ZAMAN,19960.36,11333.95,313923.22
04 Jan 2025,04 Jan 2025,,Mobile App MARYAM BEGUM,17868.76,6847.95,113558.42
22 Dec 2024,22 Dec 2024,,INET Inter Bank Fund Transfer Charges,18878.39,11165.3,370491.55
01 Nov 2024,01 Nov 2024,,Raast IBFT to OMAR ZAMAN,22759.47,9232.84,432576.96
06 Nov 2024,06 Nov 2024,,INET Inter Bank Fund Transfer Charges,10003.82,22995.49,148137.76
24 Nov 2024,24 Nov 2024,463606,Raast IBFT to IQRA PARVEEN,2735.04,14624.72,77199.9
27 Nov 2024,27 Nov 2024,113048,Raast IBFT to OMAR ZAMAN,21792.17,4729.41,454964.57
07 Jan 2025,07 Jan 2025,,Mobile App MARYAM BEGUM,6413.94,5343.31,263375.97
06 Dec 2024,06 Dec 2024,081992,INET Inter Bank Fund Transfer Charges,20715.42,1223.35,173687.16
26 Jan 2025,26 Jan 2025,026225,INET Inter Bank Fund Transfer Charges,1383.05,8285.24,318630.28
20 Dec 2024,20 Dec 2024,,Raast IBFT to OMAR ZAMAN,14019.57,9541.71,460647.47
24 Nov 2024,24 Nov 2024,,INET Inter Bank Fund Transfer Charges,22316.49,10006.15,173328.87
06 Feb 2025,06 Feb 2025,,INET Inter Bank Fund Transfer Charges,17378.48,3399.74,281963.29
10 Dec 2024,10 Dec 2024,,Raast IBFT to OMAR ZAMAN,17522.84,22331.18,376899.08
28 Jan 2025,28 Jan 2025,,INET Inter Bank Fund Transfer Charges,15555.32,21903.63,168091.46
28 Nov 2024,28 Nov 2024,356062,Mobile App MARYAM BEGUM,23123.1,5734.44,266459.53
07 Jan 2025,07 Jan 2025,,Mobile App MARYAM BEGUM,15156.26,20377.71,268541.83
04 Dec 2024,04 Dec 2024,,Raast IBFT to IQRA PARVEEN,24619.11,17779.4,313079.1
08 Jan 2025,08 Jan 2025,,Mobile App MARYAM BEGUM,16515.84,1916.26,315399.57
17 Dec 2024,17 Dec 2024,,Raast IBFT to OMAR ZAMAN,6102.47,9915.27,227866.43
30 Nov 2024,30 Nov 2024,,Raast IBFT to IQRA PARVEEN,10532.34,22891.66,150813.82
03 Feb 2025,03 Feb 2025,411644,Raast IBFT to OMAR ZAMAN,6657.8,22750.17,22838.2
13 Jan 2025,13 Jan 2025,784496,Raast IBFT to IQRA PARVEEN,1919.92,17271.06,333934.7
19 Nov 2024,19 Nov 2024,689602,INET Inter Bank Fund Transfer Charges,8471.74,21712.02,210596.71
17 Dec 2024,17 Dec 2024,006104,Raast IBFT to OMAR ZAMAN,7393.15,8320.36,33984.22
21 Nov 2024,21 Nov 2024,,INET Inter Bank Fund Transfer Charges,15490.37,18454.66,272693.84
12 Dec 2024,12 Dec 2024,,INET Inter Bank Fund Transfer Charges,23434.91,1938.18,167115.23
03 Nov 2024,03 Nov 2024,,Raast IBFT to IQRA PARVEEN,24826.18,9811.72,187283.11
13 Dec 2024,13 Dec 2024,775451,Raast IBFT to OMAR ZAMAN,1571.33,19551.13,64769.71
14 Jan 2025,14 Jan 2025,,Raast IBFT to IQRA PARVEEN,2992.63,2965.07,281132.2
28 Dec 2024,28 Dec 2024,254923,Raast IBFT to IQRA PARVEEN,4471.32,20289.53,258810.5
13 Nov 2024,13 Nov 2024,,Raast IBFT to OMAR ZAMAN,10836.52,20449.72,129919.88
03 Dec 2024,03 Dec 2024,,INET Inter Bank Fund Transfer Charges,21966.84,15531.27,42562.04
06 Dec 2024,06 Dec 2024,818958,Raast IBFT to OMAR ZAMAN,6196.37,12103.91,130771.27
09 Jan 2025,09 Jan 2025,966458,Mobile App MARYAM BEGUM,8682.44,18075.72,339879.79
07 Jan 2025,07 Jan 2025,,Raast IBFT to OMAR ZAMAN,15058.37,13356.47,335130.36
18 Dec 2024,18 Dec 2024,,INET Inter Bank Fund Transfer Charges,7181.1,24653.27,212060.44
25 Nov 2024,25 Nov 2024,137960,Raast IBFT to IQRA PARVEEN,22604.2,23875.97,499628.69
14 Nov 2024,14 Nov 2024,,INET Inter Bank Fund Transfer Charges,7651.63,1003.09,250888.0
10 Jan 2025,10 Jan 2025,,INET Inter Bank Fund Transfer Charges,8815.44,13530.76,407729.52
07 Dec 2024,07 Dec 2024,,Raast IBFT to OMAR ZAMAN,20890.6,24833.82,130366.58
13 Jan 2025,13 Jan 2025,,INET Inter Bank Fund Transfer Charges,15120.18,18228.73,464400.28
09 Feb 2025,09 Feb 2025,895447,INET Inter Bank Fund Transfer Charges,16219.47,2837.14,262785.58
03 Dec 2024,03 Dec 2024,058261,INET Inter Bank Fund Transfer Charges,9224.96,16026.96,204386.11
02 Dec 2024,02 Dec 2024,478260,Mobile App MARYAM BEGUM,9393.68,4772.34,189350.27
24 Jan 2025,24 Jan 2025,,Mobile App MARYAM BEGUM,17250.63,24285.06,69614.21
01 Nov 2024,01 Nov 2024,229708,Mobile App MARYAM BEGUM,14798.86,485.24,31986.47
08 Dec 2024,08 Dec 2024,,Raast IBFT to IQRA PARVEEN,14193.83,14564.38,68337.98
01 Feb 2025,01 Feb 2025,,Raast IBFT to OMAR ZAMAN,5915.0,12249.1,129582.37
03 Jan 2025,03 Jan 2025,,INET Inter Bank Fund Transfer Charges,4864.62,6917.79,278230.94
14 Jan 2025,14 Jan 2025,,Raast IBFT to IQRA PARVEEN,20880.05,6982.37,497302.06
03 Nov 2024,03 Nov 2024,,Mobile App MARYAM BEGUM,6720.43,9151.75,20535.47
11 Nov 2024,11 Nov 2024,,INET Inter Bank Fund Transfer Charges,7613.27,5488.47,39612.76
24 Dec 2024,24 Dec 2024,,Raast IBFT to OMAR ZAMAN,6995.87,10412.34,40238.9
09 Feb 2025,09 Feb 2025,,Mobile App MARYAM BEGUM,21096.35,22036.02,335445.83
01 Jan 2025,01 Jan 2025,,Mobile App MARYAM BEGUM,6669.84,14982.17,412882.68
10 Nov 2024,10 Nov 2024,,Raast IBFT to IQRA PARVEEN,17120.53,17671.73,461338.71
07 Dec 2024,07 Dec 2024,,Raast IBFT to OMAR ZAMAN,19108.85,17260.28,312493.03
15 Nov 2024,15 Nov 2024,869688,INET Inter Bank Fund Transfer Charges,7477.17,7528.69,88635.43
14 Nov 2024,14 Nov 2024,960831,Raast IBFT to OMAR ZAMAN,9235.5,2446.36,341305.11
16 Jan 2025,16 Jan 2025,,Mobile App MARYAM BEGUM,16765.17,19121.19,210552.32
20 Nov 2024,20 Nov 2024,619495,Raast IBFT to OMAR ZAMAN,16317.93,16775.78,312847.47
12 Jan 2025,12 Jan 2025,760432,Raast IBFT to OMAR ZAMAN,7176.27,17300.1,315606.32
05 Feb 2025,05 Feb 2025,,Raast IBFT to OMAR ZAMAN,19031.22,5513.08,330100.65
01 Feb 2025,01 Feb 2025,,INET Inter Bank Fund Transfer Charges,8223.96,13994.58,58375.15
30 Jan 2025,30 Jan 2025,584058,Raast IBFT to IQRA PARVEEN,11825.93,20659.19,195347.49
14 Jan 2025,14 Jan 2025,,Mobile App MARYAM BEGUM,24619.26,10082.52,173069.31
01 Dec 2024,01 Dec 2024,,Mobile App MARYAM BEGUM,10787.73,18703.57,13796.92
06 Feb 2025,06 Feb 2025,,Raast IBFT to OMAR ZAMAN,19491.37,8415.98,306843.8
13 Jan 2025,13 Jan 2025,,Raast IBFT to IQRA PARVEEN,6719.38,17133.32,338141.3
04 Feb 2025,04 Feb 2025,,Raast IBFT to IQRA PARVEEN,16746.19,12444.28,398760.33
06 Dec 2024,06 Dec 2024,,Raast IBFT to OMAR ZAMAN,7199.49,5249.46,454524.76
21 Jan 2025,21 Jan 2025,,Mobile App MARYAM BEGUM,1068.87,14421.26,349248.05
21 Nov 2024,21 Nov 2024,,Raast IBFT to IQRA PARVEEN,3690.71,22518.65,357414.3
06 Feb 2025,06 Feb 2025,,Mobile App MARYAM BEGUM,17131.96,20355.0,486975.89
04 Nov 2024,04 Nov 2024,,Raast IBFT to IQRA PARVEEN,4058.95,12267.37,83681.96
29 Nov 2024,29 Nov 2024,,Raast IBFT to IQRA PARVEEN,9344.34,11409.05,60395.7
10 Jan 2025,10 Jan 2025,,Raast IBFT to OMAR ZAMAN,9276.33,23353.53,148020.42
05 Feb 2025,05 Feb 2025,,Mobile App MARYAM BEGUM,13004.93,6999.19,297669.22
02 Jan 2025,02 Jan 2025,,Mobile App MARYAM BEGUM,23671.79,19454.0,171651.97
05 Jan 2025,05 Jan 2025,,Mobile App MARYAM BEGUM,24481.89,18856.28,448577.64
13 Dec 2024,13 Dec 2024,,INET Inter Bank Fund Transfer Charges,1973.38,12832.36,255937.65
22 Dec 2024,22 Dec 2024,590452,INET Inter Bank Fund Transfer Charges,1717.06,3479.53,219068.84
02 Jan 2025,02 Jan 2025,,INET Inter Bank Fund Transfer Charges,10690.87,12144.26,475396.94
31 Jan 2025,31 Jan 2025,,Raast IBFT to OMAR ZAMAN,9741.72,9831.36,393704.53
01 Jan 2025,01 Jan 2025,,Raast IBFT to OMAR ZAMAN,24324.08,13106.9,428502.34
25 Nov 2024,25 Nov 2024,,Mobile App MARYAM BEGUM,14342.26,15484.34,432748.11
31 Jan 2025,31 Jan 2025,119958,Mobile App MARYAM BEGUM,24023.64,7186.89,470623.71
02 Dec 2024,02 Dec 2024,734387,INET Inter Bank Fund Transfer Charges,15734.36,3443.27,419829.46
08 Feb 2025,08 Feb 2025,,Mobile App MARYAM BEGUM,17372.43,13367.39,453103.67
20 Nov 2024,20 Nov 2024,160432,Raast IBFT to OMAR ZAMAN,12188.53,9298.31,210713.19
31 Dec 2024,31 Dec 2024,793148,Mobile App MARYAM BEGUM,11422.62,4786.9,181948.97
09 Nov 2024,09 Nov 2024,,Raast IBFT to IQRA PARVEEN,23256.93,17178.57,135034.21
12 Nov 2024,12 Nov 2024,,Raast IBFT to OMAR ZAMAN,8055.92,1340.71,99264.03
31 Dec 2024,31 Dec 2024,659767,Raast IBFT to IQRA PARVEEN,13995.47,6866.37,106713.81
24 Dec 2024,24 Dec 2024,169223,Raast IBFT to IQRA PARVEEN,15361.65,15997.27,85504.3
02 Feb 2025,02 Feb 2025,487151,Mobile App MARYAM BEGUM,2395.34,22344.61,143926.48
10 Nov 2024,10 Nov 2024,,Raast IBFT to OMAR ZAMAN,22571.05,22036.78,411660.41
26 Dec 2024,26 Dec 2024,295351,Raast IBFT to OMAR ZAMAN,5012.72,20991.79,454066.2
02 Dec 2024,02 Dec 2024,868962,INET Inter Bank Fund Transfer Charges,6136.32,966.4,34406.22
25 Jan 2025,25 Jan 2025,,Raast IBFT to OMAR ZAMAN,19523.49,7784.02,258210.51
24 Dec 2024,24 Dec 2024,270676,Raast IBFT to IQRA PARVEEN,13874.3,16093.83,319725.17
24 Dec 2024,24 Dec 2024,738943,Mobile App MARYAM BEGUM,8277.58,7860.66,458686.28
18 Jan 2025,18 Jan 2025,718339,INET Inter Bank Fund Transfer Charges,21804.3,18937.28,409264.81
09 Feb 2025,09 Feb 2025,406530,INET Inter Bank Fund Transfer Charges,10261.1,12081.48,200459.98
27 Dec 2024,27 Dec 2024,771719,INET Inter Bank Fund Transfer Charges,2486.29,1317.19,168721.55
10 Jan 2025,10 Jan 2025,508950,Raast IBFT to IQRA PARVEEN,15223.12,64.62,175835.73
15 Nov 2024,15 Nov 2024,329889,Raast IBFT to IQRA PARVEEN,3060.48,12259.07,142793.53
24 Jan 2025,24 Jan 2025,,Raast IBFT to IQRA PARVEEN,16210.83,11796.44,185949.24
01 Nov 2024,01 Nov 2024,,Raast IBFT to IQRA PARVEEN,2387.26,6962.24,13500.92
02 Dec 2024,02 Dec 2024,,Raast IBFT to IQRA PARVEEN,15580.87,21046.87,307335.97
08 Dec 2024,08 Dec 2024,617853,Mobile App MARYAM BEGUM,15770.5,3631.86,155068.02
02 Dec 2024,02 Dec 2024,590804,Mobile App MARYAM BEGUM,3294.18,4537.37,360219.23
16 Dec 2024,16 Dec 2024,,Raast IBFT to IQRA PARVEEN,21730.17,4140.06,373474.21
31 Dec 2024,31 Dec 2024,557032,Raast IBFT to OMAR ZAMAN,9635.74,12293.38,413929.76
12 Jan 2025,12 Jan 2025,158825,Raast IBFT to IQRA PARVEEN,24531.2,19153.18,232824.75
03 Feb 2025,03 Feb 2025,,INET Inter Bank Fund Transfer Charges,9782.46,24144.54,321215.44
03 Jan 2025,03 Jan 2025,525694,Raast IBFT to IQRA PARVEEN,24139.55,6697.84,494882.34
19 Nov 2024,19 Nov 2024,857502,Raast IBFT to OMAR ZAMAN,14321.03,17603.88,204908.3
03 Jan 2025,03 Jan 2025,807261,Mobile App MARYAM BEGUM,6964.13,19792.7,445697.09
27 Nov 2024,27 Nov 2024,,Raast IBFT to IQRA PARVEEN,22609.07,10729.15,362807.33
29 Jan 2025,29 Jan 2025,140661,INET Inter Bank Fund Transfer Charges,7994.01,4060.58,86783.79
24 Nov 2024,24 Nov 2024,241704,Mobile App MARYAM BEGUM,17458.08,9150.33,340800.45
26 Dec 2024,26 Dec 2024,658715,Raast IBFT to OMAR ZAMAN,23395.33,140.28,431736.47
22 Jan 2025,22 Jan 2025,010375,Raast IBFT to IQRA PARVEEN,6981.55,8021.82,209591.36
05 Dec 2024,05 Dec 2024,,Raast IBFT to OMAR ZAMAN,11215.11,1289.53,100451.91
04 Dec 2024,04 Dec 2024,349806,Raast IBFT to IQRA PARVEEN,10043.24,15599.31,476917.72
09 Jan 2025,09 Jan 2025,,Raast IBFT to IQRA PARVEEN,17981.98,4428.77,423733.53
02 Dec 2024,02 Dec 2024,957445,INET Inter Bank Fund Transfer Charges,9862.95,21834.13,47340.2
16 Jan 2025,16 Jan 2025,,INET Inter Bank Fund Transfer Charges,18489.97,2285.0,209041.66
26 Jan 2025,26 Jan 2025,,INET Inter Bank Fund Transfer Charges,10494.71,17666.46,297569.35
25 Dec 2024,25 Dec 2024,507712,Raast IBFT to IQRA PARVEEN,18080.53,24720.73,493335.74
28 Nov 2024,28 Nov 2024,384585,Raast IBFT to OMAR ZAMAN,10063.3,23064.41,488209.31
01 Feb 2025,01 Feb 2025,,Mobile App MARYAM BEGUM,9921.69,13759.08,213396.57
16 Nov 2024,16 Nov 2024,,INET Inter Bank Fund Transfer Charges,22493.56,15976.65,445140.03
06 Feb 2025,06 Feb 2025,797990,Raast IBFT to OMAR ZAMAN,21373.45,4399.21,197094.77
04 Jan 2025,04 Jan 2025,,INET Inter Bank Fund Transfer Charges,15905.33,9311.61,39758.56
28 Jan 2025,28 Jan 2025,,INET Inter Bank Fund Transfer Charges,2301.32,12415.82,118438.16
05 Jan 2025,05 Jan 2025,836207,Raast IBFT to IQRA PARVEEN,8985.54,19751.49,373085.13
08 Nov 2024,08 Nov 2024,774653,Mobile App MARYAM BEGUM,21095.73,15179.94,171551.63
24 Dec 2024,24 Dec 2024,416429,INET Inter Bank Fund Transfer Charges,23500.72,17325.86,271513.85
07 Nov 2024,07 Nov 2024,368429,Raast IBFT to IQRA PARVEEN,18327.68,18191.52,64797.18
26 Jan 2025,26 Jan 2025,976180,Mobile App MARYAM BEGUM,16875.04,17130.59,246829.84
07 Dec 2024,07 Dec 2024,948059,INET Inter Bank Fund Transfer Charges,17772.55,333.24,499253.18
20 Jan 2025,20 Jan 2025,,Raast IBFT to IQRA PARVEEN,1445.72,1359.27,336651.72
12 Nov 2024,12 Nov 2024,948997,Raast IBFT to IQRA PARVEEN,21366.6,419.16,490867.05
08 Jan 2025,08 Jan 2025,,Raast IBFT to OMAR ZAMAN,10854.55,19119.01,303294.66
23 Jan 2025,23 Jan 2025,,Mobile App MARYAM BEGUM,5134.54,3645.59,400818.41
15 Nov 2024,15 Nov 2024,867985,Raast IBFT to OMAR ZAMAN,15253.56,20342.0,372297.45
26 Jan 2025,26 Jan 2025,612061,INET Inter Bank Fund Transfer Charges,16095.8,19225.29,205877.18
23 Dec 2024,23 Dec 2024,057869,Raast IBFT to IQRA PARVEEN,22835.76,20836.15,448109.27
21 Jan 2025,21 Jan 2025,042850,Raast IBFT to IQRA PARVEEN,7917.5,12635.62,94911.13
02 Dec 2024,02 Dec 2024,631859,Raast IBFT to IQRA PARVEEN,21551.71,4075.24,475732.33
07 Nov 2024,07 Nov 2024,,INET Inter Bank Fund Transfer Charges,12890.75,10337.27,283520.46
24 Nov 2024,24 Nov 2024,601925,Raast IBFT to OMAR ZAMAN,16635.9,4179.41,140480.37
19 Nov 2024,19 Nov 2024,074233,Raast IBFT to OMAR ZAMAN,15233.75,13527.98,209999.92
26 Jan 2025,26 Jan 2025,,Raast IBFT to OMAR ZAMAN,1176.01,19281.88,416983.09
07 Jan 2025,07 Jan 2025,680789,Raast IBFT to IQRA PARVEEN,12185.78,6360.85,69640.17
04 Jan 2025,04 Jan 2025,,Mobile App MARYAM BEGUM,21498.86,13218.05,362327.58
25 Nov 2024,25 Nov 2024,,Raast IBFT to OMAR ZAMAN,11437.04,15419.96,467545.92
12 Jan 2025,12 Jan 2025,240915,INET Inter Bank Fund Transfer Charges,1607.13,3876.07,54358.15
14 Dec 2024,14 Dec 2024,,Raast IBFT to IQRA PARVEEN,6280.55,13204.16,444966.59
18 Nov 2024,18 Nov 2024,968073,Raast IBFT to OMAR ZAMAN,4529.9,7425.73,448143.22
31 Dec 2024,31 Dec 2024,,Mobile App MARYAM BEGUM,16921.11,19264.48,220543.36
21 Dec 2024,21 Dec 2024,,Mobile App MARYAM BEGUM,10954.59,5531.55,108340.07
02 Jan 2025,02 Jan 2025,467003,Raast IBFT to OMAR ZAMAN,14712.39,20924.53,178062.51
06 Nov 2024,06 Nov 2024,,Raast IBFT to OMAR ZAMAN,10271.44,5271.23,174944.7
30 Nov 2024,30 Nov 2024,,Raast IBFT to IQRA PARVEEN,22193.63,11995.82,295584.84
26 Dec 2024,26 Dec 2024,071112,Mobile App MARYAM BEGUM,19198.44,15563.48,208490.19
07 Jan 2025,07 Jan 2025,794450,Mobile App MARYAM BEGUM,10201.47,4448.66,203482.29
12 Jan 2025,12 Jan 2025,,Mobile App MARYAM BEGUM,19321.23,15838.72,203367.17
11 Dec 2024,11 Dec 2024,,Mobile App MARYAM BEGUM,22960.77,22861.31,339619.23
27 Jan 2025,27 Jan 2025,147928,Raast IBFT to OMAR ZAMAN,6330.17,12327.12,195535.52
01 Dec 2024,01 Dec 2024,363668,Raast IBFT to OMAR ZAMAN,2451.92,5806.83,461025.71
17 Jan 2025,17 Jan 2025,557994,Raast IBFT to OMAR ZAMAN,21169.91,5005.29,349788.12
08 Nov 2024,08 Nov 2024,,Raast IBFT to OMAR ZAMAN,14166.73,3147.41,179535.03
15 Dec 2024,15 Dec 2024,,Mobile App MARYAM BEGUM,7604.13,2117.21,45026.26
20 Nov 2024,20 Nov 2024,838247,INET Inter Bank Fund Transfer Charges,9977.08,16113.95,147810.41
10 Nov 2024,10 Nov 2024,430408,Mobile App MARYAM BEGUM,10767.02,6667.69,331520.11
23 Nov 2024,23 Nov 2024,445562,Raast IBFT to OMAR ZAMAN,16363.16,14190.85,201219.26
11 Jan 2025,11 Jan 2025,,Raast IBFT to OMAR ZAMAN,20039.37,6146.02,161214.02
10 Jan 2025,10 Jan 2025,115862,Raast IBFT to OMAR ZAMAN,14710.07,19009.73,187262.36
29 Nov 2024,29 Nov 2024,640867,Mobile App MARYAM BEGUM,2201.61,21210.12,97899.08
30 Jan 2025,30 Jan 2025,713666,Raast IBFT to IQRA PARVEEN,21146.15,10368.0,74956.78
25 Jan 2025,25 Jan 2025,,Raast IBFT to IQRA PARVEEN,23276.15,12577.22,352196.83
26 Nov 2024,26 Nov 2024,,Raast IBFT to OMAR ZAMAN,21601.85,22067.88,148847.73
30 Dec 2024,30 Dec 2024,606904,Raast IBFT to IQRA PARVEEN,3043.28,8030.19,97240.32
03 Nov 2024,03 Nov 2024,228276,INET Inter Bank Fund Transfer Charges,12940.08,13156.12,22763.17
05 Jan 2025,05 Jan 2025,577701,Raast IBFT to OMAR ZAMAN,6146.76,16685.81,272084.26
06 Jan 2025,06 Jan 2025,162701,Raast IBFT to IQRA PARVEEN,1021.95,13397.6,163068.32
18 Nov 2024,18 Nov 2024,,Raast IBFT to OMAR ZAMAN,19705.34,10227.77,297302.74
28 Nov 2024,28 Nov 2024,,Raast IBFT to OMAR ZAMAN,16618.94,15132.83,149025.96
28 Jan 2025,28 Jan 2025,269909,Mobile App MARYAM BEGUM,21473.24,1708.58,54608.49
24 Jan 2025,24 Jan 2025,,Raast IBFT to IQRA PARVEEN,18565.55,271.9,92200.57
05 Feb 2025,05 Feb 2025,623640,Mobile App MARYAM BEGUM,23345.73,20398.32,259316.05
06 Feb 2025,06 Feb 2025,991245,Raast IBFT to IQRA PARVEEN,8714.9,10221.82,345151.5
15 Dec 2024,15 Dec 2024,683337,Mobile App MARYAM BEGUM,12408.88,4235.09,87644.2
01 Nov 2024,01 Nov 2024,,Mobile App MARYAM BEGUM,4858.67,7112.0,379780.65
22 Jan 2025,22 Jan 2025,108559,INET Inter Bank Fund Transfer Charges,14039.7,2964.53,197442.08
26 Jan 2025,26 Jan 2025,,INET Inter Bank Fund Transfer Charges,2314.89,5863.35,26047.33
24 Dec 2024,24 Dec 2024,,INET Inter Bank Fund Transfer Charges,1974.32,11671.18,420900.58
02 Dec 2024,02 Dec 2024,157768,INET Inter Bank Fund Transfer Charges,16536.18,455.8,165550.99
02 Nov 2024,02 Nov 2024,,Mobile App MARYAM BEGUM,2754.62,13265.53,112636.97
25 Jan 2025,25 Jan 2025,,Raast IBFT to IQRA PARVEEN,8862.57,317.81,70714.19
08 Feb 2025,08 Feb 2025,761359,Mobile App MARYAM BEGUM,13222.63,23801.32,398387.15
03 Dec 2024,03 Dec 2024,710764,Raast IBFT to IQRA PARVEEN,17030.04,2668.18,224260.62
31 Jan 2025,31 Jan 2025,,Raast IBFT to OMAR ZAMAN,12180.57,11466.18,153343.8
22 Dec 2024,22 Dec 2024,,INET Inter Bank Fund Transfer Charges,21633.22,3113.6,223260.1
23 Nov 2024,23 Nov 2024,541062,Raast IBFT to OMAR ZAMAN,24018.37,12322.14,54361.47
25 Jan 2025,25 Jan 2025,158168,Raast IBFT to OMAR ZAMAN,3557.74,15074.19,119211.96
07 Feb 2025,07 Feb 2025,349067,INET Inter Bank Fund Transfer Charges,23931.96,18305.12,172335.73
12 Nov 2024,12 Nov 2024,,Mobile App MARYAM BEGUM,22604.55,21622.35,39974.88
26 Jan 2025,26 Jan 2025,,INET Inter Bank Fund Transfer Charges,21263.55,16633.93,436114.96
19 Dec 2024,19 Dec 2024,,Raast IBFT to IQRA PARVEEN,12940.63,24698.54,311022.84
30 Nov 2024,30 Nov 2024,,Raast IBFT to OMAR ZAMAN,11828.96,10426.32,471423.86
23 Dec 2024,23 Dec 2024,777949,Raast IBFT to IQRA PARVEEN,21551.94,5851.23,385457.4
30 Nov 2024,30 Nov 2024,056328,Raast IBFT to OMAR ZAMAN,14637.59,20658.97,413799.98
05 Feb 2025,05 Feb 2025,572633,Raast IBFT to IQRA PARVEEN,19082.27,2972.15,365152.66
12 Nov 2024,12 Nov 2024,,Raast IBFT to OMAR ZAMAN,5016.72,8401.88,191246.04
07 Feb 2025,07 Feb 2025,932995,Raast IBFT to OMAR ZAMAN,15032.85,10356.5,302429.13
21 Dec 2024,21 Dec 2024,,Raast IBFT to OMAR ZAMAN,6419.69,10021.55,145267.74
13 Dec 2024,13 Dec 2024,690658,Raast IBFT to OMAR ZAMAN,22429.3,24944.11,165063.32
27 Dec 2024,27 Dec 2024,,INET Inter Bank Fund Transfer Charges,21708.23,17706.06,247407.95
21 Nov 2024,21 Nov 2024,149893,Raast IBFT to OMAR ZAMAN,10852.94,1677.34,324759.36
19 Nov 2024,19 Nov 2024,341506,Raast IBFT to OMAR ZAMAN,19808.7,5360.45,148378.86
28 Jan 2025,28 Jan 2025,,INET Inter Bank Fund Transfer Charges,2228.84,19496.7,356771.43
21 Nov 2024,21 Nov 2024,,INET Inter Bank Fund Transfer Charges,12122.47,8649.56,189891.03
15 Dec 2024,15 Dec 2024,,INET Inter Bank Fund Transfer Charges,20888.66,5.56,476439.83
18 Dec 2024,18 Dec 2024,,Raast IBFT to OMAR ZAMAN,16477.49,23309.08,93933.18
16 Jan 2025,16 Jan 2025,970021,Raast IBFT to OMAR ZAMAN,19684.63,19609.05,24729.17
27 Nov 2024,27 Nov 2024,,Raast IBFT to IQRA PARVEEN,14225.2,24608.1,43384.21
23 Dec 2024,23 Dec 2024,,Raast IBFT to OMAR ZAMAN,19398.25,10216.3,152515.96
24 Nov 2024,24 Nov 2024,086675,INET Inter Bank Fund Transfer Charges,24729.81,5304.04,493450.79
15 Jan 2025,15 Jan 2025,,Mobile App MARYAM BEGUM,5325.05,17998.75,40342.95
17 Nov 2024,17 Nov 2024,,Raast IBFT to OMAR ZAMAN,5033.42,23449.79,179370.19
18 Dec 2024,18 Dec 2024,,Raast IBFT to OMAR ZAMAN,14371.19,20656.61,259087.27
16 Nov 2024,16 Nov 2024,077381,Raast IBFT to IQRA PARVEEN,3409.04,16616.49,312542.64
09 Nov 2024,09 Nov 2024,538626,Raast IBFT to OMAR ZAMAN,18269.38,13142.78,153815.29
28 Dec 2024,28 Dec 2024,,Mobile App MARYAM BEGUM,2556.43,7789.05,498245.64
22 Nov 2024,22 Nov 2024,093726,Raast IBFT to OMAR ZAMAN,18151.34,18700.92,449665.74
23 Nov 2024,23 Nov 2024,,Raast IBFT to OMAR ZAMAN,8276.63,15041.24,132285.24
09 Nov 2024,09 Nov 2024,392316,Raast IBFT to IQRA PARVEEN,3321.19,24075.1,46864.07
30 Dec 2024,30 Dec 2024,,Raast IBFT to OMAR ZAMAN,12034.58,1677.87,264043.49
14 Jan 2025,14 Jan 2025,,Raast IBFT to OMAR ZAMAN,12730.24,21009.87,371952.17
02 Feb 2025,02 Feb 2025,,Raast IBFT to OMAR ZAMAN,5487.95,4490.01,36819.43
31 Jan 2025,31 Jan 2025,937902,Raast IBFT to OMAR ZAMAN,18921.57,24772.92,412672.15
27 Nov 2024,27 Nov 2024,,Raast IBFT to OMAR ZAMAN,8353.79,6907.29,435954.85
05 Jan 2025,05 Jan 2025,,Raast IBFT to OMAR ZAMAN,19618.27,5870.71,61494.79
24 Dec 2024,24 Dec 2024,,Raast IBFT to OMAR ZAMAN,9254.13,9722.97,347112.1
01 Dec 2024,01 Dec 2024,,Mobile App MARYAM BEGUM,2111.46,5644.68,344463.73
30 Jan 2025,30 Jan 2025,,INET Inter Bank Fund Transfer Charges,5251.0,12996.34,176329.5
08 Nov 2024,08 Nov 2024,,Mobile App MARYAM BEGUM,5889.66,9679.26,322909.93
10 Nov 2024,10 Nov 2024,,INET Inter Bank Fund Transfer Charges,12093.01,3264.62,47661.38
07 Dec 2024,07 Dec 2024,,Raast IBFT to IQRA PARVEEN,8802.29,8001.41,361654.17
31 Jan 2025,31 Jan 2025,432966,INET Inter Bank Fund Transfer Charges,24207.52,22964.04,130213.63
23 Nov 2024,23 Nov 2024,019042,Raast IBFT to OMAR ZAMAN,17004.18,10967.35,410501.07
24 Nov 2024,24 Nov 2024,,Mobile App MARYAM BEGUM,20978.86,24352.87,367094.31
29 Dec 2024,29 Dec 2024,,Raast IBFT to IQRA PARVEEN,8245.64,20065.18,45599.49
24 Nov 2024,24 Nov 2024,268892,Mobile App MARYAM BEGUM,20630.46,1364.69,207804.97
05 Nov 2024,05 Nov 2024,881971,Raast IBFT to OMAR ZAMAN,20353.6,1312.94,122944.7
25 Nov 2024,25 Nov 2024,,INET Inter Bank Fund Transfer Charges,11232.31,9266.0,341917.07
06 Nov 2024,06 Nov 2024,,Raast IBFT to IQRA PARVEEN,18260.72,13406.2,151426.44
22 Nov 2024,22 Nov 2024,730097,Raast IBFT to OMAR ZAMAN,16220.12,9158.38,257866.67
26 Jan 2025,26 Jan 2025,,Raast IBFT to OMAR ZAMAN,1765.48,1625.97,372331.93
10 Jan 2025,10 Jan 2025,298819,Mobile App MARYAM BEGUM,15809.05,436.19,182568.17
28 Dec 2024,28 Dec 2024,,Raast IBFT to IQRA PARVEEN,5954.78,13801.75,365657.12
21 Dec 2024,21 Dec 2024,322031,Raast IBFT to IQRA PARVEEN,4007.61,17193.58,362489.69
25 Nov 2024,25 Nov 2024,,INET Inter Bank Fund Transfer Charges,8089.76,758.07,497392.83
23 Dec 2024,23 Dec 2024,,Raast IBFT to OMAR ZAMAN,6306.93,16524.63,84846.0
10 Nov 2024,10 Nov 2024,833266,Mobile App MARYAM BEGUM,3055.36,15656.36,484282.36
20 Nov 2024,20 Nov 2024,,Mobile App MARYAM BEGUM,8663.09,15365.01,178856.41
04 Nov 2024,04 Nov 2024,341054,INET Inter Bank Fund Transfer Charges,6861.04,971.51,164636.02
07 Nov 2024,07 Nov 2024,410111,Mobile App MARYAM BEGUM,19731.35,6997.97,426356.89
02 Feb 2025,02 Feb 2025,,Mobile App MARYAM BEGUM,9473.01,801.76,183930.25
06 Feb 2025,06 Feb 2025,,INET Inter Bank Fund Transfer Charges,20984.63,9850.03,379712.33
29 Jan 2025,29 Jan 2025,620601,Raast IBFT to OMAR ZAMAN,24336.98,5558.36,158070.45
03 Jan 2025,03 Jan 2025,422715,INET Inter Bank Fund Transfer Charges,1951.5,15444.28,414345.08
02 Jan 2025,02 Jan 2025,922904,Raast IBFT to IQRA PARVEEN,2343.28,14068.75,484384.76
06 Dec 2024,06 Dec 2024,,Raast IBFT to IQRA PARVEEN,24666.84,6858.84,417239.73
04 Nov 2024,04 Nov 2024,,INET Inter Bank Fund Transfer Charges,10260.55,14694.76,417093.74
05 Dec 2024,05 Dec 2024,,Raast IBFT to IQRA PARVEEN,12521.73,18837.07,255535.59
12 Dec 2024,12 Dec 2024,034333,Mobile App MARYAM BEGUM,13187.1,10238.27,75963.3
12 Jan 2025,12 Jan 2025,,INET Inter Bank Fund Transfer Charges,18401.04,10739.1,372077.16
06 Nov 2024,06 Nov 2024,,INET Inter Bank Fund Transfer Charges,22295.26,20518.38,380099.97
30 Dec 2024,30 Dec 2024,,Raast IBFT to OMAR ZAMAN,13183.99,17090.8,199680.58
30 Nov 2024,30 Nov 2024,,INET Inter Bank Fund Transfer Charges,22891.51,22936.53,236567.5
04 Nov 2024,04 Nov 2024,316662,INET Inter Bank Fund Transfer Charges,14142.0,19424.68,258165.25
09 Jan 2025,09 Jan 2025,465822,Raast IBFT to OMAR ZAMAN,18601.89,5846.15,276234.17
13 Jan 2025,13 Jan 2025,517775,Raast IBFT to IQRA PARVEEN,12410.33,5144.91,479486.68
17 Dec 2024,17 Dec 2024,731935,Raast IBFT to IQRA PARVEEN,5897.53,15913.83,379196.15
29 Nov 2024,29 Nov 2024,447067,INET Inter Bank Fund Transfer Charges,17746.07,1432.55,64151.53
02 Jan 2025,02 Jan 2025,052046,Mobile App MARYAM BEGUM,11607.18,14472.17,245391.92
15 Jan 2025,15 Jan 2025,574644,Mobile App MARYAM BEGUM,13488.47,21260.95,459531.92
21 Jan 2025,21 Jan 2025,448105,Raast IBFT to IQRA PARVEEN,10279.58,8687.85,366317.23
21 Dec 2024,21 Dec 2024,,Mobile App MARYAM BEGUM,21156.99,3174.85,445035.12
08 Nov 2024,08 Nov 2024,,INET Inter Bank Fund Transfer Charges,2664.07,11287.96,336932.22
14 Nov 2024,14 Nov 2024,,Raast IBFT to IQRA PARVEEN,24567.59,5073.11,295220.21
28 Dec 2024,28 Dec 2024,,Raast IBFT to OMAR ZAMAN,18844.98,14886.44,99763.76
25 Nov 2024,25 Nov 2024,961322,Raast IBFT to IQRA PARVEEN,13875.57,8473.55,127573.27
09 Jan 2025,09 Jan 2025,354204,INET Inter Bank Fund Transfer Charges,3207.94,8265.86,244750.74
26 Jan 2025,26 Jan 2025,,Raast IBFT to OMAR ZAMAN,10572.95,15052.95,78550.85
01 Dec 2024,01 Dec 2024,674022,Raast IBFT to IQRA PARVEEN,11229.14,22059.81,308914.56
29 Nov 2024,29 Nov 2024,934060,Mobile App MARYAM BEGUM,14219.85,1026.36,75250.19
24 Dec 2024,24 Dec 2024,133278,Mobile App MARYAM BEGUM,3696.65,15912.77,441219.44
28 Jan 2025,28 Jan 2025,117259,Raast IBFT to IQRA PARVEEN,16856.42,4386.79,376689.65
22 Jan 2025,22 Jan 2025,,Mobile App MARYAM BEGUM,9318.47,1957.35,31918.89
18 Nov 2024,18 Nov 2024,741318,INET Inter Bank Fund Transfer Charges,3174.24,6932.7,107786.11
08 Jan 2025,08 Jan 2025,,Raast IBFT to OMAR ZAMAN,17379.64,18338.55,140250.07
29 Dec 2024,29 Dec 2024,,Raast IBFT to IQRA PARVEEN,10973.76,18933.77,415094.65
28 Nov 2024,28 Nov 2024,,Raast IBFT to IQRA PARVEEN,4737.45,6527.71,149834.67
18 Dec 2024,18 Dec 2024,148010,Mobile App MARYAM BEGUM,16098.66,20980.81,77452.3
20 Nov 2024,20 Nov 2024,894637,Raast IBFT to IQRA PARVEEN,1992.82,140.31,164817.69
01 Dec 2024,01 Dec 2024,723319,Raast IBFT to OMAR ZAMAN,15039.98,7532.67,474928.43
12 Nov 2024,12 Nov 2024,,INET Inter Bank Fund Transfer Charges,4907.42,11777.62,157131.52
08 Nov 2024,08 Nov 2024,,Mobile App MARYAM BEGUM,7462.45,24668.8,494130.91
24 Jan 2025,24 Jan 2025,,Mobile App MARYAM BEGUM,9828.69,3399.87,295964.89
06 Nov 2024,06 Nov 2024,625528,Raast IBFT to OMAR ZAMAN,11785.44,393.24,319017.71
02 Dec 2024,02 Dec 2024,,Mobile App MARYAM BEGUM,11167.54,22821.06,366480.76
08 Jan 2025,08 Jan 2025,712919,Raast IBFT to IQRA PARVEEN,11448.11,15009.5,236656.19
31 Dec 2024,31 Dec 2024,596026,Mobile App MARYAM BEGUM,1127.11,2935.42,171933.88
14 Nov 2024,14 Nov 2024,,Raast IBFT to OMAR ZAMAN,10183.6,20508.09,322286.72
23 Dec 2024,23 Dec 2024,078820,Raast IBFT to OMAR ZAMAN,18876.16,22282.1,76397.68
24 Jan 2025,24 Jan 2025,,Raast IBFT to IQRA PARVEEN,15725.2,15699.73,224444.51
31 Dec 2024,31 Dec 2024,472014,Mobile App MARYAM BEGUM,15830.5,41.75,59168.68
03 Feb 2025,03 Feb 2025,745269,Mobile App MARYAM BEGUM,17621.7,8600.92,211762.6
22 Nov 2024,22 Nov 2024,908853,Raast IBFT to IQRA PARVEEN,15393.32,23362.75,288498.17
07 Jan 2025,07 Jan 2025,855118,Raast IBFT to OMAR ZAMAN,21460.72,23106.35,327322.41
12 Dec 2024,12 Dec 2024,253575,INET Inter Bank Fund Transfer Charges,13653.54,7507.1,214404.88
09 Jan 2025,09 Jan 2025,,Mobile App MARYAM BEGUM,12151.57,11442.57,263680.1
09 Feb 2025,09 Feb 2025,,Mobile App MARYAM BEGUM,3962.74,5945.49,279288.54
03 Feb 2025,03 Feb 2025,150128,Mobile App MARYAM BEGUM,3924.1,11361.57,476211.4
12 Nov 2024,12 Nov 2024,048127,Raast IBFT to OMAR ZAMAN,24818.95,24855.66,83330.21
11 Jan 2025,11 Jan 2025,,Raast IBFT to OMAR ZAMAN,2421.15,22040.95,50122.28
14 Nov 2024,14 Nov 2024,,Mobile App MARYAM BEGUM,23097.5,19795.65,56562.68
02 Feb 2025,02 Feb 2025,,Mobile App MARYAM BEGUM,22646.1,8842.34,491988.03
04 Dec 2024,04 Dec 2024,,Raast IBFT to OMAR ZAMAN,2667.63,12598.15,219089.61
01 Dec 2024,01 Dec 2024,,Mobile App MARYAM BEGUM,24805.68,13514.57,332357.47
20 Jan 2025,20 Jan 2025,582880,Mobile App MARYAM BEGUM,5005.58,8225.18,271863.04
18 Nov 2024,18 Nov 2024,,Raast IBFT to IQRA PARVEEN,22621.8,23109.22,80331.54
04 Jan 2025,04 Jan 2025,186819,Raast IBFT to OMAR ZAMAN,8738.61,17897.51,47846.19
10 Dec 2024,10 Dec 2024,348721,Raast IBFT to IQRA PARVEEN,6024.47,19179.53,383596.57
14 Jan 2025,14 Jan 2025,,Mobile App MARYAM BEGUM,7020.48,3962.99,183774.08
27 Jan 2025,27 Jan 2025,,INET Inter Bank Fund Transfer Charges,5560.58,8372.3,175021.41
06 Feb 2025,06 Feb 2025,,INET Inter Bank Fund Transfer Charges,16369.94,22906.97,277991.24
09 Feb 2025,09 Feb 2025,178379,INET Inter Bank Fund Transfer Charges,7816.42,13209.06,175990.64
30 Jan 2025,30 Jan 2025,853550,INET Inter Bank Fund Transfer Charges,7058.99,19587.69,349338.69
10 Dec 2024,10 Dec 2024,,Raast IBFT to OMAR ZAMAN,6316.74,10260.2,374984.43
17 Nov 2024,17 Nov 2024,,INET Inter Bank Fund Transfer Charges,13103.48,1079.78,422051.57
26 Nov 2024,26 Nov 2024,,Mobile App MARYAM BEGUM,21440.54,10060.83,431184.35
11 Dec 2024,11 Dec 2024,636366,Mobile App MARYAM BEGUM,2489.72,12104.13,62029.18
07 Dec 2024,07 Dec 2024,,Raast IBFT to IQRA PARVEEN,20249.34,6898.96,286388.53
19 Dec 2024,19 Dec 2024,632663,Raast IBFT to OMAR ZAMAN,7596.9,14779.44,247312.41
29 Nov 2024,29 Nov 2024,781611,INET Inter Bank Fund Transfer Charges,20096.91,5422.69,299237.93
22 Dec 2024,22 Dec 2024,,Mobile App MARYAM BEGUM,3828.94,6578.06,237913.87
06 Feb 2025,06 Feb 2025,,Raast IBFT to OMAR ZAMAN,12340.26,9017.56,430271.04
26 Jan 2025,26 Jan 2025,936649,Raast IBFT to IQRA PARVEEN,14216.12,6204.44,349135.16
05 Jan 2025,05 Jan 2025,,INET Inter Bank Fund Transfer Charges,7420.49,16847.39,460031.66
13 Nov 2024,13 Nov 2024,237862,Mobile App MARYAM BEGUM,17536.24,16075.06,172011.82
04 Nov 2024,04 Nov 2024,950890,Mobile App MARYAM BEGUM,23240.88,16117.64,373335.38
07 Dec 2024,07 Dec 2024,323929,Mobile App MARYAM BEGUM,5062.77,15844.17,375909.66
28 Dec 2024,28 Dec 2024,911764,Raast IBFT to OMAR ZAMAN,18632.3,12075.12,487364.2
03 Feb 2025,03 Feb 2025,258267,INET Inter Bank Fund Transfer Charges,15619.4,6262.5,379820.13
08 Jan 2025,08 Jan 2025,593517,INET Inter Bank Fund Transfer Charges,2847.71,24600.22,375603.33
31 Jan 2025,31 Jan 2025,,Raast IBFT to OMAR ZAMAN,16418.42,17403.52,353462.11
07 Dec 2024,07 Dec 2024,,INET Inter Bank Fund Transfer Charges,21806.65,6682.27,245393.16
24 Dec 2024,24 Dec 2024,230765,Raast IBFT to OMAR ZAMAN,18996.44,2351.83,404896.21
21 Nov 2024,21 Nov 2024,,Raast IBFT to OMAR ZAMAN,12226.71,10713.35,384982.77
07 Feb 2025,07 Feb 2025,919680,Mobile App MARYAM BEGUM,6099.97,6443.42,182103.08
14 Nov 2024,14 Nov 2024,662758,INET Inter Bank Fund Transfer Charges,16660.36,3483.13,164401.5
06 Jan 2025,06 Jan 2025,,Mobile App MARYAM BEGUM,8716.96,24398.77,319637.85
25 Dec 2024,25 Dec 2024,,Raast IBFT to IQRA PARVEEN,17119.65,12083.63,184092.11
18 Jan 2025,18 Jan 2025,616941,Mobile App MARYAM BEGUM,4192.75,21773.54,361421.93
13 Jan 2025,13 Jan 2025,,Raast IBFT to OMAR ZAMAN,7655.57,23846.69,336520.22
14 Jan 2025,14 Jan 2025,733372,Raast IBFT to IQRA PARVEEN,7468.42,20873.17,154097.51
10 Jan 2025,10 Jan 2025,,INET Inter Bank Fund Transfer Charges,13633.58,15181.59,449267.7
01 Nov 2024,01 Nov 2024,,Raast IBFT to OMAR ZAMAN,12475.63,19563.44,484920.74
09 Nov 2024,09 Nov 2024,256848,Raast IBFT to IQRA PARVEEN,2501.72,8714.33,195111.62
29 Nov 2024,29 Nov 2024,873556,INET Inter Bank Fund Transfer Charges,20479.6,3815.86,172556.33
18 Dec 2024,18 Dec 2024,009955,Raast IBFT to IQRA PARVEEN,15210.32,24274.57,329161.91
05 Feb 2025,05 Feb 2025,809166,INET Inter Bank Fund Transfer Charges,19034.88,18496.03,34043.41
30 Dec 2024,30 Dec 2024,,Mobile App MARYAM BEGUM,11702.75,12454.27,402941.4
25 Nov 2024,25 Nov 2024,617808,Raast IBFT to IQRA PARVEEN,1724.46,8268.78,80137.88
14 Nov 2024,14 Nov 2024,,Raast IBFT to OMAR ZAMAN,12222.48,9252.56,294110.58
10 Jan 2025,10 Jan 2025,,Raast IBFT to IQRA PARVEEN,13790.99,15146.02,473388.39
03 Jan 2025,03 Jan 2025,,Mobile App MARYAM BEGUM,10482.37,20870.42,94274.31
11 Dec 2024,11 Dec 2024,323631,Raast IBFT to OMAR ZAMAN,19264.91,23612.47,190462.48
15 Dec 2024,15 Dec 2024,800150,Raast IBFT to OMAR ZAMAN,23863.83,9550.1,382579.09
11 Nov 2024,11 Nov 2024,,Mobile App MARYAM BEGUM,3762.28,2584.6,402882.61
05 Nov 2024,05 Nov 2024,667391,INET Inter Bank Fund Transfer Charges,22630.42,14971.9,114009.32
06 Dec 2024,06 Dec 2024,500118,Raast IBFT to OMAR ZAMAN,6716.74,12318.26,161226.32
20 Nov 2024,20 Nov 2024,408507,Mobile App MARYAM BEGUM,2832.56,12376.54,363804.37
08 Jan 2025,08 Jan 2025,,Raast IBFT to IQRA PARVEEN,12185.53,6759.61,495333.76
06 Nov 2024,06 Nov 2024,602397,Raast IBFT to OMAR ZAMAN,9982.86,14465.92,261265.75
03 Dec 2024,03 Dec 2024,630439,Raast IBFT to IQRA PARVEEN,18888.18,16036.24,226396.82
05 Dec 2024,05 Dec 2024,,INET Inter Bank Fund Transfer Charges,2840.55,24613.81,277462.28
24 Nov 2024,24 Nov 2024,,Raast IBFT to IQRA PARVEEN,4653.08,6414.51,138799.77
09 Jan 2025,09 Jan 2025,,INET Inter Bank Fund Transfer Charges,15062.96,19996.11,120866.86
30 Dec 2024,30 Dec 2024,,Raast IBFT to IQRA PARVEEN,10458.29,2141.5,172516.04
12 Nov 2024,12 Nov 2024,,INET Inter Bank Fund Transfer Charges,7486.96,17075.59,472727.61
01 Feb 2025,01 Feb 2025,955015,INET Inter Bank Fund Transfer Charges,24901.96,15783.31,321200.74
20 Nov 2024,20 Nov 2024,006769,Mobile App MARYAM BEGUM,5629.49,5862.2,58177.28
06 Feb 2025,06 Feb 2025,,Mobile App MARYAM BEGUM,14346.66,10100.69,483718.13
08 Jan 2025,08 Jan 2025,,Raast IBFT to IQRA PARVEEN,7643.9,3412.38,309152.48
25 Nov 2024,25 Nov 2024,,Raast IBFT to OMAR ZAMAN,12947.92,24708.64,105574.96
30 Dec 2024,30 Dec 2024,,Raast IBFT to IQRA PARVEEN,16927.82,5020.06,384272.42
22 Jan 2025,22 Jan 2025,,Raast IBFT to IQRA PARVEEN,18840.72,20517.01,235476.12
24 Dec 2024,24 Dec 2024,,Raast IBFT to IQRA PARVEEN,16772.18,9961.72,233582.68
10 Jan 2025,10 Jan 2025,846067,Mobile App MARYAM BEGUM,7027.85,10070.74,244205.17
02 Dec 2024,02 Dec 2024,,Raast IBFT to IQRA PARVEEN,21273.68,15320.25,349526.37
29 Nov 2024,29 Nov 2024,,Mobile App MARYAM BEGUM,19823.03,16353.25,11418.05
04 Jan 2025,04 Jan 2025,963710,Raast IBFT to OMAR ZAMAN,14955.38,18729.44,444188.94
28 Nov 2024,28 Nov 2024,264589,Mobile App MARYAM BEGUM,20100.11,8119.48,189211.08
27 Dec 2024,27 Dec 2024,,Raast IBFT to IQRA PARVEEN,10646.89,3304.82,211226.14
09 Dec 2024,09 Dec 2024,,INET Inter Bank Fund Transfer Charges,7888.94,17788.04,393652.79
01 Nov 2024,01 Nov 2024,,Raast IBFT to IQRA PARVEEN,23935.41,7434.76,140434.55
28 Dec 2024,28 Dec 2024,,Mobile App MARYAM BEGUM,19786.79,24521.21,327909.11
14 Jan 2025,14 Jan 2025,,Raast IBFT to OMAR ZAMAN,8389.4,560.35,385073.74
22 Dec 2024,22 Dec 2024,707540,Raast IBFT to IQRA PARVEEN,1479.6,16476.54,63063.68
28 Dec 2024,28 Dec 2024,037228,Mobile App MARYAM BEGUM,5012.33,12812.01,212312.22
09 Dec 2024,09 Dec 2024,625475,Raast IBFT to IQRA PARVEEN,10675.1,3245.27,482027.48
07 Nov 2024,07 Nov 2024,,INET Inter Bank Fund Transfer Charges,18618.31,17601.58,407020.39
27 Jan 2025,27 Jan 2025,,Mobile App MARYAM BEGUM,6625.25,14030.85,341170.28
07 Feb 2025,07 Feb 2025,904828,Raast IBFT to IQRA PARVEEN,21066.89,15494.77,168811.19
25 Jan 2025,25 Jan 2025,,Raast IBFT to OMAR ZAMAN,10763.83,17207.17,301593.04
11 Dec 2024,11 Dec 2024,806389,INET Inter Bank Fund Transfer Charges,6738.8,12873.38,308140.73
02 Jan 2025,02 Jan 2025,765205,INET Inter Bank Fund Transfer Charges,2070.73,1442.08,425711.29
10 Nov 2024,10 Nov 2024,710210,INET Inter Bank Fund Transfer Charges,21059.26,7766.67,327080.29
10 Dec 2024,10 Dec 2024,494395,Mobile App MARYAM BEGUM,4713.19,3818.9,256090.44
26 Nov 2024,26 Nov 2024,756391,Mobile App MARYAM BEGUM,9245.74,24227.43,480914.76
07 Dec 2024,07 Dec 2024,899161,Mobile App MARYAM BEGUM,17004.42,4555.86,103984.07
28 Jan 2025,28 Jan 2025,363792,Raast IBFT to IQRA PARVEEN,7334.52,17298.9,42517.03
01 Nov 2024,01 Nov 2024,009830,Raast IBFT to IQRA PARVEEN,1410.28,6340.93,84932.62
24 Nov 2024,24 Nov 2024,992484,Raast IBFT to OMAR ZAMAN,7298.68,2973.78,273012.0
25 Nov 2024,25 Nov 2024,,Mobile App MARYAM BEGUM,5870.35,24314.11,62618.22
31 Dec 2024,31 Dec 2024,548597,Raast IBFT to OMAR ZAMAN,1642.71,10091.92,361461.49
02 Feb 2025,02 Feb 2025,494589,INET Inter Bank Fund Transfer Charges,6371.44,10172.65,294915.32
20 Dec 2024,20 Dec 2024,527992,Mobile App MARYAM BEGUM,24129.88,3099.55,304347.65
12 Nov 2024,12 Nov 2024,,Raast IBFT to OMAR ZAMAN,22148.11,10958.53,115830.97
23 Jan 2025,23 Jan 2025,,Raast IBFT to OMAR ZAMAN,6171.63,19183.45,336262.47
16 Dec 2024,16 Dec 2024,,INET Inter Bank Fund Transfer Charges,15053.78,3231.36,417993.95
24 Dec 2024,24 Dec 2024,,Raast IBFT to IQRA PARVEEN,23802.22,23419.72,98770.39
18 Dec 2024,18 Dec 2024,652646,INET Inter Bank Fund Transfer Charges,16793.26,19157.4,335076.93
03 Nov 2024,03 Nov 2024,259527,Raast IBFT to IQRA PARVEEN,14165.07,23518.37,131347.92
16 Dec 2024,16 Dec 2024,,Mobile App MARYAM BEGUM,24438.18,15682.68,21638.12
01 Dec 2024,01 Dec 2024,593438,Mobile App MARYAM BEGUM,4832.61,3954.35,162845.28
09 Jan 2025,09 Jan 2025,178751,INET Inter Bank Fund Transfer Charges,6273.24,11620.43,479054.64
24 Dec 2024,24 Dec 2024,,Raast IBFT to IQRA PARVEEN,5985.85,21270.82,330482.58
03 Jan 2025,03 Jan 2025,,Mobile App MARYAM BEGUM,4900.19,7352.37,345129.04
05 Feb 2025,05 Feb 2025,013924,Mobile App MARYAM BEGUM,12985.74,16110.21,448794.25
17 Jan 2025,17 Jan 2025,,Mobile App MARYAM BEGUM,3291.04,24010.76,38329.37
08 Nov 2024,08 Nov 2024,292759,Raast IBFT to IQRA PARVEEN,7709.38,7242.43,37946.39
03 Dec 2024,03 Dec 2024,171017,INET Inter Bank Fund Transfer Charges,9987.79,20547.53,492290.32
10 Nov 2024,10 Nov 2024,896867,Mobile App MARYAM BEGUM,4656.57,5491.75,83311.46
01 Jan 2025,01 Jan 2025,,Raast IBFT to IQRA PARVEEN,12367.74,23455.44,324653.08
11 Jan 2025,11 Jan 2025,341696,Mobile App MARYAM BEGUM,10249.88,23843.81,120209.72
12 Jan 2025,12 Jan 2025,066920,Mobile App MARYAM BEGUM,12877.81,13748.13,466987.16
12 Dec 2024,12 Dec 2024,160661,Mobile App MARYAM BEGUM,14300.05,15271.24,125219.11
16 Jan 2025,16 Jan 2025,,Raast IBFT to IQRA PARVEEN,15961.28,8093.6,238987.67
23 Jan 2025,23 Jan 2025,525592,Raast IBFT to IQRA PARVEEN,18389.46,22269.7,75095.18
16 Dec 2024,16 Dec 2024,,Raast IBFT to IQRA PARVEEN,11907.62,3006.95,294322.09
15 Nov 2024,15 Nov 2024,548036,INET Inter Bank Fund Transfer Charges,1928.05,5231.4,274437.52
15 Nov 2024,15 Nov 2024,,Mobile App MARYAM BEGUM,18773.36,1050.52,319826.77
22 Nov 2024,22 Nov 2024,,INET Inter Bank Fund Transfer Charges,19184.46,7382.44,16381.27
17 Dec 2024,17 Dec 2024,,Raast IBFT to IQRA PARVEEN,24080.95,11795.27,151526.53
01 Jan 2025,01 Jan 2025,005212,Mobile App MARYAM BEGUM,6809.95,7960.47,137889.43
21 Dec 2024,21 Dec 2024,,Raast IBFT to IQRA PARVEEN,15224.83,15089.01,26504.69
26 Jan 2025,26 Jan 2025,870335,Raast IBFT to OMAR ZAMAN,20452.22,19345.04,420504.86
01 Dec 2024,01 Dec 2024,,INET Inter Bank Fund Transfer Charges,13833.56,19203.02,32154.17
19 Dec 2024,19 Dec 2024,885375,INET Inter Bank Fund Transfer Charges,19092.49,9772.61,484602.21
16 Nov 2024,16 Nov 2024,392913,Raast IBFT to IQRA PARVEEN,13854.76,3900.39,142486.15
12 Dec 2024,12 Dec 2024,,Raast IBFT to IQRA PARVEEN,2290.35,23862.23,415232.75
17 Jan 2025,17 Jan 2025,410253,Raast IBFT to IQRA PARVEEN,10560.37,5989.7,59820.46
20 Nov 2024,20 Nov 2024,513729,INET Inter Bank Fund Transfer Charges,12150.68,6405.59,473631.32
15 Dec 2024,15 Dec 2024,406551,INET Inter Bank Fund Transfer Charges,24427.86,20648.68,66762.13
26 Nov 2024,26 Nov 2024,,Raast IBFT to OMAR ZAMAN,24735.49,8338.59,131716.59
25 Dec 2024,25 Dec 2024,306838,Raast IBFT to OMAR ZAMAN,10294.32,11607.95,416956.64
08 Nov 2024,08 Nov 2024,,Raast IBFT to OMAR ZAMAN,11574.6,8352.57,226946.17
15 Nov 2024,15 Nov 2024,,INET Inter Bank Fund Transfer Charges,2198.36,24136.15,130023.31
05 Nov 2024,05 Nov 2024,757292,INET Inter Bank Fund Transfer Charges,17676.3,8720.65,406710.82
12 Dec 2024,12 Dec 2024,,Mobile App MARYAM BEGUM,1721.33,24208.36,268599.82
08 Feb 2025,08 Feb 2025,,Raast IBFT to IQRA PARVEEN,16224.35,6670.39,452212.33
04 Nov 2024,04 Nov 2024,,Mobile App MARYAM BEGUM,23080.86,14968.05,339880.72
24 Dec 2024,24 Dec 2024,051609,Raast IBFT to IQRA PARVEEN,19210.26,6241.45,375544.33
28 Jan 2025,28 Jan 2025,,Mobile App MARYAM BEGUM,7157.49,12841.72,311926.63
14 Dec 2024,14 Dec 2024,,INET Inter Bank Fund Transfer Charges,14271.77,11635.0,314999.66
27 Nov 2024,27 Nov 2024,,INET Inter Bank Fund Transfer Charges,15183.35,23450.85,235203.09
01 Nov 2024,01 Nov 2024,,Raast IBFT to OMAR ZAMAN,8816.97,13051.88,443359.73
19 Jan 2025,19 Jan 2025,,Raast IBFT to OMAR ZAMAN,13268.69,14744.21,348053.47
23 Nov 2024,23 Nov 2024,,Raast IBFT to OMAR ZAMAN,17695.16,14630.51,91067.98
22 Jan 2025,22 Jan 2025,,INET Inter Bank Fund Transfer Charges,8647.99,22789.81,28310.56
16 Dec 2024,16 Dec 2024,518402,INET Inter Bank Fund Transfer Charges,24179.01,7794.4,17124.03
03 Jan 2025,03 Jan 2025,,Mobile App MARYAM BEGUM,17380.29,5909.35,122143.88
06 Feb 2025,06 Feb 2025,801065,Raast IBFT to OMAR ZAMAN,24173.71,13756.4,378771.13
09 Feb 2025,09 Feb 2025,,INET Inter Bank Fund Transfer Charges,20880.54,23856.12,464387.17
23 Jan 2025,23 Jan 2025,959410,Mobile App MARYAM BEGUM,5924.31,16996.28,128025.7
12 Jan 2025,12 Jan 2025,159614,INET Inter Bank Fund Transfer Charges,17492.82,3876.57,485184.44
05 Feb 2025,05 Feb 2025,,INET Inter Bank Fund Transfer Charges,4398.71,11268.23,223068.14
25 Jan 2025,25 Jan 2025,,Mobile App MARYAM BEGUM,9406.29,14928.82,181412.4
10 Nov 2024,10 Nov 2024,,Raast IBFT to IQRA PARVEEN,1577.3,5861.11,344829.79
12 Nov 2024,12 Nov 2024,433200,Raast IBFT to IQRA PARVEEN,8213.82,19028.39,280632.29
19 Dec 2024,19 Dec 2024,,Raast IBFT to OMAR ZAMAN,4451.12,5190.3,333125.51
26 Nov 2024,26 Nov 2024,896256,INET Inter Bank Fund Transfer Charges,1268.07,16350.85,247067.36
12 Nov 2024,12 Nov 2024,608141,Raast IBFT to OMAR ZAMAN,22439.6,9375.83,155766.06
20 Jan 2025,20 Jan 2025,,INET Inter Bank Fund Transfer Charges,20122.47,18486.58,406162.02
31 Jan 2025,31 Jan 2025,,Raast IBFT to OMAR ZAMAN,14332.43,3717.84,101043.16
02 Dec 2024,02 Dec 2024,592898,Mobile App MARYAM BEGUM,5388.84,2006.66,467510.11
07 Nov 2024,07 Nov 2024,,Mobile App MARYAM BEGUM,9704.48,19822.43,435500.56
25 Dec 2024,25 Dec 2024,663487,Raast IBFT to OMAR ZAMAN,5463.78,14587.38,110275.94
06 Nov 2024,06 Nov 2024,958461,Raast IBFT to IQRA PARVEEN,14923.73,7085.05,78282.82
07 Feb 2025,07 Feb 2025,,Mobile App MARYAM BEGUM,20895.93,13968.49,489563.38
05 Dec 2024,05 Dec 2024,038811,Mobile App MARYAM BEGUM,12925.16,7487.37,378125.95
08 Feb 2025,08 Feb 2025,,Raast IBFT to IQRA PARVEEN,22189.23,15532.94,431922.02
10 Jan 2025,10 Jan 2025,442310,Raast IBFT to IQRA PARVEEN,19036.53,14240.28,129042.32
28 Nov 2024,28 Nov 2024,,Mobile App MARYAM BEGUM,5841.27,20300.48,108791.33
22 Nov 2024,22 Nov 2024,,INET Inter Bank Fund Transfer Charges,5255.11,17132.07,172169.06
17 Nov 2024,17 Nov 2024,,Raast IBFT to OMAR ZAMAN,3477.72,5963.97,131577.82
21 Nov 2024,21 Nov 2024,,INET Inter Bank Fund Transfer Charges,12617.04,11323.68,186591.84
02 Jan 2025,02 Jan 2025,,Raast IBFT to IQRA PARVEEN,21627.29,785.8,148122.85
28 Nov 2024,28 Nov 2024,086588,Raast IBFT to OMAR ZAMAN,5074.09,4000.8,116142.71
09 Jan 2025,09 Jan 2025,324298,Raast IBFT to IQRA PARVEEN,18962.57,10018.23,90286.44
11 Dec 2024,11 Dec 2024,654109,INET Inter Bank Fund Transfer Charges,8223.96,8490.23,101477.29
13 Jan 2025,13 Jan 2025,,Mobile App MARYAM BEGUM,6281.68,21164.19,196367.29
15 Nov 2024,15 Nov 2024,298671,INET Inter Bank Fund Transfer Charges,6190.52,7824.83,155022.66
28 Jan 2025,28 Jan 2025,478901,Raast IBFT to OMAR ZAMAN,5568.33,17645.21,370315.47
16 Dec 2024,16 Dec 2024,146381,Raast IBFT to OMAR ZAMAN,10679.87,6077.13,256369.92
16 Nov 2024,16 Nov 2024,469786,Mobile App MARYAM BEGUM,5967.03,15637.11,185816.24
26 Dec 2024,26 Dec 2024,,Mobile App MARYAM BEGUM,5913.28,12171.78,27786.48
07 Feb 2025,07 Feb 2025,136337,Mobile App MARYAM BEGUM,4488.52,2064.41,145541.85
15 Jan 2025,15 Jan 2025,,INET Inter Bank Fund Transfer Charges,4035.84,16801.04,328379.6
06 Nov 2024,06 Nov 2024,026660,Raast IBFT to IQRA PARVEEN,22675.34,9561.8,162456.59
12 Jan 2025,12 Jan 2025,,Raast IBFT to IQRA PARVEEN,1119.02,13115.08,224995.98
06 Feb 2025,06 Feb 2025,,Raast IBFT to IQRA PARVEEN,14986.34,23237.98,96040.83
02 Dec 2024,02 Dec 2024,899154,Raast IBFT to IQRA PARVEEN,24642.2,10343.48,477132.66
08 Dec 2024,08 Dec 2024,,Raast IBFT to IQRA PARVEEN,17824.87,1909.13,348508.31
01 Feb 2025,01 Feb 2025,173063,Mobile App MARYAM BEGUM,9457.92,13997.86,304331.91
16 Nov 2024,16 Nov 2024,,Raast IBFT to IQRA PARVEEN,18198.57,8585.16,397155.61
15 Dec 2024,15 Dec 2024,212808,INET Inter Bank Fund Transfer Charges,10657.02,23311.11,92170.67
15 Dec 2024,15 Dec 2024,622332,Raast IBFT to OMAR ZAMAN,7692.55,9520.11,359832.39
27 Nov 2024,27 Nov 2024,,Raast IBFT to OMAR ZAMAN,14511.76,24107.16,90178.22
03 Feb 2025,03 Feb 2025,,Mobile App MARYAM BEGUM,14521.06,16235.98,235734.37
02 Feb 2025,02 Feb 2025,,Raast IBFT to IQRA PARVEEN,21628.35,23764.06,47542.41
17 Jan 2025,17 Jan 2025,790356,Raast IBFT to OMAR ZAMAN,6640.62,6784.62,39956.89
19 Nov 2024,19 Nov 2024,728793,Mobile App MARYAM BEGUM,16245.12,16215.04,441679.32
11 Jan 2025,11 Jan 2025,,INET Inter Bank Fund Transfer Charges,3162.61,9711.21,419395.56
08 Jan 2025,08 Jan 2025,,Mobile App MARYAM BEGUM,9507.69,888.41,404077.2
24 Dec 2024,24 Dec 2024,403271,INET Inter Bank Fund Transfer Charges,20824.96,23681.76,376891.46
14 Nov 2024,14 Nov 2024,690975,INET Inter Bank Fund Transfer Charges,11942.32,7309.92,33408.7
04 Feb 2025,04 Feb 2025,,Raast IBFT to OMAR ZAMAN,9132.03,12260.99,81367.47
20 Nov 2024,20 Nov 2024,720319,INET Inter Bank Fund Transfer Charges,23848.52,11344.07,285462.47
05 Jan 2025,05 Jan 2025,,INET Inter Bank Fund Transfer Charges,5259.25,4545.36,250068.62
02 Feb 2025,02 Feb 2025,,INET Inter Bank Fund Transfer Charges,7449.65,24938.02,266179.62
29 Jan 2025,29 Jan 2025,,Mobile App MARYAM BEGUM,19102.29,19976.91,187101.37
22 Nov 2024,22 Nov 2024,338984,INET Inter Bank Fund Transfer Charges,6862.88,3380.33,341850.3
03 Nov 2024,03 Nov 2024,729493,Raast IBFT to OMAR ZAMAN,23086.04,2849.2,69274.83
30 Nov 2024,30 Nov 2024,,Mobile App MARYAM BEGUM,4744.09,3417.14,361214.71
12 Jan 2025,12 Jan 2025,538718,INET Inter Bank Fund Transfer Charges,21126.97,16745.93,406744.88
21 Dec 2024,21 Dec 2024,,Raast IBFT to IQRA PARVEEN,9836.61,5223.11,363314.09
06 Nov 2024,06 Nov 2024,,Raast IBFT to OMAR ZAMAN,7930.79,9539.63,178972.98
06 Dec 2024,06 Dec 2024,,Raast IBFT to IQRA PARVEEN,7066.28,15764.37,422468.81
29 Dec 2024,29 Dec 2024,,Raast IBFT to OMAR ZAMAN,9749.99,22578.92,433315.53
23 Jan 2025,23 Jan 2025,123921,Raast IBFT to OMAR ZAMAN,24190.9,17904.92,358763.28
16 Nov 2024,16 Nov 2024,,Mobile App MARYAM BEGUM,22416.38,10469.49,255040.22
10 Jan 2025,10 Jan 2025,,Mobile App MARYAM BEGUM,2698.24,13897.92,301877.24
20 Jan 2025,20 Jan 2025,952139,Mobile App MARYAM BEGUM,15893.28,17642.32,499043.48
18 Nov 2024,18 Nov 2024,,Raast IBFT to IQRA PARVEEN,1230.62,16204.38,289743.05
22 Jan 2025,22 Jan 2025,619860,Raast IBFT to OMAR ZAMAN,9490.87,2468.6,171629.35
03 Feb 2025,03 Feb 2025,,INET Inter Bank Fund Transfer Charges,6942.77,22183.01,54293.03
09 Feb 2025,09 Feb 2025,953186,Raast IBFT to IQRA PARVEEN,6368.69,267.04,448744.03
14 Jan 2025,14 Jan 2025,384048,Mobile App MARYAM BEGUM,9444.26,13232.01,38551.92
30 Nov 2024,30 Nov 2024,424088,INET Inter Bank Fund Transfer Charges,10198.38,19736.43,102191.65
09 Dec 2024,09 Dec 2024,,Raast IBFT to IQRA PARVEEN,4851.67,9226.47,68432.91
11 Nov 2024,11 Nov 2024,776016,Mobile App MARYAM BEGUM,12864.0,1414.02,167504.63
24 Jan 2025,24 Jan 2025,840252,INET Inter Bank Fund Transfer Charges,11291.31,11714.94,168149.67
19 Dec 2024,19 Dec 2024,180219,Raast IBFT to IQRA PARVEEN,11491.51,12380.65,113251.48
21 Nov 2024,21 Nov 2024,618527,Mobile App MARYAM BEGUM,5055.11,13609.96,69612.18
02 Feb 2025,02 Feb 2025,,INET Inter Bank Fund Transfer Charges,1988.44,9036.05,489715.64
30 Dec 2024,30 Dec 2024,909921,Raast IBFT to IQRA PARVEEN,1823.03,8833.23,172847.51
01 Jan 2025,01 Jan 2025,725227,Raast IBFT to OMAR ZAMAN,8972.74,11122.73,236039.18
12 Nov 2024,12 Nov 2024,,Raast IBFT to IQRA PARVEEN,22560.6,8447.21,72850.9
29 Dec 2024,29 Dec 2024,144987,Mobile App MARYAM BEGUM,4213.89,1595.52,97527.8
20 Dec 2024,20 Dec 2024,315635,INET Inter Bank Fund Transfer Charges,7625.22,16650.77,334451.02
01 Feb 2025,01 Feb 2025,,Mobile App MARYAM BEGUM,22663.67,7813.67,174603.78
05 Feb 2025,05 Feb 2025,519125,INET Inter Bank Fund Transfer Charges,15047.74,14426.03,377706.78
30 Jan 2025,30 Jan 2025,,INET Inter Bank Fund Transfer Charges,4472.45,17007.52,218547.56
18 Dec 2024,18 Dec 2024,,INET Inter Bank Fund Transfer Charges,8923.79,216.94,184506.38
07 Jan 2025,07 Jan 2025,,Mobile App MARYAM BEGUM,5586.5,2591.03,291057.29
22 Jan 2025,22 Jan 2025,298726,Mobile App MARYAM BEGUM,14999.66,13388.51,141844.64
29 Jan 2025,29 Jan 2025,,Raast IBFT to OMAR ZAMAN,11788.32,18466.17,300604.58
04 Nov 2024,04 Nov 2024,006173,Raast IBFT to IQRA PARVEEN,6528.91,24562.94,188603.3
08 Nov 2024,08 Nov 2024,,Raast IBFT to OMAR ZAMAN,22569.95,23792.29,292425.0
17 Dec 2024,17 Dec 2024,,Raast IBFT to IQRA PARVEEN,4855.77,17387.83,449534.73
03 Nov 2024,03 Nov 2024,814398,INET Inter Bank Fund Transfer Charges,20738.69,9513.25,434005.24
16 Nov 2024,16 Nov 2024,,INET Inter Bank Fund Transfer Charges,6995.31,914.61,381685.74
25 Jan 2025,25 Jan 2025,,Raast IBFT to OMAR ZAMAN,7300.46,18707.17,275208.39
05 Jan 2025,05 Jan 2025,,Mobile App MARYAM BEGUM,10823.83,4854.53,271173.52
29 Jan 2025,29 Jan 2025,,Raast IBFT to IQRA PARVEEN,12461.36,21674.31,270967.88
30 Jan 2025,30 Jan 2025,,Raast IBFT to OMAR ZAMAN,17736.4,3424.16,79448.22
28 Nov 2024,28 Nov 2024,432580,INET Inter Bank Fund Transfer Charges,17352.11,20649.13,91778.09
03 Jan 2025,03 Jan 2025,,Raast IBFT to IQRA PARVEEN,10538.06,12722.39,339326.96
01 Dec 2024,01 Dec 2024,002399,Mobile App MARYAM BEGUM,18765.13,2535.24,232006.69
12 Nov 2024,12 Nov 2024,640206,INET Inter Bank Fund Transfer Charges,9993.72,4492.45,262445.08
21 Jan 2025,21 Jan 2025,,Mobile App MARYAM BEGUM,16370.24,9324.92,158102.68
06 Dec 2024,06 Dec 2024,,INET Inter Bank Fund Transfer Charges,23555.92,2970.93,496974.42
25 Dec 2024,25 Dec 2024,,Mobile App MARYAM BEGUM,12227.86,23480.77,406548.83
08 Jan 2025,08 Jan 2025,,INET Inter Bank Fund Transfer Charges,9820.27,10323.23,371210.66
29 Jan 2025,29 Jan 2025,,INET Inter Bank Fund Transfer Charges,22548.2,5410.69,438216.24
05 Dec 2024,05 Dec 2024,,INET Inter Bank Fund Transfer Charges,17703.09,12734.61,332128.57
26 Jan 2025,26 Jan 2025,709877,Raast IBFT to IQRA PARVEEN,11276.82,3297.17,57190.88
19 Jan 2025,19 Jan 2025,174256,Mobile App MARYAM BEGUM,19220.41,4712.93,237395.26
05 Feb 2025,05 Feb 2025,,Raast IBFT to IQRA PARVEEN,13664.55,16810.83,29891.24
21 Nov 2024,21 Nov 2024,169579,Mobile App MARYAM BEGUM,15128.28,9814.64,439555.27
08 Nov 2024,08 Nov 2024,874020,Raast IBFT to IQRA PARVEEN,9482.99,15078.57,346940.2
17 Nov 2024,17 Nov 2024,,Raast IBFT to OMAR ZAMAN,20189.66,7637.31,80233.62
13 Nov 2024,13 Nov 2024,,Mobile App MARYAM BEGUM,17416.27,15987.06,461690.5
05 Nov 2024,05 Nov 2024,181692,Raast IBFT to OMAR ZAMAN,8830.98,13551.97,334966.83
05 Nov 2024,05 Nov 2024,,Raast IBFT to IQRA PARVEEN,20902.01,19596.93,139695.84
05 Feb 2025,05 Feb 2025,,Raast IBFT to IQRA PARVEEN,5579.59,3339.19,384069.63
09 Nov 2024,09 Nov 2024,,INET Inter Bank Fund Transfer Charges,7518.47,9454.35,475791.4
30 Jan 2025,30 Jan 2025,,Raast IBFT to IQRA PARVEEN,7073.64,16252.56,133424.67
13 Dec 2024,13 Dec 2024,,Mobile App MARYAM BEGUM,9520.2,4759.63,296865.57
06 Feb 2025,06 Feb 2025,,Mobile App MARYAM BEGUM,8073.91,22605.61,206384.86
22 Dec 2024,22 Dec 2024,850065,Mobile App MARYAM BEGUM,1044.1,13346.12,183556.73
26 Dec 2024,26 Dec 2024,692236,Mobile App MARYAM BEGUM,10976.75,19423.87,445661.86
30 Jan 2025,30 Jan 2025,166244,Raast IBFT to IQRA PARVEEN,9770.4,8003.02,62942.25
21 Jan 2025,21 Jan 2025,,Raast IBFT to OMAR ZAMAN,23797.55,432.76,80941.58
22 Nov 2024,22 Nov 2024,,Raast IBFT to OMAR ZAMAN,24845.29,14921.69,449992.9
01 Nov 2024,01 Nov 2024,,Raast IBFT to IQRA PARVEEN,16586.83,6271.79,376668.52
02 Jan 2025,02 Jan 2025,,Raast IBFT to OMAR ZAMAN,11293.78,23980.19,368299.99
01 Nov 2024,01 Nov 2024,749247,INET Inter Bank Fund Transfer Charges,14474.92,10144.06,80934.15
01 Nov 2024,01 Nov 2024,,Raast IBFT to OMAR ZAMAN,5925.66,14314.61,82734.09
31 Jan 2025,31 Jan 2025,708225,Mobile App MARYAM BEGUM,11617.45,1868.1,484284.16
01 Feb 2025,01 Feb 2025,,Mobile App MARYAM BEGUM,24123.06,7598.58,224927.34
08 Jan 2025,08 Jan 2025,,INET Inter Bank Fund Transfer Charges,11743.52,3837.17,214139.88
27 Nov 2024,27 Nov 2024,,Raast IBFT to OMAR ZAMAN,4191.26,19843.0,88980.48
23 Nov 2024,23 Nov 2024,371807,Mobile App MARYAM BEGUM,1275.12,23377.25,270754.91
25 Jan 2025,25 Jan 2025,387157,Raast IBFT to IQRA PARVEEN,22907.31,21690.45,426577.08
23 Jan 2025,23 Jan 2025,211903,Raast IBFT to OMAR ZAMAN,9968.78,6367.56,158757.94
08 Feb 2025,08 Feb 2025,352021,Raast IBFT to OMAR ZAMAN,15964.14,8361.34,66795.21
26 Jan 2025,26 Jan 2025,,Mobile App MARYAM BEGUM,14388.71,7941.55,95708.94
03 Jan 2025,03 Jan 2025,,Raast IBFT to IQRA PARVEEN,13124.98,24754.89,240173.04
04 Feb 2025,04 Feb 2025,335836,INET Inter Bank Fund Transfer Charges,9116.54,24270.19,120550.91
04 Nov 2024,04 Nov 2024,,Raast IBFT to IQRA PARVEEN,4205.35,2232.04,442748.82
28 Jan 2025,28 Jan 2025,300424,Raast IBFT to OMAR ZAMAN,21139.3,7395.98,469700.29
12 Nov 2024,12 Nov 2024,414701,Raast IBFT to OMAR ZAMAN,10642.51,9088.29,316299.32
11 Nov 2024,11 Nov 2024,,Raast IBFT to OMAR ZAMAN,23878.0,22516.49,182277.49
23 Jan 2025,23 Jan 2025,,Mobile App MARYAM BEGUM,9985.3,10358.87,142810.05
21 Dec 2024,21 Dec 2024,959137,Mobile App MARYAM BEGUM,13945.43,20289.09,219754.73
10 Dec 2024,10 Dec 2024,,Raast IBFT to OMAR ZAMAN,17697.54,19311.08,356102.36
25 Nov 2024,25 Nov 2024,,Mobile App MARYAM BEGUM,17046.61,2599.03,293237.12
15 Nov 2024,15 Nov 2024,,Mobile App MARYAM BEGUM,16715.49,22354.47,317584.73
16 Dec 2024,16 Dec 2024,,Mobile App MARYAM BEGUM,24825.03,13934.12,352378.52
14 Nov 2024,14 Nov 2024,055589,Mobile App MARYAM BEGUM,22162.58,18366.53,34309.98
03 Nov 2024,03 Nov 2024,,INET Inter Bank Fund Transfer Charges,20565.88,3952.18,369146.34
28 Jan 2025,28 Jan 2025,439032,Raast IBFT to OMAR ZAMAN,11373.89,23764.87,210856.51
24 Dec 2024,24 Dec 2024,071210,Raast IBFT to OMAR ZAMAN,2052.64,5896.4,220937.63
10 Nov 2024,10 Nov 2024,829864,Raast IBFT to IQRA PARVEEN,3922.19,29.76,441048.29
03 Dec 2024,03 Dec 2024,,Mobile App MARYAM BEGUM,14808.16,11270.05,58035.83
25 Nov 2024,25 Nov 2024,415236,Raast IBFT to OMAR ZAMAN,18507.39,9292.51,229126.23
15 Dec 2024,15 Dec 2024,,Mobile App MARYAM BEGUM,14001.35,16747.96,326377.12
20 Dec 2024,20 Dec 2024,,INET Inter Bank Fund Transfer Charges,7916.78,9394.35,256290.03
06 Jan 2025,06 Jan 2025,075195,INET Inter Bank Fund Transfer Charges,5975.01,7647.45,68428.79
25 Nov 2024,25 Nov 2024,806338,Raast IBFT to OMAR ZAMAN,4514.9,24287.64,209447.23
23 Jan 2025,23 Jan 2025,714352,Mobile App MARYAM BEGUM,7547.54,7116.29,440129.79
25 Dec 2024,25 Dec 2024,853320,Raast IBFT to IQRA PARVEEN,4212.57,1299.64,72034.59
10 Jan 2025,10 Jan 2025,786282,INET Inter Bank Fund Transfer Charges,18477.72,23347.31,368287.11
11 Nov 2024,11 Nov 2024,731994,Mobile App MARYAM BEGUM,22316.45,9782.67,200941.49
30 Jan 2025,30 Jan 2025,790985,Mobile App MARYAM BEGUM,9292.72,237.39,435421.45
25 Dec 2024,25 Dec 2024,019734,INET Inter Bank Fund Transfer Charges,15209.43,19973.18,388601.51
01 Jan 2025,01 Jan 2025,948111,Raast IBFT to OMAR ZAMAN,12603.6,6979.02,334236.05
23 Dec 2024,23 Dec 2024,,Mobile App MARYAM BEGUM,16452.32,5562.62,144676.53
21 Dec 2024,21 Dec 2024,,Raast IBFT to OMAR ZAMAN,23744.55,7146.79,365138.48
08 Dec 2024,08 Dec 2024,,Raast IBFT to OMAR ZAMAN,6579.41,553.07,60513.29
13 Jan 2025,13 Jan 2025,735891,INET Inter Bank Fund Transfer Charges,9083.5,18170.62,48434.16
05 Nov 2024,05 Nov 2024,198921,Raast IBFT to OMAR ZAMAN,19867.68,2743.69,437212.42
14 Jan 2025,14 Jan 2025,181487,Raast IBFT to OMAR ZAMAN,17402.79,21847.72,355548.04
22 Dec 2024,22 Dec 2024,,Raast IBFT to OMAR ZAMAN,21754.67,24111.82,473827.08
01 Jan 2025,01 Jan 2025,,INET Inter Bank Fund Transfer Charges,1885.05,23097.85,192607.75
17 Dec 2024,17 Dec 2024,240295,Raast IBFT to IQRA PARVEEN,23261.32,10927.8,421031.54
22 Jan 2025,22 Jan 2025,929407,Mobile App MARYAM BEGUM,2954.44,19868.68,435495.52
25 Dec 2024,25 Dec 2024,496974,Raast IBFT to OMAR ZAMAN,18106.1,5186.49,226531.78
06 Feb 2025,06 Feb 2025,,Raast IBFT to IQRA PARVEEN,10854.02,10954.9,42744.61
08 Jan 2025,08 Jan 2025,,Raast IBFT to OMAR ZAMAN,18027.3,24079.67,68331.45
30 Nov 2024,30 Nov 2024,078345,INET Inter Bank Fund Transfer Charges,1216.71,15025.89,88838.6
07 Feb 2025,07 Feb 2025,,Mobile App MARYAM BEGUM,22502.87,19939.14,413801.93
08 Jan 2025,08 Jan 2025,175150,Raast IBFT to IQRA PARVEEN,3768.62,10975.08,105130.45
06 Nov 2024,06 Nov 2024,,Raast IBFT to IQRA PARVEEN,8625.43,8900.7,214060.79
19 Jan 2025,19 Jan 2025,768759,Raast IBFT to OMAR ZAMAN,6888.44,1003.85,371116.41
05 Jan 2025,05 Jan 2025,047499,Mobile App MARYAM BEGUM,22630.67,11051.06,391577.14
04 Nov 2024,04 Nov 2024,268419,Mobile App MARYAM BEGUM,11162.76,12401.78,485118.59
24 Jan 2025,24 Jan 2025,115978,Raast IBFT to OMAR ZAMAN,14222.11,11873.97,95167.84
02 Jan 2025,02 Jan 2025,599587,INET Inter Bank Fund Transfer Charges,24739.29,22968.25,44883.37
14 Nov 2024,14 Nov 2024,034096,Mobile App MARYAM BEGUM,24965.9,17976.85,349034.69
09 Feb 2025,09 Feb 2025,,Raast IBFT to OMAR ZAMAN,13036.71,17397.06,429928.31
20 Nov 2024,20 Nov 2024,801879,INET Inter Bank Fund Transfer Charges,8476.87,24044.79,226008.74
12 Dec 2024,12 Dec 2024,,Raast IBFT to OMAR ZAMAN,8884.61,11881.89,279824.04
06 Jan 2025,06 Jan 2025,596856,Raast IBFT to IQRA PARVEEN,11733.01,16850.95,116827.4
23 Dec 2024,23 Dec 2024,,Raast IBFT to OMAR ZAMAN,3843.13,3707.51,384871.3
01 Jan 2025,01 Jan 2025,655579,INET Inter Bank Fund Transfer Charges,2567.96,8416.95,202470.85
09 Nov 2024,09 Nov 2024,,Mobile App MARYAM BEGUM,3960.49,24881.73,202690.81
16 Dec 2024,16 Dec 2024,,Mobile App MARYAM BEGUM,14639.82,8715.06,282463.37
08 Feb 2025,08 Feb 2025,,Raast IBFT to OMAR ZAMAN,16186.69,12633.17,321295.65
17 Dec 2024,17 Dec 2024,577722,Raast IBFT to OMAR ZAMAN,24202.5,23945.6,344266.41
29 Dec 2024,29 Dec 2024,290329,Mobile App MARYAM BEGUM,3874.44,24538.24,149312.44
15 Dec 2024,15 Dec 2024,908536,Raast IBFT to OMAR ZAMAN,7670.24,14964.03,361466.5
06 Jan 2025,06 Jan 2025,,Raast IBFT to OMAR ZAMAN,9674.35,20580.01,37462.04
24 Nov 2024,24 Nov 2024,591391,Mobile App MARYAM BEGUM,12780.74,2232.95,42367.64
02 Nov 2024,02 Nov 2024,565129,Raast IBFT to OMAR ZAMAN,20331.85,381.78,468777.16
16 Dec 2024,16 Dec 2024,,INET Inter Bank Fund Transfer Charges,11372.78,20991.74,11684.02
22 Jan 2025,22 Jan 2025,801860,Raast IBFT to OMAR ZAMAN,8087.9,11063.91,355613.37
04 Nov 2024,04 Nov 2024,,INET Inter Bank Fund Transfer Charges,15438.41,10310.45,439491.83
11 Dec 2024,11 Dec 2024,,Raast IBFT to OMAR ZAMAN,24169.08,6192.71,366116.72
04 Feb 2025,04 Feb 2025,,Raast IBFT to OMAR ZAMAN,7233.5,14252.22,427277.96
22 Dec 2024,22 Dec 2024,,INET Inter Bank Fund Transfer Charges,22208.06,5235.48,120024.3
27 Nov 2024,27 Nov 2024,,Raast IBFT to OMAR ZAMAN,11648.33,23237.29,287152.93
28 Nov 2024,28 Nov 2024,,Raast IBFT to OMAR ZAMAN,20042.55,8861.68,410848.89
28 Dec 2024,28 Dec 2024,,Mobile App MARYAM BEGUM,8831.97,17873.46,451854.87
20 Dec 2024,20 Dec 2024,,Mobile App MARYAM BEGUM,8870.88,2762.61,296684.48
07 Jan 2025,07 Jan 2025,,Mobile App MARYAM BEGUM,5003.37,2997.8,463342.59
30 Nov 2024,30 Nov 2024,,Raast IBFT to OMAR ZAMAN,22111.55,18052.3,267158.03
25 Dec 2024,25 Dec 2024,903315,Raast IBFT to IQRA PARVEEN,11417.1,1961.0,389537.27
13 Nov 2024,13 Nov 2024,166640,Raast IBFT to IQRA PARVEEN,7299.14,17432.85,118552.33
30 Dec 2024,30 Dec 2024,164826,INET Inter Bank Fund Transfer Charges,4540.15,2983.87,318498.16
08 Feb 2025,08 Feb 2025,634573,Raast IBFT to IQRA PARVEEN,6172.39,22147.02,276073.29
15 Dec 2024,15 Dec 2024,284192,Raast IBFT to OMAR ZAMAN,19165.88,5985.68,472215.88
10 Nov 2024,10 Nov 2024,,Raast IBFT to IQRA PARVEEN,3082.69,1029.53,479177.34
23 Dec 2024,23 Dec 2024,,Mobile App MARYAM BEGUM,13284.65,17627.06,223185.61
29 Dec 2024,29 Dec 2024,,Raast IBFT to IQRA PARVEEN,10139.97,2911.01,71419.96
17 Dec 2024,17 Dec 2024,992421,Raast IBFT to IQRA PARVEEN,1620.19,23148.88,320453.36
02 Dec 2024,02 Dec 2024,467264,Raast IBFT to IQRA PARVEEN,11628.02,3030.6,333699.47
23 Nov 2024,23 Nov 2024,,Raast IBFT to IQRA PARVEEN,15096.96,19784.81,178568.52
29 Dec 2024,29 Dec 2024,,INET Inter Bank Fund Transfer Charges,9215.95,13560.73,484956.77
11 Dec 2024,11 Dec 2024,499828,INET Inter Bank Fund Transfer Charges,12265.02,13472.95,304330.27
11 Jan 2025,11 Jan 2025,222007,Raast IBFT to OMAR ZAMAN,19314.57,4302.19,126638.79
17 Jan 2025,17 Jan 2025,,Raast IBFT to OMAR ZAMAN,23015.92,3179.36,182910.67
31 Jan 2025,31 Jan 2025,768805,Raast IBFT to OMAR ZAMAN,15220.27,24223.19,253780.32
19 Dec 2024,19 Dec 2024,,Mobile App MARYAM BEGUM,18147.39,965.1,284623.92
23 Dec 2024,23 Dec 2024,,Mobile App MARYAM BEGUM,8117.0,21735.04,475155.41
04 Nov 2024,04 Nov 2024,,Raast IBFT to OMAR ZAMAN,23442.92,22493.01,120536.15
22 Jan 2025,22 Jan 2025,,Raast IBFT to IQRA PARVEEN,7953.73,15336.2,347502.39
15 Dec 2024,15 Dec 2024,,Raast IBFT to IQRA PARVEEN,8815.78,15402.0,258902.8
13 Jan 2025,13 Jan 2025,,Raast IBFT to OMAR ZAMAN,6423.66,16749.55,435360.54
20 Nov 2024,20 Nov 2024,972123,Mobile App MARYAM BEGUM,18715.48,11188.3,301286.7
11 Jan 2025,11 Jan 2025,075923,Raast IBFT to IQRA PARVEEN,10274.67,14958.41,479842.07
10 Nov 2024,10 Nov 2024,457686,Raast IBFT to OMAR ZAMAN,12055.82,7117.54,60201.78
11 Dec 2024,11 Dec 2024,,Mobile App MARYAM BEGUM,7028.18,21004.44,217826.68
12 Jan 2025,12 Jan 2025,506620,INET Inter Bank Fund Transfer Charges,20845.54,20157.12,23354.85
02 Feb 2025,02 Feb 2025,875724,Mobile App MARYAM BEGUM,10369.78,5656.79,365798.33
01 Dec 2024,01 Dec 2024,,INET Inter Bank Fund Transfer Charges,22890.24,6032.25,279473.14
09 Nov 2024,09 Nov 2024,,Raast IBFT to IQRA PARVEEN,2481.53,10258.59,450574.28
13 Nov 2024,13 Nov 2024,,Raast IBFT to IQRA PARVEEN,18035.0,21250.28,357076.51
22 Jan 2025,22 Jan 2025,730541,Raast IBFT to IQRA PARVEEN,22816.08,1513.23,249964.05
08 Jan 2025,08 Jan 2025,,Mobile App MARYAM BEGUM,6756.4,7741.41,23670.38
16 Dec 2024,16 Dec 2024,024551,Raast IBFT to OMAR ZAMAN,19134.17,2026.85,343638.47
07 Jan 2025,07 Jan 2025,037219,Raast IBFT to OMAR ZAMAN,7422.17,5162.8,363376.21
22 Jan 2025,22 Jan 2025,141351,Raast IBFT to IQRA PARVEEN,10169.57,12166.72,284176.33
04 Jan 2025,04 Jan 2025,,INET Inter Bank Fund Transfer Charges,9784.21,23895.79,165656.71
02 Feb 2025,02 Feb 2025,,INET Inter Bank Fund Transfer Charges,19963.03,9316.73,132896.54
10 Jan 2025,10 Jan 2025,,Mobile App MARYAM BEGUM,20923.61,9083.75,429073.69
04 Feb 2025,04 Feb 2025,,Raast IBFT to OMAR ZAMAN,20896.86,411.01,292521.26
15 Jan 2025,15 Jan 2025,,Raast IBFT to OMAR ZAMAN,23762.12,4593.42,458260.72
01 Jan 2025,01 Jan 2025,531836,Raast IBFT to OMAR ZAMAN,23027.42,14953.4,320924.15
07 Dec 2024,07 Dec 2024,,Mobile App MARYAM BEGUM,24943.0,20548.32,117333.68
22 Nov 2024,22 Nov 2024,051463,INET Inter Bank Fund Transfer Charges,2944.33,22804.41,455413.29
08 Feb 2025,08 Feb 2025,,INET Inter Bank Fund Transfer Charges,6911.69,16543.55,118436.43
29 Nov 2024,29 Nov 2024,,Raast IBFT to OMAR ZAMAN,8601.09,3773.56,123825.99
14 Dec 2024,14 Dec 2024,,INET Inter Bank Fund Transfer Charges,20255.49,1267.75,158171.18
26 Jan 2025,26 Jan 2025,318090,INET Inter Bank Fund Transfer Charges,24078.02,6441.51,77749.53
27 Dec 2024,27 Dec 2024,364723,Raast IBFT to OMAR ZAMAN,1372.35,8239.76,53691.53
09 Nov 2024,09 Nov 2024,174664,Mobile App MARYAM BEGUM,14558.84,14390.9,438735.05
07 Feb 2025,07 Feb 2025,269257,INET Inter Bank Fund Transfer Charges,3194.85,4096.22,457297.31
22 Dec 2024,22 Dec 2024,,Raast IBFT to IQRA PARVEEN,1104.27,15430.39,361764.91
11 Dec 2024,11 Dec 2024,,Mobile App MARYAM BEGUM,23717.13,15159.48,312614.38
30 Dec 2024,30 Dec 2024,318856,Mobile App MARYAM BEGUM,21099.9,16289.41,69466.62
15 Nov 2024,15 Nov 2024,,Raast IBFT to IQRA PARVEEN,24809.4,769.24,22498.95
03 Nov 2024,03 Nov 2024,,Raast IBFT to IQRA PARVEEN,6856.42,14785.08,147456.2
24 Jan 2025,24 Jan 2025,,Mobile App MARYAM BEGUM,8653.93,10462.87,144452.36
25 Jan 2025,25 Jan 2025,,INET Inter Bank Fund Transfer Charges,12636.32,23903.33,24116.98
18 Jan 2025,18 Jan 2025,,Mobile App MARYAM BEGUM,1286.93,2677.81,88774.15
05 Jan 2025,05 Jan 2025,,Raast IBFT to IQRA PARVEEN,10101.52,6828.81,493078.4
08 Nov 2024,08 Nov 2024,,INET Inter Bank Fund Transfer Charges,12916.87,1968.9,137529.34
06 Nov 2024,06 Nov 2024,707579,Raast IBFT to IQRA PARVEEN,22303.62,14496.96,386228.1
27 Nov 2024,27 Nov 2024,,Mobile App MARYAM BEGUM,15225.1,1543.41,426727.03
02 Nov 2024,02 Nov 2024,,Raast IBFT to IQRA PARVEEN,9596.77,18680.53,486322.32
02 Nov 2024,02 Nov 2024,,Mobile App MARYAM BEGUM,16558.4,2227.29,179294.03
22 Jan 2025,22 Jan 2025,,Raast IBFT to OMAR ZAMAN,17754.15,10376.86,218761.03
29 Nov 2024,29 Nov 2024,877964,Raast IBFT to IQRA PARVEEN,23816.15,15547.02,396311.09
26 Jan 2025,26 Jan 2025,,Mobile App MARYAM BEGUM,10108.17,21265.83,207725.12
27 Jan 2025,27 Jan 2025,993682,Raast IBFT to IQRA PARVEEN,12806.06,8679.09,438382.74
04 Dec 2024,04 Dec 2024,,Raast IBFT to OMAR ZAMAN,22991.23,3080.03,271431.78
31 Dec 2024,31 Dec 2024,684719,Raast IBFT to OMAR ZAMAN,5250.31,348.52,455025.97
13 Dec 2024,13 Dec 2024,,INET Inter Bank Fund Transfer Charges,12026.62,13244.13,85834.89
07 Feb 2025,07 Feb 2025,688824,INET Inter Bank Fund Transfer Charges,10371.31,2939.22,259153.74
27 Nov 2024,27 Nov 2024,,Raast IBFT to IQRA PARVEEN,5679.83,13365.04,324717.8
16 Nov 2024,16 Nov 2024,288455,INET Inter Bank Fund Transfer Charges,16056.88,4925.63,449139.97
03 Dec 2024,03 Dec 2024,927345,Raast IBFT to IQRA PARVEEN,10078.72,22077.3,352941.22
04 Nov 2024,04 Nov 2024,384126,Mobile App MARYAM BEGUM,6161.84,24932.65,419435.64
02 Jan 2025,02 Jan 2025,072080,Raast IBFT to OMAR ZAMAN,18699.6,9568.99,435748.88
30 Jan 2025,30 Jan 2025,,Raast IBFT to IQRA PARVEEN,6681.37,12802.09,409042.74
02 Dec 2024,02 Dec 2024,,Mobile App MARYAM BEGUM,1071.34,2255.25,90211.7
08 Feb 2025,08 Feb 2025,933677,Raast IBFT to IQRA PARVEEN,19126.98,8324.28,316040.28
05 Dec 2024,05 Dec 2024,761161,Raast IBFT to OMAR ZAMAN,11865.57,15563.59,181596.22
09 Jan 2025,09 Jan 2025,823629,Raast IBFT to IQRA PARVEEN,8708.36,16815.55,466858.75
18 Nov 2024,18 Nov 2024,881396,Raast IBFT to OMAR ZAMAN,2046.05,11846.34,179348.37
05 Dec 2024,05 Dec 2024,,INET Inter Bank Fund Transfer Charges,21399.74,3403.25,63488.76
03 Nov 2024,03 Nov 2024,405785,Raast IBFT to OMAR ZAMAN,19118.51,19552.6,434745.5
09 Jan 2025,09 Jan 2025,,Raast IBFT to OMAR ZAMAN,5646.85,14672.9,441768.51
01 Feb 2025,01 Feb 2025,429887,Mobile App MARYAM BEGUM,18830.68,23.8,265492.39
29 Nov 2024,29 Nov 2024,614629,Mobile App MARYAM BEGUM,13187.53,21075.65,477894.01
21 Dec 2024,21 Dec 2024,,INET Inter Bank Fund Transfer Charges,17771.79,876.26,41516.21
04 Feb 2025,04 Feb 2025,,Mobile App MARYAM BEGUM,10728.41,6303.26,109295.05
14 Dec 2024,14 Dec 2024,,INET Inter Bank Fund Transfer Charges,11624.27,15568.28,268656.49
14 Nov 2024,14 Nov 2024,,INET Inter Bank Fund Transfer Charges,6236.44,22230.46,128007.01
21 Nov 2024,21 Nov 2024,,Mobile App MARYAM BEGUM,6959.17,24721.95,335590.84
18 Dec 2024,18 Dec 2024,417587,Raast IBFT to IQRA PARVEEN,15602.08,21703.52,393268.27
02 Nov 2024,02 Nov 2024,,Mobile App MARYAM BEGUM,16943.59,21393.78,102999.75
24 Jan 2025,24 Jan 2025,130718,Mobile App MARYAM BEGUM,22231.27,18765.44,454709.65
23 Jan 2025,23 Jan 2025,,Raast IBFT to IQRA PARVEEN,14494.65,17119.56,34529.75
08 Dec 2024,08 Dec 2024,517104,Raast IBFT to OMAR ZAMAN,19965.8,22282.79,172241.3
21 Jan 2025,21 Jan 2025,171296,Raast IBFT to OMAR ZAMAN,13113.22,1575.39,53051.19
04 Feb 2025,04 Feb 2025,219070,Raast IBFT to IQRA PARVEEN,18765.43,14795.01,155045.91
04 Dec 2024,04 Dec 2024,,Raast IBFT to IQRA PARVEEN,14370.41,21487.02,281456.93
10 Jan 2025,10 Jan 2025,428673,Mobile App MARYAM BEGUM,8152.6,18621.27,295068.65
15 Nov 2024,15 Nov 2024,916169,Mobile App MARYAM BEGUM,8507.51,18997.45,499149.04
05 Feb 2025,05 Feb 2025,,INET Inter Bank Fund Transfer Charges,20819.92,9341.07,202961.91
12 Dec 2024,12 Dec 2024,526531,INET Inter Bank Fund Transfer Charges,4363.93,10535.44,436358.33
06 Feb 2025,06 Feb 2025,,Raast IBFT to OMAR ZAMAN,2445.16,5506.84,78049.61
19 Jan 2025,19 Jan 2025,,Raast IBFT to IQRA PARVEEN,17116.21,24756.49,97983.65
15 Nov 2024,15 Nov 2024,,Mobile App MARYAM BEGUM,20205.39,199.3,352912.48
18 Nov 2024,18 Nov 2024,954506,Raast IBFT to OMAR ZAMAN,13500.62,18047.12,399419.24
30 Jan 2025,30 Jan 2025,066561,Mobile App MARYAM BEGUM,21491.52,1796.93,423755.88
17 Dec 2024,17 Dec 2024,,Mobile App MARYAM BEGUM,9631.39,13753.57,478588.96
05 Dec 2024,05 Dec 2024,387116,Mobile App MARYAM BEGUM,12335.82,9926.99,203749.57
16 Dec 2024,16 Dec 2024,833191,Raast IBFT to IQRA PARVEEN,12960.86,4537.24,487763.02
22 Nov 2024,22 Nov 2024,354542,Raast IBFT to OMAR ZAMAN,8523.37,3125.0,473205.6
01 Nov 2024,01 Nov 2024,,Mobile App MARYAM BEGUM,4423.07,20121.68,289761.56
27 Nov 2024,27 Nov 2024,429036,Raast IBFT to OMAR ZAMAN,14540.5,12555.26,288148.11
03 Jan 2025,03 Jan 2025,,Raast IBFT to IQRA PARVEEN,4875.52,4506.76,125818.63
01 Dec 2024,01 Dec 2024,,Mobile App MARYAM BEGUM,22175.66,18325.19,180271.24
30 Jan 2025,30 Jan 2025,,Mobile App MARYAM BEGUM,15245.8,6358.06,46191.88
30 Nov 2024,30 Nov 2024,,Raast IBFT to IQRA PARVEEN,5314.16,9891.25,161290.26
13 Dec 2024,13 Dec 2024,,Mobile App MARYAM BEGUM,11042.55,16347.78,387346.57
01 Feb 2025,01 Feb 2025,,INET Inter Bank Fund Transfer Charges,23480.34,13255.74,202233.16
11 Jan 2025,11 Jan 2025,,Raast IBFT to IQRA PARVEEN,6046.44,778.9,490974.4
04 Feb 2025,04 Feb 2025,411114,Mobile App MARYAM BEGUM,3394.57,18284.95,88502.72
09 Jan 2025,09 Jan 2025,334285,Raast IBFT to IQRA PARVEEN,17244.48,5731.12,438470.39
14 Nov 2024,14 Nov 2024,901479,Raast IBFT to OMAR ZAMAN,4738.46,15008.5,418797.45
03 Jan 2025,03 Jan 2025,701936,INET Inter Bank Fund Transfer Charges,1472.06,18275.15,16658.76
24 Nov 2024,24 Nov 2024,,INET Inter Bank Fund Transfer Charges,19791.37,13149.42,332921.9
30 Nov 2024,30 Nov 2024,757421,Raast IBFT to IQRA PARVEEN,5993.49,3380.78,91413.69
04 Jan 2025,04 Jan 2025,838331,INET Inter Bank Fund Transfer Charges,13429.18,13342.79,439248.92
30 Dec 2024,30 Dec 2024,,Raast IBFT to OMAR ZAMAN,9231.98,23910.1,59735.23
12 Dec 2024,12 Dec 2024,287893,INET Inter Bank Fund Transfer Charges,4025.76,17597.02,93615.96
28 Nov 2024,28 Nov 2024,524059,Raast IBFT to OMAR ZAMAN,13471.57,18482.03,51423.49
11 Dec 2024,11 Dec 2024,238375,INET Inter Bank Fund Transfer Charges,11634.56,6424.28,131648.63
08 Nov 2024,08 Nov 2024,,Raast IBFT to IQRA PARVEEN,9059.45,15367.3,478668.06
24 Nov 2024,24 Nov 2024,,Raast IBFT to OMAR ZAMAN,18656.23,11458.75,390595.43
31 Dec 2024,31 Dec 2024,669405,Raast IBFT to OMAR ZAMAN,15263.53,22152.89,260603.53
15 Nov 2024,15 Nov 2024,624852,Raast IBFT to OMAR ZAMAN,4989.57,13784.8,352546.34
18 Nov 2024,18 Nov 2024,607801,INET Inter Bank Fund Transfer Charges,18220.07,11353.05,337410.26
26 Dec 2024,26 Dec 2024,,Mobile App MARYAM BEGUM,13514.52,5988.51,354300.29
10 Dec 2024,10 Dec 2024,,Raast IBFT to OMAR ZAMAN,24153.58,21404.62,261941.8
31 Dec 2024,31 Dec 2024,065120,Raast IBFT to IQRA PARVEEN,23226.43,22020.99,484647.4
13 Dec 2024,13 Dec 2024,,Mobile App MARYAM BEGUM,12151.42,1665.21,312697.86
08 Dec 2024,08 Dec 2024,026629,Raast IBFT to IQRA PARVEEN,19795.51,19248.59,405739.38
22 Dec 2024,22 Dec 2024,,Mobile App MARYAM BEGUM,11893.65,20437.11,177132.71
03 Feb 2025,03 Feb 2025,387168,Raast IBFT to IQRA PARVEEN,19506.88,11144.48,229292.5
17 Jan 2025,17 Jan 2025,,INET Inter Bank Fund Transfer Charges,9496.71,12912.93,338443.92
23 Jan 2025,23 Jan 2025,424660,Raast IBFT to OMAR ZAMAN,4381.25,22957.0,158557.22
06 Feb 2025,06 Feb 2025,971637,Raast IBFT to OMAR ZAMAN,23091.17,8182.94,486571.0
01 Feb 2025,01 Feb 2025,169151,Raast IBFT to IQRA PARVEEN,2097.47,6406.98,95943.15
06 Jan 2025,06 Jan 2025,417840,INET Inter Bank Fund Transfer Charges,16351.25,198.84,164342.04
07 Jan 2025,07 Jan 2025,,Raast IBFT to OMAR ZAMAN,10287.44,1522.1,419052.09
24 Dec 2024,24 Dec 2024,053580,Raast IBFT to IQRA PARVEEN,5923.22,7919.1,486459.4
23 Dec 2024,23 Dec 2024,079381,INET Inter Bank Fund Transfer Charges,3018.3,22841.13,27190.18
10 Nov 2024,10 Nov 2024,,Mobile App MARYAM BEGUM,16749.33,20277.93,97534.99
07 Nov 2024,07 Nov 2024,581875,Raast IBFT to OMAR ZAMAN,2779.81,22943.52,442145.37
28 Dec 2024,28 Dec 2024,,Raast IBFT to OMAR ZAMAN,14037.08,1568.32,55615.52
19 Jan 2025,19 Jan 2025,,INET Inter Bank Fund Transfer Charges,5241.3,1484.48,372317.74
14 Nov 2024,14 Nov 2024,585561,INET Inter Bank Fund Transfer Charges,6921.28,8893.25,174669.62
20 Dec 2024,20 Dec 2024,719288,Mobile App MARYAM BEGUM,21950.63,17989.76,494753.55
13 Dec 2024,13 Dec 2024,654752,Raast IBFT to OMAR ZAMAN,24115.77,5192.46,363641.41
15 Jan 2025,15 Jan 2025,,Mobile App MARYAM BEGUM,3515.07,18561.7,412021.11
22 Dec 2024,22 Dec 2024,,Raast IBFT to OMAR ZAMAN,6956.06,5573.85,320758.49
03 Feb 2025,03 Feb 2025,,INET Inter Bank Fund Transfer Charges,22368.68,228.43,359569.45
18 Nov 2024,18 Nov 2024,019870,INET Inter Bank Fund Transfer Charges,7902.52,11322.53,131762.87
23 Nov 2024,23 Nov 2024,875805,Mobile App MARYAM BEGUM,13875.07,18314.7,404507.86
21 Nov 2024,21 Nov 2024,,INET Inter Bank Fund Transfer Charges,1148.3,2947.4,261789.51
22 Dec 2024,22 Dec 2024,225557,Raast IBFT to OMAR ZAMAN,17284.88,15810.38,132537.4
02 Nov 2024,02 Nov 2024,823142,INET Inter Bank Fund Transfer Charges,10775.04,1215.21,64623.85
21 Nov 2024,21 Nov 2024,426005,Raast IBFT to IQRA PARVEEN,21865.58,18225.35,233353.97
18 Dec 2024,18 Dec 2024,,Raast IBFT to OMAR ZAMAN,1687.27,16935.06,185405.61
30 Nov 2024,30 Nov 2024,,INET Inter Bank Fund Transfer Charges,14025.82,14174.7,386320.19
12 Dec 2024,12 Dec 2024,655896,Mobile App MARYAM BEGUM,12572.33,17623.65,140503.07
30 Jan 2025,30 Jan 2025,114537,INET Inter Bank Fund Transfer Charges,14085.57,20277.3,24443.88
28 Dec 2024,28 Dec 2024,981485,Raast IBFT to OMAR ZAMAN,6633.73,8734.37,462175.13
09 Nov 2024,09 Nov 2024,,Raast IBFT to IQRA PARVEEN,13317.81,24353.78,495326.41
08 Dec 2024,08 Dec 2024,579122,Raast IBFT to IQRA PARVEEN,24461.09,8816.76,372673.2
03 Jan 2025,03 Jan 2025,932353,INET Inter Bank Fund Transfer Charges,15192.2,21419.53,118497.29
31 Jan 2025,31 Jan 2025,,INET Inter Bank Fund Transfer Charges,3774.9,722.29,403827.9
02 Nov 2024,02 Nov 2024,005789,Raast IBFT to OMAR ZAMAN,7019.22,21734.39,401263.07
06 Dec 2024,06 Dec 2024,,INET Inter Bank Fund Transfer Charges,24587.77,21321.48,487159.15
09 Jan 2025,09 Jan 2025,,Raast IBFT to OMAR ZAMAN,22648.12,24232.71,216888.81
03 Feb 2025,03 Feb 2025,798659,Mobile App MARYAM BEGUM,8107.91,19254.61,331632.41
23 Dec 2024,23 Dec 2024,643273,Mobile App MARYAM BEGUM,16774.84,13142.4,463736.74
11 Nov 2024,11 Nov 2024,677310,Mobile App MARYAM BEGUM,15074.57,16728.65,70307.8
27 Dec 2024,27 Dec 2024,,INET Inter Bank Fund Transfer Charges,4195.4,2119.46,383296.38
09 Nov 2024,09 Nov 2024,799626,Raast IBFT to IQRA PARVEEN,9219.38,21570.8,478168.4
18 Nov 2024,18 Nov 2024,,Raast IBFT to OMAR ZAMAN,19930.22,24853.27,139440.64
06 Feb 2025,06 Feb 2025,,INET Inter Bank Fund Transfer Charges,15328.48,11594.55,209805.48
19 Jan 2025,19 Jan 2025,,Raast IBFT to OMAR ZAMAN,15132.93,11193.47,63275.49
24 Jan 2025,24 Jan 2025,,Raast IBFT to IQRA PARVEEN,12487.56,20908.17,231528.15
05 Dec 2024,05 Dec 2024,,INET Inter Bank Fund Transfer Charges,2266.73,5894.55,207319.74
23 Nov 2024,23 Nov 2024,,INET Inter Bank Fund Transfer Charges,5124.57,577.37,278179.4
14 Nov 2024,14 Nov 2024,733070,Raast IBFT to IQRA PARVEEN,17848.8,23310.61,449086.17
04 Jan 2025,04 Jan 2025,,Mobile App MARYAM BEGUM,9900.81,22071.65,454000.81
06 Nov 2024,06 Nov 2024,,INET Inter Bank Fund Transfer Charges,22932.65,22390.0,413156.57
09 Feb 2025,09 Feb 2025,,Mobile App MARYAM BEGUM,20315.46,19704.74,228782.44
05 Dec 2024,05 Dec 2024,240611,INET Inter Bank Fund Transfer Charges,20936.82,21649.17,225847.64
08 Dec 2024,08 Dec 2024,775039,Raast IBFT to OMAR ZAMAN,11386.07,21561.78,318712.65
21 Dec 2024,21 Dec 2024,980755,Raast IBFT to IQRA PARVEEN,12825.01,9049.1,347855.13
06 Dec 2024,06 Dec 2024,745828,Raast IBFT to OMAR ZAMAN,2144.03,22771.21,214164.89
22 Jan 2025,22 Jan 2025,,Raast IBFT to IQRA PARVEEN,14821.65,11373.74,154323.03
12 Jan 2025,12 Jan 2025,855480,Raast IBFT to OMAR ZAMAN,4685.48,21402.34,178994.46
06 Feb 2025,06 Feb 2025,687029,Raast IBFT to IQRA PARVEEN,4393.27,7694.99,400102.49
26 Dec 2024,26 Dec 2024,099432,INET Inter Bank Fund Transfer Charges,8298.42,16759.14,292966.92
12 Nov 2024,12 Nov 2024,772953,Raast IBFT to OMAR ZAMAN,14748.13,2798.61,26058.96
15 Dec 2024,15 Dec 2024,,Raast IBFT to OMAR ZAMAN,22079.66,7697.21,461037.79
14 Nov 2024,14 Nov 2024,,Raast IBFT to IQRA PARVEEN,21020.66,12117.82,285106.03
02 Nov 2024,02 Nov 2024,728497,INET Inter Bank Fund Transfer Charges,6545.15,7051.98,38908.42
14 Dec 2024,14 Dec 2024,822267,Raast IBFT to IQRA PARVEEN,20465.03,12890.51,220534.9
01 Jan 2025,01 Jan 2025,,Raast IBFT to OMAR ZAMAN,16830.64,19495.39,409644.96
11 Dec 2024,11 Dec 2024,,Raast IBFT to IQRA PARVEEN,5469.37,16480.56,356361.79
17 Nov 2024,17 Nov 2024,,Raast IBFT to IQRA PARVEEN,5668.0,15651.34,465552.8
03 Nov 2024,03 Nov 2024,760378,Raast IBFT to IQRA PARVEEN,20859.52,21493.79,326155.0
01 Nov 2024,01 Nov 2024,,INET Inter Bank Fund Transfer Charges,18978.77,17749.28,375959.31
17 Nov 2024,17 Nov 2024,,Raast IBFT to OMAR ZAMAN,6293.37,9167.87,198926.11
18 Dec 2024,18 Dec 2024,438849,INET Inter Bank Fund Transfer Charges,12875.89,2638.91,400720.83
13 Jan 2025,13 Jan 2025,,Mobile App MARYAM BEGUM,17251.14,12483.09,479524.78
22 Jan 2025,22 Jan 2025,515939,Mobile App MARYAM BEGUM,14580.86,7469.74,349929.58
08 Jan 2025,08 Jan 2025,,Raast IBFT to OMAR ZAMAN,3729.77,11527.47,250235.05
02 Nov 2024,02 Nov 2024,,INET Inter Bank Fund Transfer Charges,17453.21,24445.93,123161.82
11 Dec 2024,11 Dec 2024,878355,INET Inter Bank Fund Transfer Charges,10034.2,7276.6,70549.53
02 Feb 2025,02 Feb 2025,,Raast IBFT to OMAR ZAMAN,11298.18,8152.86,312140.93
07 Dec 2024,07 Dec 2024,,Raast IBFT to IQRA PARVEEN,12220.54,3601.45,218199.99
09 Jan 2025,09 Jan 2025,171140,Raast IBFT to IQRA PARVEEN,1826.28,21268.18,339692.96
31 Dec 2024,31 Dec 2024,693767,Mobile App MARYAM BEGUM,15269.23,18362.95,438256.59
19 Nov 2024,19 Nov 2024,677749,Raast IBFT to OMAR ZAMAN,21332.83,8135.95,244216.78
23 Nov 2024,23 Nov 2024,100247,INET Inter Bank Fund Transfer Charges,4670.54,6363.38,209089.4
10 Dec 2024,10 Dec 2024,411480,Raast IBFT to IQRA PARVEEN,2568.3,8073.01,314699.95
19 Nov 2024,19 Nov 2024,,Mobile App MARYAM BEGUM,12327.04,24959.04,298138.46
25 Nov 2024,25 Nov 2024,,Raast IBFT to OMAR ZAMAN,18523.64,6860.73,369504.61
15 Dec 2024,15 Dec 2024,,Raast IBFT to OMAR ZAMAN,10264.02,19.83,307454.48
14 Nov 2024,14 Nov 2024,320284,INET Inter Bank Fund Transfer Charges,2283.93,10794.46,93276.9
01 Nov 2024,01 Nov 2024,061611,Raast IBFT to OMAR ZAMAN,7406.38,898.16,126660.08
25 Nov 2024,25 Nov 2024,,Mobile App MARYAM BEGUM,21689.54,23218.71,296289.55
07 Feb 2025,07 Feb 2025,947146,Mobile App MARYAM BEGUM,1069.57,18934.89,417127.39
24 Dec 2024,24 Dec 2024,,INET Inter Bank Fund Transfer Charges,11732.68,19545.75,243848.25
12 Dec 2024,12 Dec 2024,,INET Inter Bank Fund Transfer Charges,7846.03,17816.09,322716.49
04 Nov 2024,04 Nov 2024,934858,Mobile App MARYAM BEGUM,23947.3,15920.99,103326.52
24 Nov 2024,24 Nov 2024,,Raast IBFT to OMAR ZAMAN,10556.57,10559.65,424319.06
14 Nov 2024,14 Nov 2024,997299,Raast IBFT to OMAR ZAMAN,5567.15,22893.27,495274.25
17 Nov 2024,17 Nov 2024,,INET Inter Bank Fund Transfer Charges,1527.34,4159.83,241426.03
06 Jan 2025,06 Jan 2025,887706,INET Inter Bank Fund Transfer Charges,17782.71,10859.79,424095.4
10 Jan 2025,10 Jan 2025,589998,Raast IBFT to OMAR ZAMAN,16399.37,23886.19,461493.44
04 Jan 2025,04 Jan 2025,409853,INET Inter Bank Fund Transfer Charges,1626.54,13796.96,224480.36
24 Nov 2024,24 Nov 2024,,Raast IBFT to IQRA PARVEEN,19019.37,8968.94,411519.52
06 Jan 2025,06 Jan 2025,676679,Raast IBFT to OMAR ZAMAN,23240.63,24581.33,136394.76
31 Dec 2024,31 Dec 2024,815200,Raast IBFT to OMAR ZAMAN,22191.77,11884.99,180746.93
09 Feb 2025,09 Feb 2025,,Raast IBFT to OMAR ZAMAN,3851.92,6252.63,254151.86
05 Feb 2025,05 Feb 2025,,INET Inter Bank Fund Transfer Charges,20048.96,22225.26,489491.09
06 Dec 2024,06 Dec 2024,952417,INET Inter Bank Fund Transfer Charges,5825.23,16146.18,407053.6
06 Nov 2024,06 Nov 2024,,Raast IBFT to OMAR ZAMAN,2732.62,18436.46,302801.91
01 Nov 2024,01 Nov 2024,212018,Raast IBFT to IQRA PARVEEN,7908.47,14097.12,382863.15
16 Jan 2025,16 Jan 2025,,Raast IBFT to IQRA PARVEEN,18873.79,18589.39,26588.4
01 Jan 2025,01 Jan 2025,,Raast IBFT to IQRA PARVEEN,8298.13,24231.38,268274.32
08 Jan 2025,08 Jan 2025,,Raast IBFT to IQRA PARVEEN,3090.34,1540.66,213025.3
25 Nov 2024,25 Nov 2024,458715,Mobile App MARYAM BEGUM,11462.06,15924.47,445897.49
20 Nov 2024,20 Nov 2024,884584,Raast IBFT to IQRA PARVEEN,17856.19,13365.89,465245.54
01 Nov 2024,01 Nov 2024,,Raast IBFT to IQRA PARVEEN,19474.0,4039.44,458463.39
26 Nov 2024,26 Nov 2024,072607,Raast IBFT to IQRA PARVEEN,18284.81,10475.08,299455.46
23 Nov 2024,23 Nov 2024,,INET Inter Bank Fund Transfer Charges,20115.39,15464.14,280065.6
10 Dec 2024,10 Dec 2024,182601,Mobile App MARYAM BEGUM,10198.73,12335.49,137963.23
13 Jan 2025,13 Jan 2025,,INET Inter Bank Fund Transfer Charges,13593.8,16925.31,232468.88
10 Jan 2025,10 Jan 2025,,Raast IBFT to IQRA PARVEEN,20148.13,16842.89,352043.62
13 Dec 2024,13 Dec 2024,,Raast IBFT to OMAR ZAMAN,19361.46,5638.61,440278.28
08 Feb 2025,08 Feb 2025,,Raast IBFT to OMAR ZAMAN,16538.3,22182.34,454722.95
28 Jan 2025,28 Jan 2025,,Mobile App MARYAM BEGUM,4845.55,5734.89,376638.35
07 Jan 2025,07 Jan 2025,,Mobile App MARYAM BEGUM,4509.82,20908.52,338130.48
23 Jan 2025,23 Jan 2025,238461,Mobile App MARYAM BEGUM,7523.51,4841.99,392609.19
27 Nov 2024,27 Nov 2024,836063,Raast IBFT to OMAR ZAMAN,23854.24,11813.9,413580.92
05 Feb 2025,05 Feb 2025,,Raast IBFT to OMAR ZAMAN,10463.99,15963.53,362888.78
07 Nov 2024,07 Nov 2024,297531,Mobile App MARYAM BEGUM,2443.21,2741.13,489071.87
10 Nov 2024,10 Nov 2024,029031,Raast IBFT to OMAR ZAMAN,22588.38,1170.48,322221.27
07 Jan 2025,07 Jan 2025,,Raast IBFT to OMAR ZAMAN,13152.38,856.84,330441.21
13 Dec 2024,13 Dec 2024,993339,Mobile App MARYAM BEGUM,21872.86,22167.75,479257.51
23 Dec 2024,23 Dec 2024,,INET Inter Bank Fund Transfer Charges,9839.55,3158.95,338096.74
03 Jan 2025,03 Jan 2025,948533,Mobile App MARYAM BEGUM,1325.19,17027.32,221271.97
15 Jan 2025,15 Jan 2025,514290,Raast IBFT to OMAR ZAMAN,22764.14,16864.1,484153.67
08 Dec 2024,08 Dec 2024,,INET Inter Bank Fund Transfer Charges,2065.98,24894.76,339474.77
13 Jan 2025,13 Jan 2025,194179,Raast IBFT to OMAR ZAMAN,14031.31,7408.58,214808.95
07 Feb 2025,07 Feb 2025,714647,INET Inter Bank Fund Transfer Charges,23885.64,23908.85,394654.36
28 Dec 2024,28 Dec 2024,009124,Raast IBFT to OMAR ZAMAN,8955.18,24025.84,282032.63
03 Dec 2024,03 Dec 2024,635794,Mobile App MARYAM BEGUM,23539.88,18412.17,411232.41
30 Nov 2024,30 Nov 2024,,INET Inter Bank Fund Transfer Charges,5052.91,9767.36,236662.43
24 Dec 2024,24 Dec 2024,109828,Mobile App MARYAM BEGUM,21683.09,10541.09,397694.14
08 Jan 2025,08 Jan 2025,858749,Raast IBFT to OMAR ZAMAN,19355.27,22409.15,366202.09
07 Jan 2025,07 Jan 2025,,Raast IBFT to IQRA PARVEEN,1165.39,18248.67,17022.56
27 Jan 2025,27 Jan 2025,086078,Mobile App MARYAM BEGUM,17826.34,6651.52,358295.6
02 Feb 2025,02 Feb 2025,531378,Mobile App MARYAM BEGUM,20026.03,13508.46,431690.12
16 Nov 2024,16 Nov 2024,970497,INET Inter Bank Fund Transfer Charges,13018.96,19730.52,94009.29
02 Nov 2024,02 Nov 2024,,Raast IBFT to OMAR ZAMAN,7250.13,8467.38,431998.92
16 Nov 2024,16 Nov 2024,846967,INET Inter Bank Fund Transfer Charges,5577.73,7955.59,438738.21
21 Nov 2024,21 Nov 2024,827404,Mobile App MARYAM BEGUM,21713.43,2067.23,292354.15
02 Feb 2025,02 Feb 2025,,INET Inter Bank Fund Transfer Charges,24410.86,3167.96,315542.47
14 Jan 2025,14 Jan 2025,943161,Raast IBFT to IQRA PARVEEN,5806.14,3700.79,335527.18
24 Nov 2024,24 Nov 2024,185258,INET Inter Bank Fund Transfer Charges,21571.64,18755.8,81934.38
30 Dec 2024,30 Dec 2024,,INET Inter Bank Fund Transfer Charges,20009.25,10320.36,427129.63
05 Dec 2024,05 Dec 2024,,Raast IBFT to IQRA PARVEEN,16915.2,10530.5,439654.47
05 Feb 2025,05 Feb 2025,783576,INET Inter Bank Fund Transfer Charges,2722.25,8238.57,14279.7
07 Dec 2024,07 Dec 2024,,INET Inter Bank Fund Transfer Charges,14567.46,767.62,219914.54
11 Nov 2024,11 Nov 2024,910565,Mobile App MARYAM BEGUM,20840.9,20489.14,445346.7
04 Nov 2024,04 Nov 2024,992440,Raast IBFT to OMAR ZAMAN,6739.3,3286.24,491407.77
01 Feb 2025,01 Feb 2025,608351,INET Inter Bank Fund Transfer Charges,15254.54,5117.94,169041.64
20 Nov 2024,20 Nov 2024,,Raast IBFT to OMAR ZAMAN,23299.65,5437.67,193755.84
02 Nov 2024,02 Nov 2024,,INET Inter Bank Fund Transfer Charges,3106.85,1470.9,158261.97
13 Nov 2024,13 Nov 2024,,Raast IBFT to IQRA PARVEEN,17203.2,23797.94,494276.44
16 Jan 2025,16 Jan 2025,429781,Mobile App MARYAM BEGUM,21698.53,10871.51,91404.7
28 Dec 2024,28 Dec 2024,063238,Mobile App MARYAM BEGUM,22136.82,18895.83,299431.91
22 Jan 2025,22 Jan 2025,807571,Raast IBFT to IQRA PARVEEN,9705.95,18189.98,297418.42
06 Feb 2025,06 Feb 2025,705890,Raast IBFT to OMAR ZAMAN,14458.43,4455.96,433948.96
19 Jan 2025,19 Jan 2025,125755,Mobile App MARYAM BEGUM,9841.87,16040.68,284040.04
29 Jan 2025,29 Jan 2025,,INET Inter Bank Fund Transfer Charges,2644.32,11528.97,459519.83
03 Feb 2025,03 Feb 2025,353029,INET Inter Bank Fund Transfer Charges,24002.67,7445.21,176316.29
02 Dec 2024,02 Dec 2024,079076,INET Inter Bank Fund Transfer Charges,8705.05,489.61,298340.48
25 Nov 2024,25 Nov 2024,564706,Raast IBFT to OMAR ZAMAN,22280.38,24028.72,209446.62
19 Jan 2025,19 Jan 2025,706705,Raast IBFT to IQRA PARVEEN,9340.36,354.85,266687.86
25 Nov 2024,25 Nov 2024,,Mobile App MARYAM BEGUM,14302.07,7856.22,333985.49
21 Dec 2024,21 Dec 2024,303522,Mobile App MARYAM BEGUM,4537.39,5345.52,228172.47
11 Nov 2024,11 Nov 2024,,Raast IBFT to OMAR ZAMAN,19540.1,1995.24,186998.19
20 Dec 2024,20 Dec 2024,,Mobile App MARYAM BEGUM,4565.51,3651.43,172385.08
19 Jan 2025,19 Jan 2025,367138,Raast IBFT to OMAR ZAMAN,15538.49,21538.08,198638.38
03 Nov 2024,03 Nov 2024,002535,Raast IBFT to IQRA PARVEEN,13858.33,3636.29,363860.52
08 Jan 2025,08 Jan 2025,,Mobile App MARYAM BEGUM,18995.07,6234.02,305322.2
24 Nov 2024,24 Nov 2024,,Raast IBFT to OMAR ZAMAN,13096.39,18683.62,38074.39
03 Dec 2024,03 Dec 2024,463296,INET Inter Bank Fund Transfer Charges,19645.93,2669.71,253867.08
28 Dec 2024,28 Dec 2024,905938,Raast IBFT to OMAR ZAMAN,7239.05,20345.11,219462.67
14 Nov 2024,14 Nov 2024,,INET Inter Bank Fund Transfer Charges,1738.6,5746.76,383384.06
02 Jan 2025,02 Jan 2025,,Raast IBFT to IQRA PARVEEN,11540.91,1180.16,425596.3
01 Dec 2024,01 Dec 2024,178383,INET Inter Bank Fund Transfer Charges,21113.66,24781.34,371432.61
23 Nov 2024,23 Nov 2024,181568,Mobile App MARYAM BEGUM,3062.83,9490.96,199560.83
15 Nov 2024,15 Nov 2024,,Mobile App MARYAM BEGUM,13360.35,4606.22,470975.9
27 Jan 2025,27 Jan 2025,,Raast IBFT to IQRA PARVEEN,15835.7,16279.7,368989.32
15 Jan 2025,15 Jan 2025,331322,Mobile App MARYAM BEGUM,11876.71,5814.31,266024.93
20 Nov 2024,20 Nov 2024,,INET Inter Bank Fund Transfer Charges,10885.43,220.07,256084.77
06 Dec 2024,06 Dec 2024,840835,Raast IBFT to IQRA PARVEEN,9354.77,8172.13,385017.15
27 Nov 2024,27 Nov 2024,,INET Inter Bank Fund Transfer Charges,14546.94,11941.95,216417.89
09 Feb 2025,09 Feb 2025,,INET Inter Bank Fund Transfer Charges,24009.94,234.12,240470.82
14 Dec 2024,14 Dec 2024,,Mobile App MARYAM BEGUM,12818.78,2635.24,42514.24
10 Nov 2024,10 Nov 2024,,Raast IBFT to OMAR ZAMAN,2895.6,14949.43,347174.31
24 Nov 2024,24 Nov 2024,,Raast IBFT to OMAR ZAMAN,17151.76,5327.81,272323.02
26 Jan 2025,26 Jan 2025,538655,Raast IBFT to IQRA PARVEEN,17811.97,22449.49,154438.74
01 Nov 2024,01 Nov 2024,696048,Raast IBFT to OMAR ZAMAN,11672.94,9339.25,97782.41
30 Jan 2025,30 Jan 2025,634232,Mobile App MARYAM BEGUM,4298.53,17657.41,214498.99
15 Dec 2024,15 Dec 2024,,Raast IBFT to OMAR ZAMAN,3680.43,6474.86,497319.51
23 Nov 2024,23 Nov 2024,695047,INET Inter Bank Fund Transfer Charges,10896.69,7577.59,370055.63
21 Dec 2024,21 Dec 2024,847995,Mobile App MARYAM BEGUM,16134.76,231.07,357064.79
21 Nov 2024,21 Nov 2024,475120,INET Inter Bank Fund Transfer Charges,18255.13,1247.7,253538.77
11 Jan 2025,11 Jan 2025,146942,Raast IBFT to IQRA PARVEEN,22326.42,6055.03,477567.25
09 Dec 2024,09 Dec 2024,201988,Raast IBFT to IQRA PARVEEN,6494.77,14406.36,25773.08
21 Dec 2024,21 Dec 2024,228875,INET Inter Bank Fund Transfer Charges,8399.65,11769.07,73977.76
29 Jan 2025,29 Jan 2025,005738,INET Inter Bank Fund Transfer Charges,7860.09,12177.85,352764.28
08 Feb 2025,08 Feb 2025,422617,Raast IBFT to OMAR ZAMAN,24240.78,1914.16,253487.01
06 Nov 2024,06 Nov 2024,922592,Mobile App MARYAM BEGUM,8495.41,24704.53,444779.8
27 Jan 2025,27 Jan 2025,,INET Inter Bank Fund Transfer Charges,6489.83,12431.16,319101.18
10 Nov 2024,10 Nov 2024,,Raast IBFT to OMAR ZAMAN,2784.23,3377.18,313816.75
03 Feb 2025,03 Feb 2025,167579,INET Inter Bank Fund Transfer Charges,2639.21,23579.89,497728.52
26 Dec 2024,26 Dec 2024,,INET Inter Bank Fund Transfer Charges,11659.56,7599.6,234807.82
27 Nov 2024,27 Nov 2024,,Mobile App MARYAM BEGUM,21852.18,10863.94,204597.7
23 Nov 2024,23 Nov 2024,,Mobile App MARYAM BEGUM,2568.25,15829.77,447208.22
08 Nov 2024,08 Nov 2024,,Raast IBFT to OMAR ZAMAN,8747.49,8928.59,355553.0
23 Nov 2024,23 Nov 2024,388266,Raast IBFT to IQRA PARVEEN,24943.31,15938.89,252642.24
06 Dec 2024,06 Dec 2024,422230,Mobile App MARYAM BEGUM,21550.18,19854.85,437515.18
09 Dec 2024,09 Dec 2024,,Raast IBFT to OMAR ZAMAN,18827.11,16642.28,176271.24
21 Dec 2024,21 Dec 2024,395422,INET Inter Bank Fund Transfer Charges,24818.94,5615.35,261197.99
06 Feb 2025,06 Feb 2025,,Raast IBFT to IQRA PARVEEN,12809.98,21673.9,173293.89
30 Jan 2025,30 Jan 2025,990459,INET Inter Bank Fund Transfer Charges,18033.9,23747.88,148468.15
03 Nov 2024,03 Nov 2024,,Raast IBFT to IQRA PARVEEN,6430.33,12729.27,115265.08
03 Jan 2025,03 Jan 2025,,INET Inter Bank Fund Transfer Charges,7517.42,14384.02,103559.0
25 Dec 2024,25 Dec 2024,,Raast IBFT to IQRA PARVEEN,21853.68,13152.62,456731.45
19 Dec 2024,19 Dec 2024,,Raast IBFT to IQRA PARVEEN,18503.06,8500.12,456345.78
17 Nov 2024,17 Nov 2024,,INET Inter Bank Fund Transfer Charges,21303.52,17889.45,285588.7
01 Dec 2024,01 Dec 2024,694733,Mobile App MARYAM BEGUM,22970.66,11688.18,47396.39
13 Nov 2024,13 Nov 2024,022661,INET Inter Bank Fund Transfer Charges,21079.92,21311.92,382336.34
14 Dec 2024,14 Dec 2024,893330,Raast IBFT to OMAR ZAMAN,20737.93,20222.59,416674.05
27 Jan 2025,27 Jan 2025,,INET Inter Bank Fund Transfer Charges,14102.31,20245.34,24523.35
04 Feb 2025,04 Feb 2025,073102,Raast IBFT to OMAR ZAMAN,10394.46,23163.71,387346.18
21 Nov 2024,21 Nov 2024,372736,Raast IBFT to IQRA PARVEEN,1386.07,7338.68,459063.57
14 Jan 2025,14 Jan 2025,,Raast IBFT to OMAR ZAMAN,10772.24,14677.18,156387.36
30 Nov 2024,30 Nov 2024,,Mobile App MARYAM BEGUM,21755.64,18854.04,285218.72
03 Feb 2025,03 Feb 2025,080290,Raast IBFT to IQRA PARVEEN,8776.26,3128.64,260273.12
29 Jan 2025,29 Jan 2025,,Mobile App MARYAM BEGUM,21106.12,14427.61,273115.01
22 Nov 2024,22 Nov 2024,,INET Inter Bank Fund Transfer Charges,3162.58,3434.91,320825.57
10 Nov 2024,10 Nov 2024,644409,Raast IBFT to OMAR ZAMAN,16222.02,8573.86,221318.64
17 Dec 2024,17 Dec 2024,,Mobile App MARYAM BEGUM,21603.23,8084.29,384082.76
25 Nov 2024,25 Nov 2024,,Raast IBFT to OMAR ZAMAN,16712.42,23397.23,167901.04
04 Dec 2024,04 Dec 2024,,Raast IBFT to OMAR ZAMAN,14734.24,3630.93,219804.12
13 Dec 2024,13 Dec 2024,967767,Mobile App MARYAM BEGUM,14777.32,13799.09,217853.16
24 Dec 2024,24 Dec 2024,,Raast IBFT to IQRA PARVEEN,9056.43,24437.26,466707.35
28 Dec 2024,28 Dec 2024,,Raast IBFT to OMAR ZAMAN,2040.42,20225.3,486730.22
13 Jan 2025,13 Jan 2025,013738,Mobile App MARYAM BEGUM,15119.01,13009.33,48266.53
03 Nov 2024,03 Nov 2024,139621,INET Inter Bank Fund Transfer Charges,3942.8,2272.29,334832.43
31 Dec 2024,31 Dec 2024,961384,Mobile App MARYAM BEGUM,19431.25,11721.47,330298.13
26 Nov 2024,26 Nov 2024,,Mobile App MARYAM BEGUM,5128.51,3356.21,366839.04
05 Jan 2025,05 Jan 2025,,INET Inter Bank Fund Transfer Charges,6552.62,6421.92,178253.01
13 Jan 2025,13 Jan 2025,,INET Inter Bank Fund Transfer Charges,12792.93,14159.35,346338.69
06 Feb 2025,06 Feb 2025,302236,INET Inter Bank Fund Transfer Charges,5433.85,23680.13,491410.78
26 Dec 2024,26 Dec 2024,,Raast IBFT to OMAR ZAMAN,23248.92,8052.69,323414.04
11 Dec 2024,11 Dec 2024,836929,Raast IBFT to IQRA PARVEEN,22937.78,16486.78,455946.85
23 Jan 2025,23 Jan 2025,,INET Inter Bank Fund Transfer Charges,11103.0,10142.94,207193.4
09 Nov 2024,09 Nov 2024,,Mobile App MARYAM BEGUM,17962.33,10411.69,474176.36
10 Nov 2024,10 Nov 2024,,Mobile App MARYAM BEGUM,19136.41,6466.0,175063.78
02 Dec 2024,02 Dec 2024,,Raast IBFT to IQRA PARVEEN,2383.39,5378.72,376228.68
09 Nov 2024,09 Nov 2024,724762,Mobile App MARYAM BEGUM,5956.36,10602.36,331969.58
06 Nov 2024,06 Nov 2024,,Raast IBFT to IQRA PARVEEN,9331.61,6285.98,150588.16
18 Nov 2024,18 Nov 2024,,Mobile App MARYAM BEGUM,15061.4,5928.79,103716.82
19 Nov 2024,19 Nov 2024,402940,INET Inter Bank Fund Transfer Charges,21145.5,19279.01,187219.86
01 Dec 2024,01 Dec 2024,690611,Mobile App MARYAM BEGUM,14863.97,21347.72,267537.69
28 Jan 2025,28 Jan 2025,,Raast IBFT to IQRA PARVEEN,2395.67,10700.76,140940.78
30 Nov 2024,30 Nov 2024,825903,Raast IBFT to OMAR ZAMAN,18648.15,8356.8,99731.99
10 Jan 2025,10 Jan 2025,,Raast IBFT to OMAR ZAMAN,19183.79,23150.81,309666.34
12 Jan 2025,12 Jan 2025,,Raast IBFT to OMAR ZAMAN,6507.12,14840.18,448518.01
08 Feb 2025,08 Feb 2025,,INET Inter Bank Fund Transfer Charges,18222.57,117.74,461944.91
22 Jan 2025,22 Jan 2025,158124,INET Inter Bank Fund Transfer Charges,8332.08,18699.59,133426.77
27 Dec 2024,27 Dec 2024,919011,INET Inter Bank Fund Transfer Charges,5431.77,33.79,386675.45
02 Nov 2024,02 Nov 2024,,Mobile App MARYAM BEGUM,5114.49,11887.48,357505.96
20 Dec 2024,20 Dec 2024,945018,Raast IBFT to OMAR ZAMAN,23081.92,10628.84,421776.28
12 Nov 2024,12 Nov 2024,,Raast IBFT to IQRA PARVEEN,1329.44,24035.12,347850.27
24 Jan 2025,24 Jan 2025,,INET Inter Bank Fund Transfer Charges,13334.13,11462.04,172300.31
03 Feb 2025,03 Feb 2025,324052,INET Inter Bank Fund Transfer Charges,3050.17,9515.49,237818.82
30 Jan 2025,30 Jan 2025,048040,INET Inter Bank Fund Transfer Charges,8069.68,13316.13,411783.74
14 Jan 2025,14 Jan 2025,,Mobile App MARYAM BEGUM,10712.73,7094.21,210763.26
06 Nov 2024,06 Nov 2024,,INET Inter Bank Fund Transfer Charges,6864.82,10812.56,455014.12
09 Jan 2025,09 Jan 2025,,Raast IBFT to OMAR ZAMAN,2617.31,15765.32,310056.51
29 Nov 2024,29 Nov 2024,,Raast IBFT to IQRA PARVEEN,15913.85,24288.8,404956.19
12 Jan 2025,12 Jan 2025,,Mobile App MARYAM BEGUM,7708.4,13730.63,445482.91
14 Nov 2024,14 Nov 2024,,Raast IBFT to IQRA PARVEEN,13344.21,9554.13,29847.52
04 Jan 2025,04 Jan 2025,,Raast IBFT to OMAR ZAMAN,20642.18,19404.76,497773.75
30 Nov 2024,30 Nov 2024,,INET Inter Bank Fund Transfer Charges,9652.98,24869.88,255508.32
14 Dec 2024,14 Dec 2024,603357,INET Inter Bank Fund Transfer Charges,2586.57,20316.85,146541.37
15 Dec 2024,15 Dec 2024,520996,INET Inter Bank Fund Transfer Charges,18987.93,22868.54,200768.02
13 Jan 2025,13 Jan 2025,,Raast IBFT to OMAR ZAMAN,13203.77,10251.49,260028.62
04 Feb 2025,04 Feb 2025,,INET Inter Bank Fund Transfer Charges,5095.61,7572.38,363191.01
19 Dec 2024,19 Dec 2024,,Raast IBFT to OMAR ZAMAN,22727.18,10137.91,98514.07
05 Feb 2025,05 Feb 2025,,Raast IBFT to OMAR ZAMAN,11081.89,9161.27,307090.85
05 Dec 2024,05 Dec 2024,,Raast IBFT to IQRA PARVEEN,14150.45,8621.05,252754.24
16 Dec 2024,16 Dec 2024,,Raast IBFT to OMAR ZAMAN,13087.97,23075.39,398279.54
07 Jan 2025,07 Jan 2025,,Raast IBFT to IQRA PARVEEN,8489.93,13169.36,94596.88
07 Feb 2025,07 Feb 2025,,Raast IBFT to IQRA PARVEEN,1558.4,6995.99,120544.13
06 Feb 2025,06 Feb 2025,099373,Raast IBFT to IQRA PARVEEN,14761.65,4655.68,497342.28
29 Dec 2024,29 Dec 2024,,Mobile App MARYAM BEGUM,17812.32,18241.52,239871.86
09 Feb 2025,09 Feb 2025,733832,INET Inter Bank Fund Transfer Charges,2145.66,24559.7,103633.71
19 Jan 2025,19 Jan 2025,,Raast IBFT to IQRA PARVEEN,15487.08,630.91,38604.18
14 Jan 2025,14 Jan 2025,,Raast IBFT to OMAR ZAMAN,11500.76,15640.7,330948.73
03 Dec 2024,03 Dec 2024,694288,Raast IBFT to OMAR ZAMAN,15140.8,16471.19,450212.25
03 Nov 2024,03 Nov 2024,,INET Inter Bank Fund Transfer Charges,13260.26,24726.36,293520.35
14 Nov 2024,14 Nov 2024,,Raast IBFT to OMAR ZAMAN,21504.31,8705.05,393000.18
18 Nov 2024,18 Nov 2024,545600,Raast IBFT to OMAR ZAMAN,21715.96,2412.59,262519.17
06 Jan 2025,06 Jan 2025,,INET Inter Bank Fund Transfer Charges,21166.84,22886.6,403412.39
30 Dec 2024,30 Dec 2024,198349,Raast IBFT to OMAR ZAMAN,14303.9,14994.13,399746.06
25 Dec 2024,25 Dec 2024,,Raast IBFT to IQRA PARVEEN,7916.7,14160.34,113706.7
02 Feb 2025,02 Feb 2025,533728,Mobile App MARYAM BEGUM,15390.68,4408.85,177472.95
16 Dec 2024,16 Dec 2024,056492,Mobile App MARYAM BEGUM,22335.52,9107.05,223658.79
25 Dec 2024,25 Dec 2024,,Raast IBFT to OMAR ZAMAN,18549.93,2044.39,132610.73
09 Feb 2025,09 Feb 2025,673981,INET Inter Bank Fund Transfer Charges,23327.28,10551.52,315150.99
04 Dec 2024,04 Dec 2024,537388,Raast IBFT to OMAR ZAMAN,21505.21,18573.38,447589.48
03 Dec 2024,03 Dec 2024,124674,Raast IBFT to IQRA PARVEEN,14362.19,22454.84,234436.43
05 Jan 2025,05 Jan 2025,,INET Inter Bank Fund Transfer Charges,3398.12,11048.55,404663.49
19 Dec 2024,19 Dec 2024,052619,Raast IBFT to IQRA PARVEEN,22149.05,13171.7,167203.81
20 Jan 2025,20 Jan 2025,,Raast IBFT to IQRA PARVEEN,19572.97,17151.89,456046.37
29 Nov 2024,29 Nov 2024,,Raast IBFT to IQRA PARVEEN,10250.89,24598.42,406176.84
26 Jan 2025,26 Jan 2025,,Raast IBFT to OMAR ZAMAN,13068.76,9653.02,462932.83
01 Jan 2025,01 Jan 2025,393904,Raast IBFT to IQRA PARVEEN,7225.26,22822.86,56624.87
09 Nov 2024,09 Nov 2024,365473,Mobile App MARYAM BEGUM,15672.22,14327.78,167605.03
05 Feb 2025,05 Feb 2025,593744,Mobile App MARYAM BEGUM,15833.44,18641.76,80629.57
29 Nov 2024,29 Nov 2024,454928,Raast IBFT to IQRA PARVEEN,5196.67,14044.05,50757.77
22 Nov 2024,22 Nov 2024,879574,Raast IBFT to IQRA PARVEEN,19107.02,21149.99,395501.64
07 Nov 2024,07 Nov 2024,,Mobile App MARYAM BEGUM,10640.21,9794.83,178957.55
06 Nov 2024,06 Nov 2024,,INET Inter Bank Fund Transfer Charges,15265.7,13245.18,405252.43
25 Dec 2024,25 Dec 2024,968044,INET Inter Bank Fund Transfer Charges,6241.52,8767.29,171395.16
06 Dec 2024,06 Dec 2024,,Raast IBFT to OMAR ZAMAN,24908.65,8947.21,65550.58
14 Dec 2024,14 Dec 2024,,INET Inter Bank Fund Transfer Charges,23800.14,9939.26,469257.39
30 Dec 2024,30 Dec 2024,377164,Raast IBFT to OMAR ZAMAN,7461.07,8562.75,48447.11
23 Jan 2025,23 Jan 2025,617712,Raast IBFT to OMAR ZAMAN,23574.4,1657.3,294681.75
17 Dec 2024,17 Dec 2024,829665,INET Inter Bank Fund Transfer Charges,7284.55,18073.96,434321.62
24 Jan 2025,24 Jan 2025,214424,Raast IBFT to OMAR ZAMAN,11030.4,3734.26,445229.31
12 Dec 2024,12 Dec 2024,,Raast IBFT to OMAR ZAMAN,16827.88,23405.09,481761.9
06 Feb 2025,06 Feb 2025,,INET Inter Bank Fund Transfer Charges,10829.93,12101.37,13021.16
12 Jan 2025,12 Jan 2025,779454,Raast IBFT to OMAR ZAMAN,9728.09,14380.28,347560.48
11 Dec 2024,11 Dec 2024,326011,Mobile App MARYAM BEGUM,15500.91,20947.98,318408.88
11 Nov 2024,11 Nov 2024,799061,INET Inter Bank Fund Transfer Charges,11181.78,13671.52,493262.88
28 Nov 2024,28 Nov 2024,,INET Inter Bank Fund Transfer Charges,10372.81,16442.7,255037.45
27 Jan 2025,27 Jan 2025,528059,Raast IBFT to IQRA PARVEEN,23757.02,11129.94,347050.13
22 Jan 2025,22 Jan 2025,,Raast IBFT to OMAR ZAMAN,1083.38,20157.34,326866.83
28 Jan 2025,28 Jan 2025,037859,Mobile App MARYAM BEGUM,17783.99,20400.63,280347.32
24 Dec 2024,24 Dec 2024,,INET Inter Bank Fund Transfer Charges,4990.96,14306.89,442284.62
04 Dec 2024,04 Dec 2024,761507,Raast IBFT to IQRA PARVEEN,18296.94,20608.97,147631.93
19 Jan 2025,19 Jan 2025,,INET Inter Bank Fund Transfer Charges,20426.41,19004.02,487913.6
13 Jan 2025,13 Jan 2025,839664,Raast IBFT to IQRA PARVEEN,5297.8,18401.1,290952.94
30 Jan 2025,30 Jan 2025,,INET Inter Bank Fund Transfer Charges,21494.4,14014.55,153514.65
12 Dec 2024,12 Dec 2024,924216,Raast IBFT to IQRA PARVEEN,19110.33,5767.81,116476.86
16 Nov 2024,16 Nov 2024,663499,INET Inter Bank Fund Transfer Charges,17262.78,4676.33,149118.89
03 Nov 2024,03 Nov 2024,968005,Mobile App MARYAM BEGUM,10246.73,13111.8,23845.16
04 Feb 2025,04 Feb 2025,392084,Raast IBFT to IQRA PARVEEN,15227.12,18783.97,111297.64
19 Nov 2024,19 Nov 2024,943886,INET Inter Bank Fund Transfer Charges,23472.3,16224.62,79469.14
31 Dec 2024,31 Dec 2024,638433,Raast IBFT to IQRA PARVEEN,17003.99,18342.62,429084.83
28 Nov 2024,28 Nov 2024,598253,Raast IBFT to OMAR ZAMAN,20733.94,19235.71,138415.43
07 Nov 2024,07 Nov 2024,,INET Inter Bank Fund Transfer Charges,23181.85,22725.16,86176.66
25 Dec 2024,25 Dec 2024,,Raast IBFT to OMAR ZAMAN,22933.61,9061.72,56043.69
24 Jan 2025,24 Jan 2025,114893,Mobile App MARYAM BEGUM,2669.33,17123.6,340288.95
08 Nov 2024,08 Nov 2024,588987,Mobile App MARYAM BEGUM,2323.47,9090.36,454609.24
02 Jan 2025,02 Jan 2025,,Raast IBFT to IQRA PARVEEN,7426.86,12708.61,183018.47
12 Dec 2024,12 Dec 2024,876995,Raast IBFT to OMAR ZAMAN,23798.64,17724.4,416123.02
21 Dec 2024,21 Dec 2024,,Mobile App MARYAM BEGUM,13385.33,14341.47,271100.32
03 Dec 2024,03 Dec 2024,709056,Mobile App MARYAM BEGUM,5559.4,3861.25,400581.8
12 Nov 2024,12 Nov 2024,011548,Raast IBFT to IQRA PARVEEN,7220.02,24677.21,385975.1
28 Dec 2024,28 Dec 2024,,Raast IBFT to OMAR ZAMAN,13948.76,984.53,281494.65
18 Nov 2024,18 Nov 2024,,Raast IBFT to IQRA PARVEEN,5662.38,3605.23,444652.14
06 Jan 2025,06 Jan 2025,,Raast IBFT to IQRA PARVEEN,22476.94,19916.19,461543.26
13 Dec 2024,13 Dec 2024,790124,Mobile App MARYAM BEGUM,13196.71,5386.4,18768.02
15 Nov 2024,15 Nov 2024,580961,INET Inter Bank Fund Transfer Charges,14330.7,9884.28,234948.58
17 Jan 2025,17 Jan 2025,,Mobile App MARYAM BEGUM,1571.7,24020.0,155204.5
08 Dec 2024,08 Dec 2024,,INET Inter Bank Fund Transfer Charges,19696.24,7306.75,305421.37
06 Jan 2025,06 Jan 2025,,INET Inter Bank Fund Transfer Charges,16014.36,4260.89,432174.37
09 Dec 2024,09 Dec 2024,577487,Raast IBFT to IQRA PARVEEN,10759.86,21853.75,316230.39
24 Nov 2024,24 Nov 2024,544213,Raast IBFT to IQRA PARVEEN,17229.44,6577.46,219795.15
04 Nov 2024,04 Nov 2024,,Raast IBFT to OMAR ZAMAN,21756.22,14631.05,272956.79
09 Jan 2025,09 Jan 2025,,Raast IBFT to IQRA PARVEEN,17214.17,23431.51,295626.39
08 Dec 2024,08 Dec 2024,,INET Inter Bank Fund Transfer Charges,3768.44,9124.42,442879.77
06 Feb 2025,06 Feb 2025,,Mobile App MARYAM BEGUM,4093.43,7977.93,445713.96
21 Nov 2024,21 Nov 2024,,Raast IBFT to IQRA PARVEEN,9728.7,21895.56,392124.47
16 Nov 2024,16 Nov 2024,,Mobile App MARYAM BEGUM,19100.7,12074.14,326488.87
22 Dec 2024,22 Dec 2024,039810,Raast IBFT to OMAR ZAMAN,5872.98,6148.15,387975.4
01 Nov 2024,01 Nov 2024,,Raast IBFT to OMAR ZAMAN,12145.14,6144.16,104972.09
25 Jan 2025,25 Jan 2025,450338,INET Inter Bank Fund Transfer Charges,2126.46,2857.84,100322.08
04 Feb 2025,04 Feb 2025,641408,Raast IBFT to IQRA PARVEEN,11733.87,12881.31,14015.14
17 Dec 2024,17 Dec 2024,,Mobile App MARYAM BEGUM,14459.95,23942.74,264682.55
09 Dec 2024,09 Dec 2024,,Mobile App MARYAM BEGUM,12939.98,23242.97,443643.16
30 Nov 2024,30 Nov 2024,,Raast IBFT to IQRA PARVEEN,22877.13,15640.91,201695.96
25 Nov 2024,25 Nov 2024,674802,Raast IBFT to IQRA PARVEEN,7044.27,5398.49,278968.31
07 Nov 2024,07 Nov 2024,,Mobile App MARYAM BEGUM,6931.65,6721.03,246396.66
16 Dec 2024,16 Dec 2024,235387,Raast IBFT to IQRA PARVEEN,1486.96,19729.89,21291.48
16 Jan 2025,16 Jan 2025,545622,Raast IBFT to IQRA PARVEEN,13269.03,13437.93,385276.1
22 Nov 2024,22 Nov 2024,396049,Raast IBFT to OMAR ZAMAN,15570.45,8512.0,479659.19
14 Nov 2024,14 Nov 2024,151058,Raast IBFT to OMAR ZAMAN,11398.93,23147.66,470207.34
01 Jan 2025,01 Jan 2025,,Mobile App MARYAM BEGUM,3075.64,18104.89,481780.04
09 Feb 2025,09 Feb 2025,,Mobile App MARYAM BEGUM,14218.73,17064.06,128854.24
06 Jan 2025,06 Jan 2025,464766,Raast IBFT to OMAR ZAMAN,8948.0,488.13,475827.96
31 Dec 2024,31 Dec 2024,,INET Inter Bank Fund Transfer Charges,6085.56,135.04,295979.23
23 Nov 2024,23 Nov 2024,,Mobile App MARYAM BEGUM,9678.17,17415.88,103448.6
10 Jan 2025,10 Jan 2025,217641,INET Inter Bank Fund Transfer Charges,8718.76,19540.43,470209.65
26 Jan 2025,26 Jan 2025,637317,Raast IBFT to IQRA PARVEEN,2512.93,4885.61,485955.08
24 Nov 2024,24 Nov 2024,145347,Raast IBFT to OMAR ZAMAN,18507.75,12918.17,64598.99
08 Jan 2025,08 Jan 2025,,Raast IBFT to IQRA PARVEEN,23353.98,12883.69,388961.51
13 Dec 2024,13 Dec 2024,,INET Inter Bank Fund Transfer Charges,5044.71,13748.31,270486.81
04 Dec 2024,04 Dec 2024,476918,INET Inter Bank Fund Transfer Charges,18932.39,5683.9,486173.72
10 Nov 2024,10 Nov 2024,,Mobile App MARYAM BEGUM,14383.51,14968.21,177145.01
14 Jan 2025,14 Jan 2025,185411,Raast IBFT to OMAR ZAMAN,12999.11,1428.04,336434.47
24 Nov 2024,24 Nov 2024,268654,Mobile App MARYAM BEGUM,2092.76,6587.3,455039.99
08 Jan 2025,08 Jan 2025,312181,Raast IBFT to IQRA PARVEEN,20789.39,17926.99,381350.55
01 Nov 2024,01 Nov 2024,795891,Raast IBFT to OMAR ZAMAN,2145.56,2333.21,387222.06
10 Nov 2024,10 Nov 2024,,Raast IBFT to IQRA PARVEEN,9947.88,7573.35,259986.14
25 Dec 2024,25 Dec 2024,661691,INET Inter Bank Fund Transfer Charges,5736.45,12790.49,113990.99
14 Dec 2024,14 Dec 2024,,INET Inter Bank Fund Transfer Charges,20007.03,23460.73,436718.0
17 Nov 2024,17 Nov 2024,,Raast IBFT to IQRA PARVEEN,11848.8,23691.58,451672.09
01 Nov 2024,01 Nov 2024,,Raast IBFT to OMAR ZAMAN,1916.22,21842.78,356184.5
20 Nov 2024,20 Nov 2024,666674,Raast IBFT to IQRA PARVEEN,3167.17,14896.23,15371.78
01 Nov 2024,01 Nov 2024,441380,Raast IBFT to IQRA PARVEEN,10132.76,20472.08,456543.98
08 Feb 2025,08 Feb 2025,988643,Mobile App MARYAM BEGUM,4147.08,9139.63,238541.02
14 Nov 2024,14 Nov 2024,,Mobile App MARYAM BEGUM,7344.61,19544.72,461405.91
15 Nov 2024,15 Nov 2024,019111,Mobile App MARYAM BEGUM,13281.21,16880.32,191755.91
17 Dec 2024,17 Dec 2024,,Mobile App MARYAM BEGUM,23558.59,16487.44,416729.74
15 Dec 2024,15 Dec 2024,,Raast IBFT to OMAR ZAMAN,17532.81,17835.97,168510.03
23 Jan 2025,23 Jan 2025,255374,Raast IBFT to OMAR ZAMAN,12983.15,11319.86,330758.79
10 Dec 2024,10 Dec 2024,466350,Mobile App MARYAM BEGUM,11992.98,10974.12,355062.69
20 Jan 2025,20 Jan 2025,372396,Raast IBFT to OMAR ZAMAN,4984.3,22304.08,202161.68
02 Nov 2024,02 Nov 2024,241320,INET Inter Bank Fund Transfer Charges,19222.6,6194.09,452315.72
06 Dec 2024,06 Dec 2024,274275,Raast IBFT to IQRA PARVEEN,20818.76,2057.51,134294.11
08 Jan 2025,08 Jan 2025,268764,INET Inter Bank Fund Transfer Charges,9166.77,8013.21,131371.66
13 Dec 2024,13 Dec 2024,,Raast IBFT to OMAR ZAMAN,18562.96,10190.58,310431.35
24 Dec 2024,24 Dec 2024,,Mobile App MARYAM BEGUM,21388.41,16548.35,487545.22
02 Jan 2025,02 Jan 2025,,Raast IBFT to IQRA PARVEEN,3330.76,21617.13,451473.01
30 Dec 2024,30 Dec 2024,,INET Inter Bank Fund Transfer Charges,13027.72,18425.62,345173.82
06 Dec 2024,06 Dec 2024,,Raast IBFT to IQRA PARVEEN,8269.32,10292.92,481665.26
26 Jan 2025,26 Jan 2025,595043,INET Inter Bank Fund Transfer Charges,8612.21,6814.8,271618.9
25 Nov 2024,25 Nov 2024,834895,INET Inter Bank Fund Transfer Charges,20392.95,11622.89,144426.85
09 Dec 2024,09 Dec 2024,116231,Raast IBFT to OMAR ZAMAN,9028.68,20779.65,307995.22
06 Jan 2025,06 Jan 2025,381725,Mobile App MARYAM BEGUM,19044.92,23709.68,226674.34
09 Nov 2024,09 Nov 2024,754980,Raast IBFT to IQRA PARVEEN,3319.24,15475.08,232519.51
25 Nov 2024,25 Nov 2024,,Raast IBFT to IQRA PARVEEN,2315.44,7528.75,317925.61
07 Jan 2025,07 Jan 2025,917953,INET Inter Bank Fund Transfer Charges,1583.94,7623.92,168192.23
02 Nov 2024,02 Nov 2024,,Raast IBFT to OMAR ZAMAN,22471.0,8210.72,262533.08
07 Feb 2025,07 Feb 2025,623867,Raast IBFT to OMAR ZAMAN,3267.48,21543.69,209015.81
13 Dec 2024,13 Dec 2024,100849,Raast IBFT to OMAR ZAMAN,2317.28,9662.62,86699.4
13 Jan 2025,13 Jan 2025,413595,Raast IBFT to IQRA PARVEEN,8111.53,19446.89,330967.66
16 Dec 2024,16 Dec 2024,,INET Inter Bank Fund Transfer Charges,2067.75,10284.87,374051.19
31 Dec 2024,31 Dec 2024,,Raast IBFT to OMAR ZAMAN,12280.26,5446.17,440720.03
22 Jan 2025,22 Jan 2025,,Raast IBFT to IQRA PARVEEN,23937.09,24709.8,295756.73
13 Dec 2024,13 Dec 2024,000152,Raast IBFT to OMAR ZAMAN,21128.67,16909.42,164199.59
17 Dec 2024,17 Dec 2024,733242,INET Inter Bank Fund Transfer Charges,12090.68,13996.95,180970.86
16 Nov 2024,16 Nov 2024,,Raast IBFT to IQRA PARVEEN,2827.13,11716.95,149168.34
29 Jan 2025,29 Jan 2025,627666,INET Inter Bank Fund Transfer Charges,6715.59,7342.77,55608.84
25 Jan 2025,25 Jan 2025,692203,Mobile App MARYAM BEGUM,14736.06,403.44,188726.95
28 Dec 2024,28 Dec 2024,,Mobile App MARYAM BEGUM,20510.02,13978.19,302667.26
16 Nov 2024,16 Nov 2024,472912,Raast IBFT to OMAR ZAMAN,15095.24,7277.21,441407.55
03 Jan 2025,03 Jan 2025,,Raast IBFT to IQRA PARVEEN,22710.22,15232.43,155879.34
03 Nov 2024,03 Nov 2024,,Raast IBFT to IQRA PARVEEN,1401.89,6619.41,352238.09
28 Dec 2024,28 Dec 2024,697251,INET Inter Bank Fund Transfer Charges,3963.93,3957.9,155071.26
20 Dec 2024,20 Dec 2024,,Raast IBFT to OMAR ZAMAN,24859.18,20316.8,151194.82
02 Feb 2025,02 Feb 2025,399960,Raast IBFT to OMAR ZAMAN,15033.24,4045.66,325515.06
21 Dec 2024,21 Dec 2024,,Raast IBFT to IQRA PARVEEN,15410.84,16823.73,219239.2
18 Jan 2025,18 Jan 2025,,Mobile App MARYAM BEGUM,18926.03,22636.26,201495.55
18 Jan 2025,18 Jan 2025,,Mobile App MARYAM BEGUM,7160.34,20238.5,36525.94
07 Dec 2024,07 Dec 2024,,INET Inter Bank Fund Transfer Charges,15505.04,2663.35,345371.05
30 Jan 2025,30 Jan 2025,,INET Inter Bank Fund Transfer Charges,9372.85,9803.77,218778.2
09 Nov 2024,09 Nov 2024,,Raast IBFT to IQRA PARVEEN,12056.19,23707.97,80405.03
03 Feb 2025,03 Feb 2025,,Mobile App MARYAM BEGUM,17176.81,10067.93,149072.72
19 Jan 2025,19 Jan 2025,098835,INET Inter Bank Fund Transfer Charges,3581.28,3377.07,43310.93
18 Nov 2024,18 Nov 2024,610228,Mobile App MARYAM BEGUM,13248.87,1434.16,475890.38
03 Feb 2025,03 Feb 2025,,Raast IBFT to OMAR ZAMAN,12750.33,21358.73,282073.16
06 Nov 2024,06 Nov 2024,,Mobile App MARYAM BEGUM,9812.24,24917.87,203738.87
27 Dec 2024,27 Dec 2024,,Raast IBFT to IQRA PARVEEN,19513.85,3379.55,61588.27
07 Jan 2025,07 Jan 2025,,Raast IBFT to IQRA PARVEEN,7176.7,10284.98,75002.8
25 Dec 2024,25 Dec 2024,417369,Raast IBFT to OMAR ZAMAN,21058.67,23397.01,203510.05
03 Nov 2024,03 Nov 2024,941781,INET Inter Bank Fund Transfer Charges,7647.04,23815.79,397139.96
30 Nov 2024,30 Nov 2024,,Mobile App MARYAM BEGUM,13580.1,14409.15,381626.53
22 Nov 2024,22 Nov 2024,,Mobile App MARYAM BEGUM,5581.71,12600.76,10048.89
06 Feb 2025,06 Feb 2025,,INET Inter Bank Fund Transfer Charges,16132.23,18127.43,125591.11
20 Nov 2024,20 Nov 2024,,Mobile App MARYAM BEGUM,11127.56,20770.58,68794.82
09 Dec 2024,09 Dec 2024,,Mobile App MARYAM BEGUM,8545.62,17102.86,453455.75
05 Jan 2025,05 Jan 2025,,Raast IBFT to IQRA PARVEEN,15829.0,23411.03,471398.02
27 Nov 2024,27 Nov 2024,,Mobile App MARYAM BEGUM,13883.08,17944.77,175048.31
25 Nov 2024,25 Nov 2024,,Raast IBFT to IQRA PARVEEN,21156.41,21494.14,133084.13
26 Jan 2025,26 Jan 2025,432839,INET Inter Bank Fund Transfer Charges,18666.27,10656.62,189185.48
31 Dec 2024,31 Dec 2024,921653,Mobile App MARYAM BEGUM,16190.85,18124.33,133704.64
14 Nov 2024,14 Nov 2024,,INET Inter Bank Fund Transfer Charges,13856.05,16720.59,313896.19
13 Jan 2025,13 Jan 2025,,Mobile App MARYAM BEGUM,2461.57,13532.61,273707.2
16 Nov 2024,16 Nov 2024,459934,Mobile App MARYAM BEGUM,22529.63,15468.1,236761.91
30 Jan 2025,30 Jan 2025,,INET Inter Bank Fund Transfer Charges,1762.79,16380.33,408836.98
16 Jan 2025,16 Jan 2025,398904,INET Inter Bank Fund Transfer Charges,14057.27,8473.89,169551.26
07 Feb 2025,07 Feb 2025,,Raast IBFT to IQRA PARVEEN,18779.08,7658.29,218746.29
10 Nov 2024,10 Nov 2024,109736,Raast IBFT to IQRA PARVEEN,10399.41,11447.05,191992.7
09 Dec 2024,09 Dec 2024,,Raast IBFT to OMAR ZAMAN,5309.93,3121.06,454135.55
24 Dec 2024,24 Dec 2024,,Raast IBFT to OMAR ZAMAN,7052.75,2572.23,16241.39
06 Nov 2024,06 Nov 2024,,Mobile App MARYAM BEGUM,17847.54,22491.57,498005.78
22 Jan 2025,22 Jan 2025,,INET Inter Bank Fund Transfer Charges,23548.67,24391.23,157155.35
22 Dec 2024,22 Dec 2024,420024,Mobile App MARYAM BEGUM,2271.64,16792.83,476239.27
04 Dec 2024,04 Dec 2024,,Raast IBFT to IQRA PARVEEN,24871.93,15632.64,449100.65
27 Nov 2024,27 Nov 2024,,Raast IBFT to IQRA PARVEEN,15210.99,14746.97,389898.82
08 Nov 2024,08 Nov 2024,155249,INET Inter Bank Fund Transfer Charges,19750.49,19257.77,313488.15
12 Nov 2024,12 Nov 2024,,INET Inter Bank Fund Transfer Charges,4401.14,11935.33,40303.54
24 Nov 2024,24 Nov 2024,,Raast IBFT to IQRA PARVEEN,13484.27,14651.73,141097.54
23 Jan 2025,23 Jan 2025,,Raast IBFT to OMAR ZAMAN,2453.06,19053.24,14720.61
01 Dec 2024,01 Dec 2024,,Mobile App MARYAM BEGUM,17748.98,12666.05,358521.48
12 Nov 2024,12 Nov 2024,,Raast IBFT to IQRA PARVEEN,6502.68,10023.7,17285.46
23 Dec 2024,23 Dec 2024,,Mobile App MARYAM BEGUM,20813.26,3510.18,447958.56
30 Nov 2024,30 Nov 2024,264396,INET Inter Bank Fund Transfer Charges,24228.93,24022.18,103791.74
27 Dec 2024,27 Dec 2024,016820,Raast IBFT to OMAR ZAMAN,13436.37,9179.8,171021.4
08 Feb 2025,08 Feb 2025,,Raast IBFT to OMAR ZAMAN,8821.44,18443.56,467307.05
19 Nov 2024,19 Nov 2024,,Mobile App MARYAM BEGUM,10692.38,10896.21,253368.86
03 Jan 2025,03 Jan 2025,078697,INET Inter Bank Fund Transfer Charges,15144.87,19977.72,149018.51
16 Jan 2025,16 Jan 2025,,INET Inter Bank Fund Transfer Charges,1501.0,23845.86,172428.68
19 Nov 2024,19 Nov 2024,249427,Raast IBFT to OMAR ZAMAN,22684.6,1744.25,233608.84
29 Dec 2024,29 Dec 2024,,INET Inter Bank Fund Transfer Charges,24089.38,22104.93,37479.6
15 Nov 2024,15 Nov 2024,,INET Inter Bank Fund Transfer Charges,16236.65,4557.41,481353.58
20 Dec 2024,20 Dec 2024,,Raast IBFT to OMAR ZAMAN,1763.87,11379.53,438867.13
15 Nov 2024,15 Nov 2024,,Mobile App MARYAM BEGUM,12547.31,21330.79,120266.58
01 Jan 2025,01 Jan 2025,195520,Mobile App MARYAM BEGUM,11612.84,22646.16,498294.43
04 Dec 2024,04 Dec 2024,995031,Raast IBFT to OMAR ZAMAN,22443.23,2692.09,479819.5
05 Jan 2025,05 Jan 2025,295698,Raast IBFT to IQRA PARVEEN,10369.02,469.48,224788.05
01 Jan 2025,01 Jan 2025,078918,Mobile App MARYAM BEGUM,20660.44,24273.82,435302.74
10 Nov 2024,10 Nov 2024,838722,Raast IBFT to IQRA PARVEEN,8689.53,5587.17,464044.28
12 Dec 2024,12 Dec 2024,,INET Inter Bank Fund Transfer Charges,15715.04,21487.44,398789.27
29 Nov 2024,29 Nov 2024,330938,Raast IBFT to IQRA PARVEEN,7919.01,20747.6,44539.04
12 Jan 2025,12 Jan 2025,310641,Raast IBFT to OMAR ZAMAN,5713.17,3634.56,407039.87
18 Dec 2024,18 Dec 2024,,Raast IBFT to IQRA PARVEEN,20366.63,9882.1,276842.92
09 Feb 2025,09 Feb 2025,622445,INET Inter Bank Fund Transfer Charges,24622.75,4659.83,139804.11
10 Nov 2024,10 Nov 2024,204472,Raast IBFT to OMAR ZAMAN,19939.86,9206.28,466919.13
24 Nov 2024,24 Nov 2024,,INET Inter Bank Fund Transfer Charges,18220.28,1591.07,370611.93
21 Nov 2024,21 Nov 2024,,Raast IBFT to OMAR ZAMAN,13976.77,23034.26,290537.06
03 Nov 2024,03 Nov 2024,,INET Inter Bank Fund Transfer Charges,2131.71,12883.43,463268.67
26 Jan 2025,26 Jan 2025,165675,Mobile App MARYAM BEGUM,8117.29,13882.16,319860.11
05 Jan 2025,05 Jan 2025,475676,INET Inter Bank Fund Transfer Charges,1299.42,19974.29,347388.37
30 Jan 2025,30 Jan 2025,,INET Inter Bank Fund Transfer Charges,5218.86,22593.57,51252.47
23 Nov 2024,23 Nov 2024,,INET Inter Bank Fund Transfer Charges,5554.24,17626.43,18977.43
06 Feb 2025,06 Feb 2025,446417,Raast IBFT to OMAR ZAMAN,12774.4,5018.64,306354.94
11 Dec 2024,11 Dec 2024,,Mobile App MARYAM BEGUM,14159.1,13596.85,47896.01
05 Dec 2024,05 Dec 2024,944730,Raast IBFT to IQRA PARVEEN,17560.68,14740.84,68221.85
13 Nov 2024,13 Nov 2024,032375,Raast IBFT to OMAR ZAMAN,18428.47,2825.65,113857.22
16 Dec 2024,16 Dec 2024,,Raast IBFT to IQRA PARVEEN,23878.02,15742.73,25480.81
15 Jan 2025,15 Jan 2025,,Raast IBFT to IQRA PARVEEN,20389.38,18351.16,163357.31
12 Nov 2024,12 Nov 2024,649965,INET Inter Bank Fund Transfer Charges,13772.78,15446.2,450140.28
12 Dec 2024,12 Dec 2024,325507,Raast IBFT to OMAR ZAMAN,11217.52,2718.44,461709.09
21 Dec 2024,21 Dec 2024,212644,Mobile App MARYAM BEGUM,10696.81,821.6,150816.97
28 Jan 2025,28 Jan 2025,,INET Inter Bank Fund Transfer Charges,22460.83,21261.66,451916.44
31 Dec 2024,31 Dec 2024,329498,Raast IBFT to IQRA PARVEEN,21581.68,13659.08,458726.81
24 Jan 2025,24 Jan 2025,210956,Mobile App MARYAM BEGUM,5002.05,3632.73,401033.04
01 Dec 2024,01 Dec 2024,975530,Raast IBFT to OMAR ZAMAN,5140.66,10977.07,356711.84
08 Nov 2024,08 Nov 2024,,Raast IBFT to IQRA PARVEEN,18359.32,18615.11,467855.72
01 Jan 2025,01 Jan 2025,203440,Raast IBFT to OMAR ZAMAN,4676.03,6403.31,342826.44
07 Nov 2024,07 Nov 2024,363360,Mobile App MARYAM BEGUM,2939.71,23941.17,404487.88
07 Nov 2024,07 Nov 2024,,INET Inter Bank Fund Transfer Charges,22759.6,1600.4,400298.95
23 Nov 2024,23 Nov 2024,,Raast IBFT to OMAR ZAMAN,14330.57,21287.06,237148.8
27 Nov 2024,27 Nov 2024,,Raast IBFT to IQRA PARVEEN,13171.14,9129.3,83104.99
25 Nov 2024,25 Nov 2024,381851,Raast IBFT to OMAR ZAMAN,15503.52,4745.75,109974.66
28 Dec 2024,28 Dec 2024,236278,Mobile App MARYAM BEGUM,15729.95,14713.39,43203.45
17 Dec 2024,17 Dec 2024,971383,Mobile App MARYAM BEGUM,3886.59,23446.72,315209.58
03 Feb 2025,03 Feb 2025,,INET Inter Bank Fund Transfer Charges,14169.28,12343.67,48055.27
21 Dec 2024,21 Dec 2024,,INET Inter Bank Fund Transfer Charges,16290.77,19016.5,47278.27
19 Nov 2024,19 Nov 2024,,INET Inter Bank Fund Transfer Charges,4279.67,1382.05,11639.3
25 Dec 2024,25 Dec 2024,,Mobile App MARYAM BEGUM,21517.66,24907.03,477462.44
25 Nov 2024,25 Nov 2024,,Mobile App MARYAM BEGUM,18531.25,5842.57,457790.54
17 Jan 2025,17 Jan 2025,168388,INET Inter Bank Fund Transfer Charges,24978.99,24662.17,104587.24
05 Feb 2025,05 Feb 2025,633735,Raast IBFT to OMAR ZAMAN,5175.73,6904.38,26501.36
17 Dec 2024,17 Dec 2024,141029,Raast IBFT to IQRA PARVEEN,12357.69,24854.9,363332.37
09 Nov 2024,09 Nov 2024,,INET Inter Bank Fund Transfer Charges,5050.76,3301.62,117031.12
17 Nov 2024,17 Nov 2024,,Mobile App MARYAM BEGUM,13578.36,6616.21,451413.6
04 Nov 2024,04 Nov 2024,356420,Raast IBFT to OMAR ZAMAN,14114.0,13978.25,494729.15
12 Jan 2025,12 Jan 2025,,Raast IBFT to IQRA PARVEEN,17754.76,799.94,488985.01
21 Nov 2024,21 Nov 2024,,Raast IBFT to IQRA PARVEEN,11885.81,10524.74,370321.95
01 Dec 2024,01 Dec 2024,592115,Mobile App MARYAM BEGUM,8713.6,22933.09,100046.19
01 Feb 2025,01 Feb 2025,295303,Raast IBFT to IQRA PARVEEN,10519.53,17289.67,374137.76
02 Nov 2024,02 Nov 2024,143284,Mobile App MARYAM BEGUM,3252.4,7869.55,350001.35
02 Feb 2025,02 Feb 2025,,Raast IBFT to IQRA PARVEEN,6041.35,893.38,265764.9
27 Jan 2025,27 Jan 2025,,Raast IBFT to IQRA PARVEEN,3329.27,13703.57,202536.37
11 Jan 2025,11 Jan 2025,,INET Inter Bank Fund Transfer Charges,23615.1,17392.83,451513.56
23 Nov 2024,23 Nov 2024,,Raast IBFT to OMAR ZAMAN,10502.17,5453.53,60992.85
21 Nov 2024,21 Nov 2024,,Raast IBFT to OMAR ZAMAN,7953.36,7620.31,92527.29
30 Dec 2024,30 Dec 2024,019202,Raast IBFT to IQRA PARVEEN,12340.95,3398.44,100723.8
29 Jan 2025,29 Jan 2025,913662,Raast IBFT to IQRA PARVEEN,11148.24,2565.44,452055.45
21 Jan 2025,21 Jan 2025,,Raast IBFT to IQRA PARVEEN,17958.73,19138.62,130280.39
27 Dec 2024,27 Dec 2024,503259,Raast IBFT to IQRA PARVEEN,10996.34,19787.48,318321.22
09 Dec 2024,09 Dec 2024,,Raast IBFT to IQRA PARVEEN,2830.94,14295.02,230918.95
27 Dec 2024,27 Dec 2024,446792,Raast IBFT to IQRA PARVEEN,21432.95,569.25,228187.82
13 Jan 2025,13 Jan 2025,,Raast IBFT to OMAR ZAMAN,21358.24,5994.85,57301.82
06 Jan 2025,06 Jan 2025,528059,Raast IBFT to OMAR ZAMAN,15428.64,24998.63,81933.55
08 Jan 2025,08 Jan 2025,850616,Mobile App MARYAM BEGUM,20268.68,11132.69,13760.86
21 Dec 2024,21 Dec 2024,,INET Inter Bank Fund Transfer Charges,3112.79,12122.38,470066.89
09 Dec 2024,09 Dec 2024,801216,INET Inter Bank Fund Transfer Charges,6135.89,11652.47,113472.43
07 Nov 2024,07 Nov 2024,764187,Raast IBFT to IQRA PARVEEN,4920.36,5382.88,294417.46
05 Jan 2025,05 Jan 2025,,INET Inter Bank Fund Transfer Charges,14440.61,16705.38,95053.07
31 Jan 2025,31 Jan 2025,,INET Inter Bank Fund Transfer Charges,16971.15,4959.29,36502.51
12 Nov 2024,12 Nov 2024,,Mobile App MARYAM BEGUM,5716.98,10732.51,443052.24
19 Dec 2024,19 Dec 2024,917959,Raast IBFT to IQRA PARVEEN,17525.3,16810.35,56171.78
01 Jan 2025,01 Jan 2025,234832,Raast IBFT to IQRA PARVEEN,11224.15,17020.25,391083.53
23 Jan 2025,23 Jan 2025,771492,Raast IBFT to IQRA PARVEEN,17852.17,2743.84,135542.77
16 Jan 2025,16 Jan 2025,592835,INET Inter Bank Fund Transfer Charges,22714.31,12489.27,105590.03
24 Nov 2024,24 Nov 2024,,INET Inter Bank Fund Transfer Charges,11660.24,2299.99,137196.06
29 Nov 2024,29 Nov 2024,,Mobile App MARYAM BEGUM,10007.35,22968.64,240872.03
23 Dec 2024,23 Dec 2024,483111,INET Inter Bank Fund Transfer Charges,16661.76,15259.42,42139.93
24 Dec 2024,24 Dec 2024,942653,Mobile App MARYAM BEGUM,9829.31,13064.27,406115.64
09 Dec 2024,09 Dec 2024,610025,Raast IBFT to OMAR ZAMAN,23528.93,20524.1,234582.75
11 Nov 2024,11 Nov 2024,,Raast IBFT to OMAR ZAMAN,5442.82,12712.92,217677.44
09 Nov 2024,09 Nov 2024,,Mobile App MARYAM BEGUM,23602.62,2368.14,102496.09
14 Jan 2025,14 Jan 2025,,Raast IBFT to OMAR ZAMAN,21398.93,23272.78,443271.29
12 Jan 2025,12 Jan 2025,,INET Inter Bank Fund Transfer Charges,19451.77,14481.48,378494.55
18 Dec 2024,18 Dec 2024,073017,Raast IBFT to IQRA PARVEEN,5190.25,15527.0,290920.07
12 Jan 2025,12 Jan 2025,,INET Inter Bank Fund Transfer Charges,16717.86,3674.78,396870.86
06 Jan 2025,06 Jan 2025,,Mobile App MARYAM BEGUM,23182.95,3748.45,370131.64
02 Jan 2025,02 Jan 2025,,INET Inter Bank Fund Transfer Charges,10845.11,7739.06,327850.72
18 Jan 2025,18 Jan 2025,661519,INET Inter Bank Fund Transfer Charges,24262.21,17430.32,324904.41
07 Feb 2025,07 Feb 2025,,Raast IBFT to OMAR ZAMAN,9198.69,2122.5,454572.22
09 Dec 2024,09 Dec 2024,,INET Inter Bank Fund Transfer Charges,7794.88,2829.26,153317.25
09 Dec 2024,09 Dec 2024,,Raast IBFT to IQRA PARVEEN,11315.67,19867.02,40651.52
21 Dec 2024,21 Dec 2024,635758,INET Inter Bank Fund Transfer Charges,21402.39,5838.65,195593.25
10 Jan 2025,10 Jan 2025,,Raast IBFT to IQRA PARVEEN,2554.2,19745.81,318719.47
21 Dec 2024,21 Dec 2024,,Raast IBFT to IQRA PARVEEN,7882.41,23381.89,303104.8
16 Jan 2025,16 Jan 2025,,Mobile App MARYAM BEGUM,6869.33,21081.33,94379.26
01 Feb 2025,01 Feb 2025,978827,Raast IBFT to IQRA PARVEEN,15572.35,12878.91,498694.97
24 Jan 2025,24 Jan 2025,247880,INET Inter Bank Fund Transfer Charges,19925.64,15228.59,485892.68
17 Dec 2024,17 Dec 2024,282377,INET Inter Bank Fund Transfer Charges,13629.15,24160.39,108783.02
05 Feb 2025,05 Feb 2025,565417,Raast IBFT to OMAR ZAMAN,16768.08,11386.23,27805.19
08 Dec 2024,08 Dec 2024,290912,INET Inter Bank Fund Transfer Charges,18686.95,3755.66,406556.37
22 Jan 2025,22 Jan 2025,,Mobile App MARYAM BEGUM,17818.41,7477.99,88942.24
10 Dec 2024,10 Dec 2024,485072,INET Inter Bank Fund Transfer Charges,16723.28,8562.3,280445.81
19 Jan 2025,19 Jan 2025,,Raast IBFT to OMAR ZAMAN,17559.94,13194.44,177266.09
22 Jan 2025,22 Jan 2025,874427,Raast IBFT to OMAR ZAMAN,24783.36,5307.48,208109.69
22 Nov 2024,22 Nov 2024,,Raast IBFT to IQRA PARVEEN,4288.78,13772.12,214241.69
23 Nov 2024,23 Nov 2024,,Raast IBFT to IQRA PARVEEN,12028.9,15837.98,332140.65
13 Nov 2024,13 Nov 2024,801939,INET Inter Bank Fund Transfer Charges,10743.16,18793.99,430600.18
10 Dec 2024,10 Dec 2024,746830,Raast IBFT to IQRA PARVEEN,17688.14,10489.97,385113.49
09 Dec 2024,09 Dec 2024,,INET Inter Bank Fund Transfer Charges,4945.87,12198.45,167223.39
04 Jan 2025,04 Jan 2025,,Raast IBFT to OMAR ZAMAN,21791.78,21293.65,407022.28
04 Nov 2024,04 Nov 2024,,Raast IBFT to OMAR ZAMAN,14108.84,8394.89,280588.57
27 Jan 2025,27 Jan 2025,101054,Mobile App MARYAM BEGUM,13487.9,6386.42,243134.38
20 Jan 2025,20 Jan 2025,,Raast IBFT to IQRA PARVEEN,18892.13,6937.49,84952.13
11 Jan 2025,11 Jan 2025,811408,INET Inter Bank Fund Transfer Charges,15318.71,1375.16,471798.76
11 Nov 2024,11 Nov 2024,,Raast IBFT to OMAR ZAMAN,3514.24,7862.93,429311.71
20 Nov 2024,20 Nov 2024,661749,Raast IBFT to IQRA PARVEEN,23570.62,17268.81,235387.76
30 Nov 2024,30 Nov 2024,,INET Inter Bank Fund Transfer Charges,13494.33,7362.87,475420.66
17 Jan 2025,17 Jan 2025,378093,Raast IBFT to OMAR ZAMAN,18119.65,7335.29,131801.59
28 Jan 2025,28 Jan 2025,,Raast IBFT to OMAR ZAMAN,19001.17,15666.97,371192.25
17 Jan 2025,17 Jan 2025,,Mobile App MARYAM BEGUM,23632.94,18747.57,248880.79
12 Dec 2024,12 Dec 2024,,Mobile App MARYAM BEGUM,11002.39,9353.23,51192.12
19 Nov 2024,19 Nov 2024,623185,Raast IBFT to IQRA PARVEEN,14417.78,18404.98,63679.22
29 Dec 2024,29 Dec 2024,870499,Raast IBFT to IQRA PARVEEN,2968.73,21574.34,293058.78
08 Dec 2024,08 Dec 2024,452490,Mobile App MARYAM BEGUM,6439.58,2257.4,446259.59
09 Jan 2025,09 Jan 2025,,INET Inter Bank Fund Transfer Charges,19587.64,8834.1,492325.3
02 Nov 2024,02 Nov 2024,589420,INET Inter Bank Fund Transfer Charges,20585.19,3880.59,107514.17
03 Jan 2025,03 Jan 2025,547840,Mobile App MARYAM BEGUM,13351.36,13162.67,442881.44
18 Jan 2025,18 Jan 2025,,Raast IBFT to OMAR ZAMAN,15754.9,7938.5,230945.36
17 Nov 2024,17 Nov 2024,,Raast IBFT to IQRA PARVEEN,1856.23,545.64,280100.38
07 Dec 2024,07 Dec 2024,,INET Inter Bank Fund Transfer Charges,2987.23,3121.54,465451.98
16 Dec 2024,16 Dec 2024,,Raast IBFT to OMAR ZAMAN,13708.71,1789.78,486435.98
01 Dec 2024,01 Dec 2024,,Mobile App MARYAM BEGUM,14620.32,12178.14,360275.31
02 Feb 2025,02 Feb 2025,341742,Raast IBFT to IQRA PARVEEN,11048.36,1774.59,239668.22
11 Dec 2024,11 Dec 2024,390444,Raast IBFT to IQRA PARVEEN,16275.48,3488.38,379470.59
02 Jan 2025,02 Jan 2025,,Raast IBFT to OMAR ZAMAN,6291.81,6269.05,312625.36
31 Jan 2025,31 Jan 2025,401403,Mobile App MARYAM BEGUM,8655.02,4674.93,337927.09
23 Jan 2025,23 Jan 2025,320870,Raast IBFT to OMAR ZAMAN,13288.95,6771.12,231694.57
17 Jan 2025,17 Jan 2025,,Raast IBFT to IQRA PARVEEN,16749.26,8381.31,155962.23
16 Dec 2024,16 Dec 2024,099291,Raast IBFT to IQRA PARVEEN,16158.53,17993.82,135817.95
07 Dec 2024,07 Dec 2024,,Mobile App MARYAM BEGUM,3863.99,4881.4,401926.1
06 Dec 2024,06 Dec 2024,,Raast IBFT to IQRA PARVEEN,22341.9,9567.74,196475.74
17 Nov 2024,17 Nov 2024,775445,Raast IBFT to IQRA PARVEEN,22842.29,8349.15,323178.48
31 Dec 2024,31 Dec 2024,328325,Mobile App MARYAM BEGUM,11414.43,2545.08,26983.8
08 Jan 2025,08 Jan 2025,,Raast IBFT to IQRA PARVEEN,13235.96,12936.14,375416.61
19 Dec 2024,19 Dec 2024,822270,Raast IBFT to IQRA PARVEEN,7872.66,2688.27,140357.48
17 Jan 2025,17 Jan 2025,110514,Raast IBFT to IQRA PARVEEN,15261.68,14709.37,269911.33
14 Dec 2024,14 Dec 2024,952451,Mobile App MARYAM BEGUM,5191.95,9145.49,142771.14
01 Dec 2024,01 Dec 2024,,Raast IBFT to IQRA PARVEEN,12993.62,9928.21,62331.02
10 Nov 2024,10 Nov 2024,930315,Raast IBFT to OMAR ZAMAN,9274.82,1144.81,164262.5
05 Feb 2025,05 Feb 2025,,Raast IBFT to OMAR ZAMAN,6752.18,20295.21,349986.74
02 Dec 2024,02 Dec 2024,,Mobile App MARYAM BEGUM,11766.1,9089.75,41426.74
20 Nov 2024,20 Nov 2024,725375,Mobile App MARYAM BEGUM,20164.43,21608.5,318614.25
03 Feb 2025,03 Feb 2025,,Raast IBFT to IQRA PARVEEN,14562.15,10606.3,140939.14
25 Jan 2025,25 Jan 2025,914444,Raast IBFT to OMAR ZAMAN,9884.84,2219.88,497987.45
07 Jan 2025,07 Jan 2025,,Raast IBFT to IQRA PARVEEN,18154.23,22282.61,348679.3
15 Nov 2024,15 Nov 2024,576527,Raast IBFT to OMAR ZAMAN,6741.81,14344.15,220378.91
22 Dec 2024,22 Dec 2024,,Raast IBFT to IQRA PARVEEN,18248.72,15959.94,441576.05
08 Jan 2025,08 Jan 2025,,Raast IBFT to IQRA PARVEEN,4549.55,1094.4,20573.17
01 Nov 2024,01 Nov 2024,,INET Inter Bank Fund Transfer Charges,16602.12,6370.85,136657.48
09 Feb 2025,09 Feb 2025,711515,Mobile App MARYAM BEGUM,23446.31,24751.26,455004.35
30 Nov 2024,30 Nov 2024,,INET Inter Bank Fund Transfer Charges,19482.01,23178.28,45914.11
17 Nov 2024,17 Nov 2024,,INET Inter Bank Fund Transfer Charges,13651.17,6936.88,14937.88
17 Nov 2024,17 Nov 2024,128289,INET Inter Bank Fund Transfer Charges,1545.32,12908.17,400919.74
07 Dec 2024,07 Dec 2024,399981,Raast IBFT to IQRA PARVEEN,18129.75,10725.08,420639.42
08 Feb 2025,08 Feb 2025,754155,Raast IBFT to IQRA PARVEEN,10167.7,18733.15,431639.14
15 Dec 2024,15 Dec 2024,,Raast IBFT to OMAR ZAMAN,21653.83,2592.31,224397.16
29 Dec 2024,29 Dec 2024,970408,Mobile App MARYAM BEGUM,7740.5,3384.72,27176.66
22 Jan 2025,22 Jan 2025,928348,Raast IBFT to OMAR ZAMAN,2944.03,7389.56,126255.81
18 Dec 2024,18 Dec 2024,,Raast IBFT to OMAR ZAMAN,23744.31,3363.64,429266.39
04 Feb 2025,04 Feb 2025,,Mobile App MARYAM BEGUM,7939.78,1763.41,82638.14
10 Jan 2025,10 Jan 2025,416313,Mobile App MARYAM BEGUM,2493.07,4688.2,118807.87
05 Nov 2024,05 Nov 2024,,Raast IBFT to IQRA PARVEEN,20704.65,16009.3,351755.96
12 Jan 2025,12 Jan 2025,,INET Inter Bank Fund Transfer Charges,17732.01,19051.49,205460.3
15 Nov 2024,15 Nov 2024,130399,Raast IBFT to IQRA PARVEEN,21933.96,6701.25,457008.12
24 Jan 2025,24 Jan 2025,990804,INET Inter Bank Fund Transfer Charges,6070.48,6830.9,162284.0
02 Dec 2024,02 Dec 2024,528553,INET Inter Bank Fund Transfer Charges,3233.68,10255.89,223863.53
02 Feb 2025,02 Feb 2025,,INET Inter Bank Fund Transfer Charges,15857.81,22114.44,247869.63
15 Dec 2024,15 Dec 2024,005718,Mobile App MARYAM BEGUM,24488.67,9044.94,254576.07
14 Dec 2024,14 Dec 2024,720280,INET Inter Bank Fund Transfer Charges,18242.16,13354.31,385281.63
02 Nov 2024,02 Nov 2024,581450,Raast IBFT to OMAR ZAMAN,24510.33,15406.92,333561.47
21 Dec 2024,21 Dec 2024,230666,Raast IBFT to IQRA PARVEEN,10558.47,6699.93,431429.88
13 Nov 2024,13 Nov 2024,701635,Raast IBFT to IQRA PARVEEN,18016.65,10966.43,394571.54
15 Dec 2024,15 Dec 2024,849083,Raast IBFT to OMAR ZAMAN,9164.47,16360.85,405539.21
15 Nov 2024,15 Nov 2024,701596,Raast IBFT to OMAR ZAMAN,23227.22,5870.85,158621.1
20 Dec 2024,20 Dec 2024,,Raast IBFT to IQRA PARVEEN,11858.82,15344.73,477075.65
06 Dec 2024,06 Dec 2024,,INET Inter Bank Fund Transfer Charges,17989.38,4191.16,54103.2
03 Feb 2025,03 Feb 2025,,Raast IBFT to IQRA PARVEEN,12165.77,12764.39,294486.2
24 Jan 2025,24 Jan 2025,256815,INET Inter Bank Fund Transfer Charges,12793.33,19918.91,197961.19
23 Jan 2025,23 Jan 2025,,Raast IBFT to OMAR ZAMAN,24491.76,23221.1,441655.66
13 Dec 2024,13 Dec 2024,217410,INET Inter Bank Fund Transfer Charges,3457.42,19100.2,157212.44
22 Jan 2025,22 Jan 2025,,Raast IBFT to IQRA PARVEEN,2528.3,20143.22,313006.78
16 Dec 2024,16 Dec 2024,141269,INET Inter Bank Fund Transfer Charges,2533.76,14618.54,109423.2
26 Jan 2025,26 Jan 2025,340925,INET Inter Bank Fund Transfer Charges,18240.75,8969.22,385005.72
05 Nov 2024,05 Nov 2024,497830,INET Inter Bank Fund Transfer Charges,19540.59,23121.84,222903.91
12 Nov 2024,12 Nov 2024,,Mobile App MARYAM BEGUM,9563.17,9054.84,408085.63
03 Feb 2025,03 Feb 2025,,Mobile App MARYAM BEGUM,15285.79,8856.49,82624.26
30 Nov 2024,30 Nov 2024,294913,INET Inter Bank Fund Transfer Charges,18423.58,23973.67,377613.89
08 Nov 2024,08 Nov 2024,,Raast IBFT to OMAR ZAMAN,24926.46,12483.81,239477.69
07 Feb 2025,07 Feb 2025,,Mobile App MARYAM BEGUM,13740.58,22490.69,30843.57
05 Dec 2024,05 Dec 2024,,INET Inter Bank Fund Transfer Charges,5184.26,16792.12,387221.32
30 Nov 2024,30 Nov 2024,,Mobile App MARYAM BEGUM,19083.6,12862.02,199015.53
25 Nov 2024,25 Nov 2024,,Raast IBFT to IQRA PARVEEN,5728.38,14751.28,318278.01
18 Nov 2024,18 Nov 2024,,Raast IBFT to IQRA PARVEEN,3520.48,12561.9,90538.69
25 Jan 2025,25 Jan 2025,,INET Inter Bank Fund Transfer Charges,24130.56,18235.15,300221.79
06 Nov 2024,06 Nov 2024,460365,Raast IBFT to OMAR ZAMAN,18924.06,12578.58,407979.83
01 Jan 2025,01 Jan 2025,465863,Raast IBFT to OMAR ZAMAN,24362.7,71.78,89882.86
17 Nov 2024,17 Nov 2024,,Raast IBFT to IQRA PARVEEN,20065.04,12720.05,481819.79
31 Dec 2024,31 Dec 2024,,Mobile App MARYAM BEGUM,16991.6,14541.48,183527.77
17 Nov 2024,17 Nov 2024,041468,Mobile App MARYAM BEGUM,19289.68,20936.09,297310.63
15 Dec 2024,15 Dec 2024,,INET Inter Bank Fund Transfer Charges,17202.9,118.9,249736.6
27 Dec 2024,27 Dec 2024,,Raast IBFT to IQRA PARVEEN,2107.23,14500.41,443176.59
17 Jan 2025,17 Jan 2025,,Raast IBFT to IQRA PARVEEN,21150.67,24657.36,126599.5
08 Jan 2025,08 Jan 2025,633651,Mobile App MARYAM BEGUM,18960.46,15346.05,154782.59
18 Dec 2024,18 Dec 2024,,Raast IBFT to IQRA PARVEEN,9988.06,2991.27,436461.63
02 Jan 2025,02 Jan 2025,,INET Inter Bank Fund Transfer Charges,24782.17,11428.68,353746.43
10 Jan 2025,10 Jan 2025,148764,Raast IBFT to IQRA PARVEEN,6249.18,20857.96,476807.24
03 Jan 2025,03 Jan 2025,,Mobile App MARYAM BEGUM,21793.75,3229.69,91877.87
16 Dec 2024,16 Dec 2024,,Raast IBFT to OMAR ZAMAN,21109.35,15110.95,410005.36
14 Jan 2025,14 Jan 2025,,Raast IBFT to IQRA PARVEEN,2616.84,22021.95,389267.9
21 Dec 2024,21 Dec 2024,,INET Inter Bank Fund Transfer Charges,16055.66,10380.15,50421.8
06 Nov 2024,06 Nov 2024,924121,Mobile App MARYAM BEGUM,12464.94,18307.97,75451.44
17 Jan 2025,17 Jan 2025,,Mobile App MARYAM BEGUM,1377.84,21961.13,227366.9
02 Nov 2024,02 Nov 2024,957528,Raast IBFT to IQRA PARVEEN,24676.02,11657.55,244349.57
21 Nov 2024,21 Nov 2024,,Raast IBFT to OMAR ZAMAN,5257.04,18504.96,258566.62
13 Nov 2024,13 Nov 2024,,Raast IBFT to OMAR ZAMAN,5002.94,2197.81,77216.66
14 Jan 2025,14 Jan 2025,504131,Raast IBFT to OMAR ZAMAN,2280.9,10579.32,165692.9
29 Dec 2024,29 Dec 2024,305364,INET Inter Bank Fund Transfer Charges,8518.26,19695.8,161005.88
02 Dec 2024,02 Dec 2024,,INET Inter Bank Fund Transfer Charges,24418.54,18722.91,39200.17
14 Nov 2024,14 Nov 2024,942095,INET Inter Bank Fund Transfer Charges,16408.33,6220.32,321229.88
23 Dec 2024,23 Dec 2024,819718,Raast IBFT to IQRA PARVEEN,19270.39,7947.41,247624.89
22 Dec 2024,22 Dec 2024,438601,Mobile App MARYAM BEGUM,18837.41,23070.84,50968.09
12 Dec 2024,12 Dec 2024,,Raast IBFT to IQRA PARVEEN,4632.55,5589.19,287910.49
22 Jan 2025,22 Jan 2025,,Raast IBFT to IQRA PARVEEN,8900.7,13774.51,39982.49
20 Nov 2024,20 Nov 2024,278015,INET Inter Bank Fund Transfer Charges,18138.06,12867.04,477578.29
23 Nov 2024,23 Nov 2024,,Mobile App MARYAM BEGUM,9517.68,19500.24,161092.5
10 Nov 2024,10 Nov 2024,,Mobile App MARYAM BEGUM,12112.31,18371.22,60273.52
16 Jan 2025,16 Jan 2025,,Mobile App MARYAM BEGUM,11846.77,7992.23,320276.79
01 Feb 2025,01 Feb 2025,979894,Mobile App MARYAM BEGUM,13108.98,18628.99,150059.78
18 Nov 2024,18 Nov 2024,332416,Mobile App MARYAM BEGUM,1157.66,7459.52,297027.43
26 Dec 2024,26 Dec 2024,,INET Inter Bank Fund Transfer Charges,5363.79,2345.54,418050.52
18 Nov 2024,18 Nov 2024,390137,INET Inter Bank Fund Transfer Charges,24215.18,1924.19,441194.48
20 Jan 2025,20 Jan 2025,239562,Mobile App MARYAM BEGUM,6997.69,12065.03,342178.45
18 Dec 2024,18 Dec 2024,568882,INET Inter Bank Fund Transfer Charges,12654.97,3813.11,176906.22
08 Jan 2025,08 Jan 2025,870833,Mobile App MARYAM BEGUM,20236.33,11429.09,377097.26
03 Nov 2024,03 Nov 2024,,Mobile App MARYAM BEGUM,7398.78,16511.48,426009.94
15 Dec 2024,15 Dec 2024,814863,Raast IBFT to OMAR ZAMAN,9432.27,10280.37,282413.78
09 Nov 2024,09 Nov 2024,,Raast IBFT to OMAR ZAMAN,5613.88,188.76,290966.9
04 Nov 2024,04 Nov 2024,292312,Mobile App MARYAM BEGUM,3052.59,13966.1,182720.84
04 Feb 2025,04 Feb 2025,096774,Raast IBFT to IQRA PARVEEN,11637.43,12066.07,167174.24
14 Nov 2024,14 Nov 2024,960945,Raast IBFT to IQRA PARVEEN,9031.73,13612.77,251528.77
01 Dec 2024,01 Dec 2024,,Raast IBFT to OMAR ZAMAN,22143.86,21149.72,260689.51
23 Dec 2024,23 Dec 2024,,Raast IBFT to OMAR ZAMAN,24743.4,3486.75,206885.6
17 Nov 2024,17 Nov 2024,,Raast IBFT to OMAR ZAMAN,3153.11,3159.64,263074.96
18 Jan 2025,18 Jan 2025,701570,Raast IBFT to IQRA PARVEEN,15581.28,4880.01,397955.24
08 Dec 2024,08 Dec 2024,,INET Inter Bank Fund Transfer Charges,17379.21,13273.35,276033.63
17 Dec 2024,17 Dec 2024,,Raast IBFT to IQRA PARVEEN,12230.79,14536.07,46430.32
25 Nov 2024,25 Nov 2024,213127,INET Inter Bank Fund Transfer Charges,2777.07,15362.99,122988.44
01 Nov 2024,01 Nov 2024,,Raast IBFT to IQRA PARVEEN,18420.7,1605.22,158415.7
01 Jan 2025,01 Jan 2025,,Raast IBFT to OMAR ZAMAN,6231.19,24511.02,57873.9
11 Dec 2024,11 Dec 2024,,Raast IBFT to OMAR ZAMAN,10188.19,22307.62,181283.51
14 Jan 2025,14 Jan 2025,,INET Inter Bank Fund Transfer Charges,5973.45,21569.92,77186.58
05 Feb 2025,05 Feb 2025,,Raast IBFT to IQRA PARVEEN,9245.76,967.08,241855.67
17 Nov 2024,17 Nov 2024,,INET Inter Bank Fund Transfer Charges,1852.08,11489.13,283546.45
01 Feb 2025,01 Feb 2025,,Raast IBFT to OMAR ZAMAN,1095.14,15629.75,154921.97
08 Feb 2025,08 Feb 2025,492281,Raast IBFT to OMAR ZAMAN,3662.57,16173.11,311880.32
26 Nov 2024,26 Nov 2024,448209,Mobile App MARYAM BEGUM,4911.06,23353.59,251973.82
05 Nov 2024,05 Nov 2024,045842,INET Inter Bank Fund Transfer Charges,14049.28,17324.31,13339.84
08 Dec 2024,08 Dec 2024,767181,Raast IBFT to IQRA PARVEEN,20895.31,896.57,49346.99
12 Jan 2025,12 Jan 2025,266533,Mobile App MARYAM BEGUM,18873.77,23473.76,111830.72
01 Nov 2024,01 Nov 2024,,Raast IBFT to IQRA PARVEEN,8116.89,15184.25,328222.46
15 Nov 2024,15 Nov 2024,,Raast IBFT to OMAR ZAMAN,20513.62,16211.21,305176.32
16 Nov 2024,16 Nov 2024,191243,Mobile App MARYAM BEGUM,5247.71,24730.3,37820.14
19 Nov 2024,19 Nov 2024,,INET Inter Bank Fund Transfer Charges,8326.32,15252.58,194995.71
22 Dec 2024,22 Dec 2024,249708,Mobile App MARYAM BEGUM,10408.69,3260.05,351413.25
03 Nov 2024,03 Nov 2024,693506,Raast IBFT to IQRA PARVEEN,18509.88,12202.54,21782.16
29 Jan 2025,29 Jan 2025,099657,Mobile App MARYAM BEGUM,9101.52,16464.41,54089.4
04 Jan 2025,04 Jan 2025,,Raast IBFT to OMAR ZAMAN,5582.97,3412.68,134761.55
26 Dec 2024,26 Dec 2024,,Raast IBFT to OMAR ZAMAN,18217.74,15388.77,414243.75
29 Dec 2024,29 Dec 2024,,INET Inter Bank Fund Transfer Charges,10521.39,20834.17,193681.17
02 Jan 2025,02 Jan 2025,963660,Raast IBFT to IQRA PARVEEN,4401.4,13740.79,256360.26
25 Nov 2024,25 Nov 2024,,Raast IBFT to IQRA PARVEEN,24706.86,23530.38,301281.5
06 Jan 2025,06 Jan 2025,555216,INET Inter Bank Fund Transfer Charges,6603.72,13501.55,178881.9
07 Jan 2025,07 Jan 2025,,Raast IBFT to IQRA PARVEEN,20798.89,13558.02,353191.94
17 Jan 2025,17 Jan 2025,,INET Inter Bank Fund Transfer Charges,24787.89,5536.66,279945.34
16 Dec 2024,16 Dec 2024,,Mobile App MARYAM BEGUM,14425.37,24749.6,146814.69
25 Nov 2024,25 Nov 2024,502126,Raast IBFT to IQRA PARVEEN,22542.37,8736.13,211216.95
27 Dec 2024,27 Dec 2024,,INET Inter Bank Fund Transfer Charges,20393.53,20619.06,80554.21
23 Nov 2024,23 Nov 2024,432409,Raast IBFT to IQRA PARVEEN,20936.4,23640.67,274788.08
29 Nov 2024,29 Nov 2024,,Raast IBFT to IQRA PARVEEN,9128.43,20449.99,287061.67
18 Jan 2025,18 Jan 2025,,INET Inter Bank Fund Transfer Charges,19772.99,18058.73,340047.32
11 Jan 2025,11 Jan 2025,047663,Raast IBFT to IQRA PARVEEN,13185.7,16154.03,338261.57
08 Nov 2024,08 Nov 2024,062631,Mobile App MARYAM BEGUM,13576.03,5028.22,131348.1
29 Nov 2024,29 Nov 2024,816168,Raast IBFT to OMAR ZAMAN,15974.21,17475.77,335617.87
22 Jan 2025,22 Jan 2025,975173,Raast IBFT to OMAR ZAMAN,18698.29,1843.55,381507.65
26 Dec 2024,26 Dec 2024,079394,INET Inter Bank Fund Transfer Charges,13854.38,12489.61,269288.96
09 Nov 2024,09 Nov 2024,,INET Inter Bank Fund Transfer Charges,15982.37,4038.94,172926.4
01 Feb 2025,01 Feb 2025,462847,INET Inter Bank Fund Transfer Charges,15906.89,1310.2,148703.13
25 Jan 2025,25 Jan 2025,004952,Mobile App MARYAM BEGUM,21090.09,2638.85,404636.95
20 Jan 2025,20 Jan 2025,,Mobile App MARYAM BEGUM,18603.12,23814.08,283489.09
11 Dec 2024,11 Dec 2024,,Mobile App MARYAM BEGUM,9869.59,19008.86,370926.77
17 Jan 2025,17 Jan 2025,,INET Inter Bank Fund Transfer Charges,2738.41,19243.38,302345.22
19 Dec 2024,19 Dec 2024,,Mobile App MARYAM BEGUM,17171.76,18262.68,394247.19
05 Jan 2025,05 Jan 2025,941336,INET Inter Bank Fund Transfer Charges,24805.96,13360.02,497261.17
30 Nov 2024,30 Nov 2024,566939,Mobile App MARYAM BEGUM,8859.71,9460.76,247416.06
10 Jan 2025,10 Jan 2025,935484,INET Inter Bank Fund Transfer Charges,12890.11,12958.29,314470.61
27 Dec 2024,27 Dec 2024,,INET Inter Bank Fund Transfer Charges,1435.36,4804.43,330824.24
06 Feb 2025,06 Feb 2025,600294,Raast IBFT to OMAR ZAMAN,23871.63,15762.43,400614.9
02 Feb 2025,02 Feb 2025,,Mobile App MARYAM BEGUM,17474.23,6413.76,239214.83
02 Nov 2024,02 Nov 2024,,Mobile App MARYAM BEGUM,11923.17,6463.77,144104.09
20 Jan 2025,20 Jan 2025,,Mobile App MARYAM BEGUM,15198.66,17313.43,209522.39
25 Nov 2024,25 Nov 2024,,Raast IBFT to OMAR ZAMAN,4893.91,11891.32,418522.48
22 Jan 2025,22 Jan 2025,752611,Mobile App MARYAM BEGUM,20996.8,20946.77,200323.3
04 Feb 2025,04 Feb 2025,,INET Inter Bank Fund Transfer Charges,11408.24,5649.14,306966.51
10 Jan 2025,10 Jan 2025,,Raast IBFT to OMAR ZAMAN,20780.27,10632.21,122733.31
02 Jan 2025,02 Jan 2025,,INET Inter Bank Fund Transfer Charges,14599.88,7008.45,445821.34
05 Jan 2025,05 Jan 2025,,Raast IBFT to IQRA PARVEEN,22693.05,1123.03,474651.36
12 Dec 2024,12 Dec 2024,590617,Mobile App MARYAM BEGUM,24534.72,24336.92,84678.23
28 Jan 2025,28 Jan 2025,633403,Raast IBFT to IQRA PARVEEN,21177.62,5355.37,258420.28
10 Nov 2024,10 Nov 2024,799257,INET Inter Bank Fund Transfer Charges,16656.81,10052.6,271887.9
23 Dec 2024,23 Dec 2024,727395,Raast IBFT to IQRA PARVEEN,18151.48,24595.4,138690.06
14 Jan 2025,14 Jan 2025,856331,Raast IBFT to IQRA PARVEEN,19752.25,21385.96,228718.0
02 Dec 2024,02 Dec 2024,056797,Raast IBFT to IQRA PARVEEN,11533.94,14828.88,201863.31
02 Nov 2024,02 Nov 2024,,Raast IBFT to OMAR ZAMAN,14803.62,3800.16,379119.82
28 Dec 2024,28 Dec 2024,312047,Mobile App MARYAM BEGUM,18857.85,18202.35,166079.03
20 Dec 2024,20 Dec 2024,091819,Mobile App MARYAM BEGUM,4215.63,3627.39,492610.32
26 Dec 2024,26 Dec 2024,097382,Raast IBFT to IQRA PARVEEN,12209.65,3728.13,247221.94
02 Nov 2024,02 Nov 2024,,Raast IBFT to OMAR ZAMAN,15510.13,16575.05,384654.88
15 Jan 2025,15 Jan 2025,,Raast IBFT to IQRA PARVEEN,6185.43,6927.86,306766.49
13 Nov 2024,13 Nov 2024,856714,Raast IBFT to IQRA PARVEEN,6120.6,3363.53,239454.74
20 Dec 2024,20 Dec 2024,,Raast IBFT to IQRA PARVEEN,5665.47,22563.56,244933.8
01 Jan 2025,01 Jan 2025,,INET Inter Bank Fund Transfer Charges,23717.67,10284.74,303037.39
18 Nov 2024,18 Nov 2024,414138,INET Inter Bank Fund Transfer Charges,19036.4,19189.39,284828.15
17 Jan 2025,17 Jan 2025,965802,Mobile App MARYAM BEGUM,15699.68,16085.91,164968.46
02 Jan 2025,02 Jan 2025,692610,INET Inter Bank Fund Transfer Charges,20216.76,1517.26,322474.05
22 Dec 2024,22 Dec 2024,792310,Raast IBFT to OMAR ZAMAN,10982.08,19156.44,230584.55
24 Nov 2024,24 Nov 2024,001544,Mobile App MARYAM BEGUM,20551.37,7758.01,148351.05
28 Jan 2025,28 Jan 2025,316035,Raast IBFT to OMAR ZAMAN,22099.21,12180.76,25299.04
22 Jan 2025,22 Jan 2025,408406,Mobile App MARYAM BEGUM,4554.83,16302.91,18389.71
12 Jan 2025,12 Jan 2025,405161,Raast IBFT to OMAR ZAMAN,13650.79,14921.3,121938.91
02 Jan 2025,02 Jan 2025,,Mobile App MARYAM BEGUM,24936.9,1554.42,33989.12
27 Dec 2024,27 Dec 2024,317537,Raast IBFT to OMAR ZAMAN,16131.33,9417.88,93509.33
28 Jan 2025,28 Jan 2025,381073,INET Inter Bank Fund Transfer Charges,1429.89,15846.94,287640.3
12 Dec 2024,12 Dec 2024,905103,INET Inter Bank Fund Transfer Charges,7537.67,21152.16,138340.5
06 Dec 2024,06 Dec 2024,,Raast IBFT to IQRA PARVEEN,8721.35,24303.87,39356.72
15 Jan 2025,15 Jan 2025,,Raast IBFT to IQRA PARVEEN,17102.9,7595.44,167585.61
06 Jan 2025,06 Jan 2025,,Raast IBFT to IQRA PARVEEN,11782.91,15086.85,323114.38
24 Jan 2025,24 Jan 2025,064997,Mobile App MARYAM BEGUM,10975.26,21272.92,490965.42
12 Jan 2025,12 Jan 2025,,Raast IBFT to IQRA PARVEEN,3821.3,6466.67,458081.52
23 Nov 2024,23 Nov 2024,,INET Inter Bank Fund Transfer Charges,10702.77,10733.16,271037.01
11 Nov 2024,11 Nov 2024,179879,Raast IBFT to IQRA PARVEEN,13452.45,3936.24,122061.29
01 Dec 2024,01 Dec 2024,046644,Raast IBFT to IQRA PARVEEN,23822.79,7190.56,284570.46
23 Dec 2024,23 Dec 2024,077936,Raast IBFT to IQRA PARVEEN,6329.58,14663.41,467935.48
30 Jan 2025,30 Jan 2025,032945,Raast IBFT to IQRA PARVEEN,23147.35,20961.68,398759.74
07 Dec 2024,07 Dec 2024,,INET Inter Bank Fund Transfer Charges,2926.67,13563.57,243453.76
09 Feb 2025,09 Feb 2025,,Mobile App MARYAM BEGUM,8819.32,20724.4,311554.36
01 Feb 2025,01 Feb 2025,469155,Raast IBFT to IQRA PARVEEN,13758.27,18541.37,69935.02
11 Jan 2025,11 Jan 2025,409265,INET Inter Bank Fund Transfer Charges,10640.53,13280.14,463225.88
05 Feb 2025,05 Feb 2025,,INET Inter Bank Fund Transfer Charges,15566.55,20716.84,73565.85
19 Jan 2025,19 Jan 2025,,Raast IBFT to IQRA PARVEEN,4630.63,16646.43,366483.5
26 Nov 2024,26 Nov 2024,160431,Raast IBFT to OMAR ZAMAN,24064.86,17114.1,367476.97
26 Dec 2024,26 Dec 2024,251062,Raast IBFT to OMAR ZAMAN,1471.54,19731.6,406796.88
14 Nov 2024,14 Nov 2024,,Raast IBFT to IQRA PARVEEN,17278.38,15103.37,184705.86
10 Dec 2024,10 Dec 2024,,INET Inter Bank Fund Transfer Charges,11690.65,22617.42,121554.11
29 Jan 2025,29 Jan 2025,529972,Raast IBFT to OMAR ZAMAN,24676.08,22787.24,136532.68
29 Dec 2024,29 Dec 2024,,Raast IBFT to IQRA PARVEEN,13210.32,19304.32,199416.05
11 Nov 2024,11 Nov 2024,411583,INET Inter Bank Fund Transfer Charges,6298.33,20644.75,367677.07
04 Feb 2025,04 Feb 2025,347346,Raast IBFT to OMAR ZAMAN,5385.35,1211.54,59761.23
16 Nov 2024,16 Nov 2024,,Mobile App MARYAM BEGUM,22207.76,21523.38,198758.13
26 Jan 2025,26 Jan 2025,,Raast IBFT to OMAR ZAMAN,13146.66,10783.36,236840.4
19 Nov 2024,19 Nov 2024,,Raast IBFT to OMAR ZAMAN,5326.68,8353.44,16771.34
24 Nov 2024,24 Nov 2024,,Raast IBFT to OMAR ZAMAN,9121.0,19944.55,177702.09
18 Jan 2025,18 Jan 2025,,Raast IBFT to IQRA PARVEEN,24527.71,6950.23,245069.05
26 Dec 2024,26 Dec 2024,,Mobile App MARYAM BEGUM,1984.39,10493.4,268989.27
20 Jan 2025,20 Jan 2025,833687,Raast IBFT to IQRA PARVEEN,19838.39,18374.8,239399.13
23 Nov 2024,23 Nov 2024,,Raast IBFT to IQRA PARVEEN,16979.3,21447.69,358180.65
24 Dec 2024,24 Dec 2024,931351,Raast IBFT to OMAR ZAMAN,16375.1,6050.29,162422.08
31 Dec 2024,31 Dec 2024,,Raast IBFT to OMAR ZAMAN,10200.02,19556.23,178712.91
03 Feb 2025,03 Feb 2025,,INET Inter Bank Fund Transfer Charges,6926.76,11505.24,381019.26
31 Jan 2025,31 Jan 2025,,Raast IBFT to OMAR ZAMAN,22313.53,8398.19,90674.29
22 Nov 2024,22 Nov 2024,,Mobile App MARYAM BEGUM,11371.08,23468.45,40398.68
04 Jan 2025,04 Jan 2025,,Mobile App MARYAM BEGUM,22934.15,21386.46,386821.6
08 Nov 2024,08 Nov 2024,,Mobile App MARYAM BEGUM,6438.78,2468.14,56008.2
05 Dec 2024,05 Dec 2024,,INET Inter Bank Fund Transfer Charges,17975.7,21222.81,144203.95
06 Nov 2024,06 Nov 2024,,INET Inter Bank Fund Transfer Charges,12502.86,16225.78,161224.49
30 Jan 2025,30 Jan 2025,,INET Inter Bank Fund Transfer Charges,23304.83,15292.3,116629.75
16 Nov 2024,16 Nov 2024,135871,Raast IBFT to IQRA PARVEEN,1494.85,15422.87,305398.03
22 Dec 2024,22 Dec 2024,,Mobile App MARYAM BEGUM,4191.69,4453.48,167389.2
09 Dec 2024,09 Dec 2024,836652,Raast IBFT to IQRA PARVEEN,13391.92,5657.83,405566.38
10 Dec 2024,10 Dec 2024,357172,Raast IBFT to OMAR ZAMAN,12511.55,10877.31,310874.34
22 Jan 2025,22 Jan 2025,,Raast IBFT to IQRA PARVEEN,13794.2,938.45,123073.72
18 Dec 2024,18 Dec 2024,,Raast IBFT to IQRA PARVEEN,11783.65,21322.68,218582.38
05 Jan 2025,05 Jan 2025,550934,Raast IBFT to IQRA PARVEEN,21284.64,19960.9,98914.23
23 Jan 2025,23 Jan 2025,357503,Mobile App MARYAM BEGUM,14173.05,429.76,75816.54
10 Dec 2024,10 Dec 2024,,Raast IBFT to OMAR ZAMAN,18276.39,13510.71,178563.96
21 Dec 2024,21 Dec 2024,,Raast IBFT to OMAR ZAMAN,20699.4,18127.61,347502.7
10 Dec 2024,10 Dec 2024,177899,Raast IBFT to IQRA PARVEEN,3748.34,24936.32,402893.87
06 Jan 2025,06 Jan 2025,,Mobile App MARYAM BEGUM,22623.14,5924.46,136692.31
04 Jan 2025,04 Jan 2025,,Raast IBFT to IQRA PARVEEN,21270.73,21368.65,499979.26
21 Dec 2024,21 Dec 2024,199719,Mobile App MARYAM BEGUM,22546.5,977.71,274839.66
08 Nov 2024,08 Nov 2024,,Raast IBFT to OMAR ZAMAN,23345.69,24395.8,93644.38
11 Jan 2025,11 Jan 2025,,INET Inter Bank Fund Transfer Charges,20238.71,22388.25,414508.91
12 Nov 2024,12 Nov 2024,,INET Inter Bank Fund Transfer Charges,21329.27,3433.36,53022.13
24 Jan 2025,24 Jan 2025,000416,Raast IBFT to OMAR ZAMAN,11299.07,16841.59,283958.17
16 Jan 2025,16 Jan 2025,618163,Raast IBFT to IQRA PARVEEN,18025.99,7307.77,479542.61
12 Nov 2024,12 Nov 2024,498879,Mobile App MARYAM BEGUM,16339.45,23833.22,434330.98
22 Jan 2025,22 Jan 2025,962408,Raast IBFT to OMAR ZAMAN,12592.79,13952.04,59714.91
01 Feb 2025,01 Feb 2025,764073,Raast IBFT to OMAR ZAMAN,19390.37,12397.67,320762.52
11 Jan 2025,11 Jan 2025,894010,INET Inter Bank Fund Transfer Charges,13947.86,15240.72,161695.79
15 Nov 2024,15 Nov 2024,,INET Inter Bank Fund Transfer Charges,12984.4,11978.3,414279.78
04 Dec 2024,04 Dec 2024,,Raast IBFT to IQRA PARVEEN,10004.26,7988.17,272312.85
10 Nov 2024,10 Nov 2024,,Raast IBFT to IQRA PARVEEN,12136.94,18352.19,268713.23
27 Jan 2025,27 Jan 2025,873080,Raast IBFT to IQRA PARVEEN,10845.57,12128.81,401757.47
14 Dec 2024,14 Dec 2024,654304,Mobile App MARYAM BEGUM,21897.2,16996.78,25600.31
12 Nov 2024,12 Nov 2024,,INET Inter Bank Fund Transfer Charges,8511.01,4992.8,455950.44
22 Jan 2025,22 Jan 2025,,Mobile App MARYAM BEGUM,18896.98,13622.96,331327.83
14 Dec 2024,14 Dec 2024,329680,Raast IBFT to IQRA PARVEEN,2686.59,22590.6,37795.6
22 Dec 2024,22 Dec 2024,,Raast IBFT to IQRA PARVEEN,1943.32,2834.61,467049.23
08 Feb 2025,08 Feb 2025,738067,Raast IBFT to OMAR ZAMAN,20906.77,23640.49,204504.65
13 Dec 2024,13 Dec 2024,,INET Inter Bank Fund Transfer Charges,3404.98,4920.66,429659.97
30 Dec 2024,30 Dec 2024,560460,Raast IBFT to IQRA PARVEEN,11262.93,12477.32,151598.79
27 Jan 2025,27 Jan 2025,781851,INET Inter Bank Fund Transfer Charges,12714.34,5517.52,54092.31
14 Nov 2024,14 Nov 2024,374658,INET Inter Bank Fund Transfer Charges,15657.76,4336.5,110015.01
03 Feb 2025,03 Feb 2025,104137,Raast IBFT to IQRA PARVEEN,17189.03,24578.08,485421.56
04 Jan 2025,04 Jan 2025,,Mobile App MARYAM BEGUM,21132.56,19270.2,145627.76
25 Jan 2025,25 Jan 2025,369954,Raast IBFT to IQRA PARVEEN,6741.89,6921.33,358911.9
03 Nov 2024,03 Nov 2024,168729,INET Inter Bank Fund Transfer Charges,16569.01,600.39,311673.53
06 Jan 2025,06 Jan 2025,,Mobile App MARYAM BEGUM,8633.72,23165.75,454795.76
28 Nov 2024,28 Nov 2024,809985,Raast IBFT to IQRA PARVEEN,19343.51,13816.59,278757.73
07 Jan 2025,07 Jan 2025,075489,INET Inter Bank Fund Transfer Charges,4226.17,8288.87,91358.83
18 Nov 2024,18 Nov 2024,458824,INET Inter Bank Fund Transfer Charges,10316.6,9867.73,263308.15
03 Feb 2025,03 Feb 2025,,Raast IBFT to OMAR ZAMAN,21007.42,18827.83,259145.3
20 Jan 2025,20 Jan 2025,,Mobile App MARYAM BEGUM,20901.28,5062.2,468181.88
08 Dec 2024,08 Dec 2024,021798,INET Inter Bank Fund Transfer Charges,3200.37,17144.91,419442.44
23 Dec 2024,23 Dec 2024,,Raast IBFT to IQRA PARVEEN,12819.63,18492.12,338799.75
28 Nov 2024,28 Nov 2024,,INET Inter Bank Fund Transfer Charges,10790.58,4458.63,210516.23
21 Jan 2025,21 Jan 2025,474076,INET Inter Bank Fund Transfer Charges,21802.07,545.25,29881.24
05 Feb 2025,05 Feb 2025,,Mobile App MARYAM BEGUM,11066.82,19794.66,182045.99
08 Nov 2024,08 Nov 2024,,Raast IBFT to IQRA PARVEEN,17343.39,3699.64,365535.74
05 Jan 2025,05 Jan 2025,579068,INET Inter Bank Fund Transfer Charges,22345.44,12627.94,70085.63
18 Jan 2025,18 Jan 2025,,Mobile App MARYAM BEGUM,24920.19,8908.61,480333.3
21 Jan 2025,21 Jan 2025,,INET Inter Bank Fund Transfer Charges,19705.22,18225.32,460113.62
01 Feb 2025,01 Feb 2025,588577,Raast IBFT to OMAR ZAMAN,15558.18,14630.87,370262.83
14 Dec 2024,14 Dec 2024,075854,INET Inter Bank Fund Transfer Charges,7273.87,8517.77,202267.42
02 Jan 2025,02 Jan 2025,,Mobile App MARYAM BEGUM,12237.25,20129.05,114334.08
08 Jan 2025,08 Jan 2025,,Raast IBFT to IQRA PARVEEN,1250.13,6965.26,187659.9
10 Dec 2024,10 Dec 2024,914641,Raast IBFT to IQRA PARVEEN,2544.91,3013.63,148813.15
22 Jan 2025,22 Jan 2025,,INET Inter Bank Fund Transfer Charges,23157.88,15325.78,444339.04
28 Nov 2024,28 Nov 2024,131800,Raast IBFT to IQRA PARVEEN,7462.97,1032.52,113440.32
03 Jan 2025,03 Jan 2025,,Mobile App MARYAM BEGUM,13283.65,16446.6,197771.01
09 Feb 2025,09 Feb 2025,274556,Mobile App MARYAM BEGUM,19208.81,15576.51,385859.19
11 Dec 2024,11 Dec 2024,329960,Raast IBFT to OMAR ZAMAN,21989.98,14622.18,191585.29
25 Nov 2024,25 Nov 2024,,Mobile App MARYAM BEGUM,5393.81,2257.94,453928.92
08 Dec 2024,08 Dec 2024,982465,Raast IBFT to OMAR ZAMAN,17971.21,9967.96,290810.79
31 Jan 2025,31 Jan 2025,,INET Inter Bank Fund Transfer Charges,24820.74,19658.57,484774.02
05 Nov 2024,05 Nov 2024,,Raast IBFT to OMAR ZAMAN,3610.54,22247.99,86818.96
20 Dec 2024,20 Dec 2024,,Raast IBFT to OMAR ZAMAN,12086.76,22796.25,232809.17
18 Nov 2024,18 Nov 2024,976284,Raast IBFT to IQRA PARVEEN,4749.15,7915.95,108151.82
13 Nov 2024,13 Nov 2024,,Raast IBFT to IQRA PARVEEN,18108.78,9651.55,369092.5
01 Nov 2024,01 Nov 2024,,INET Inter Bank Fund Transfer Charges,4385.53,23934.13,400785.57
27 Jan 2025,27 Jan 2025,129080,Raast IBFT to OMAR ZAMAN,3266.99,3634.02,223141.78
07 Jan 2025,07 Jan 2025,402083,Raast IBFT to IQRA PARVEEN,15779.43,13337.55,304314.12
28 Jan 2025,28 Jan 2025,,INET Inter Bank Fund Transfer Charges,7490.83,12723.01,322183.18
01 Nov 2024,01 Nov 2024,,Raast IBFT to OMAR ZAMAN,23335.52,18740.49,85506.85
20 Dec 2024,20 Dec 2024,888498,Mobile App MARYAM BEGUM,20264.35,19754.42,122748.41
01 Feb 2025,01 Feb 2025,504680,Raast IBFT to IQRA PARVEEN,6097.83,13687.93,383021.92
06 Dec 2024,06 Dec 2024,165264,Raast IBFT to IQRA PARVEEN,17732.7,9491.02,290264.87
08 Dec 2024,08 Dec 2024,,Raast IBFT to IQRA PARVEEN,18830.45,12411.21,235146.07
11 Jan 2025,11 Jan 2025,,Raast IBFT to IQRA PARVEEN,22189.38,18031.64,120290.68
27 Nov 2024,27 Nov 2024,332007,Mobile App MARYAM BEGUM,10598.3,2100.47,496612.65
22 Jan 2025,22 Jan 2025,,INET Inter Bank Fund Transfer Charges,20096.65,6177.81,263147.94
13 Jan 2025,13 Jan 2025,765471,Mobile App MARYAM BEGUM,15359.82,21285.26,100287.62
06 Jan 2025,06 Jan 2025,,INET Inter Bank Fund Transfer Charges,6633.86,10854.18,299144.0
15 Nov 2024,15 Nov 2024,,Mobile App MARYAM BEGUM,15023.43,18391.01,386286.72
23 Jan 2025,23 Jan 2025,,Raast IBFT to OMAR ZAMAN,16252.87,21865.52,140727.12
16 Dec 2024,16 Dec 2024,444120,INET Inter Bank Fund Transfer Charges,14631.8,11144.35,85579.02
09 Nov 2024,09 Nov 2024,,INET Inter Bank Fund Transfer Charges,13969.21,4982.99,453749.18
07 Dec 2024,07 Dec 2024,460015,INET Inter Bank Fund Transfer Charges,4830.35,18980.78,35212.17
18 Dec 2024,18 Dec 2024,899781,Raast IBFT to OMAR ZAMAN,4533.69,9212.19,415143.04
14 Jan 2025,14 Jan 2025,,Raast IBFT to IQRA PARVEEN,12704.36,10632.82,199354.69
15 Jan 2025,15 Jan 2025,,Mobile App MARYAM BEGUM,21900.38,5518.85,353585.27
14 Nov 2024,14 Nov 2024,302297,Raast IBFT to OMAR ZAMAN,5344.2,14114.17,136407.82
15 Jan 2025,15 Jan 2025,,Raast IBFT to OMAR ZAMAN,21471.61,22541.16,69044.71
09 Dec 2024,09 Dec 2024,,Raast IBFT to IQRA PARVEEN,8646.52,21365.96,298311.51
15 Dec 2024,15 Dec 2024,,INET Inter Bank Fund Transfer Charges,23977.08,5432.5,468984.48
09 Nov 2024,09 Nov 2024,,Raast IBFT to OMAR ZAMAN,13505.12,22787.63,174595.39
18 Nov 2024,18 Nov 2024,279967,Raast IBFT to OMAR ZAMAN,16801.79,11721.59,203507.74
22 Nov 2024,22 Nov 2024,,Raast IBFT to OMAR ZAMAN,3618.88,6178.84,387056.27
30 Jan 2025,30 Jan 2025,,Raast IBFT to IQRA PARVEEN,3391.41,4698.05,423112.99
19 Jan 2025,19 Jan 2025,,Raast IBFT to IQRA PARVEEN,3338.58,18295.73,475213.68
07 Jan 2025,07 Jan 2025,793818,Raast IBFT to IQRA PARVEEN,2846.51,24991.56,209802.33
03 Jan 2025,03 Jan 2025,,Mobile App MARYAM BEGUM,7824.42,4081.92,190622.43
03 Feb 2025,03 Feb 2025,,Raast IBFT to IQRA PARVEEN,17357.2,14011.44,147669.42
23 Nov 2024,23 Nov 2024,,Raast IBFT to IQRA PARVEEN,21539.26,14603.47,52730.86
06 Dec 2024,06 Dec 2024,,Raast IBFT to OMAR ZAMAN,22219.39,4264.35,39200.54
17 Dec 2024,17 Dec 2024,585549,Raast IBFT to IQRA PARVEEN,3794.75,15537.31,298173.73
06 Dec 2024,06 Dec 2024,386328,Raast IBFT to OMAR ZAMAN,15039.45,20395.08,346761.74
29 Jan 2025,29 Jan 2025,887331,INET Inter Bank Fund Transfer Charges,3929.21,5835.21,76611.38
28 Jan 2025,28 Jan 2025,968010,Raast IBFT to OMAR ZAMAN,23430.87,9776.59,239442.28
02 Jan 2025,02 Jan 2025,150054,Mobile App MARYAM BEGUM,14554.51,2087.38,300043.24
13 Dec 2024,13 Dec 2024,667313,Raast IBFT to OMAR ZAMAN,22147.85,18109.14,78446.01
04 Jan 2025,04 Jan 2025,960260,Raast IBFT to OMAR ZAMAN,12299.75,8449.04,324842.44
12 Jan 2025,12 Jan 2025,680392,Mobile App MARYAM BEGUM,3670.13,19086.84,220486.62
27 Jan 2025,27 Jan 2025,,Raast IBFT to OMAR ZAMAN,13379.03,23909.16,377671.05
04 Dec 2024,04 Dec 2024,851594,Mobile App MARYAM BEGUM,24074.52,13410.91,310695.83
19 Nov 2024,19 Nov 2024,839968,Mobile App MARYAM BEGUM,17185.86,18121.57,10021.0
07 Dec 2024,07 Dec 2024,,Raast IBFT to IQRA PARVEEN,23114.53,4887.89,401389.68
07 Dec 2024,07 Dec 2024,306503,Raast IBFT to OMAR ZAMAN,17691.64,5822.66,362838.97
12 Dec 2024,12 Dec 2024,,INET Inter Bank Fund Transfer Charges,10046.8,20064.07,306784.9
01 Feb 2025,01 Feb 2025,,Raast IBFT to IQRA PARVEEN,16169.83,5432.44,230403.75
27 Jan 2025,27 Jan 2025,391999,Raast IBFT to IQRA PARVEEN,4450.01,9046.29,486623.38
29 Dec 2024,29 Dec 2024,,Raast IBFT to OMAR ZAMAN,19475.54,1683.31,399411.98
20 Dec 2024,20 Dec 2024,,Raast IBFT to IQRA PARVEEN,2343.24,1367.52,406115.79
23 Jan 2025,23 Jan 2025,,INET Inter Bank Fund Transfer Charges,8329.65,870.95,123867.21
05 Dec 2024,05 Dec 2024,993819,Raast IBFT to OMAR ZAMAN,16090.86,17774.76,412996.13
17 Jan 2025,17 Jan 2025,870842,Raast IBFT to OMAR ZAMAN,20269.09,22071.56,29810.03
09 Jan 2025,09 Jan 2025,430619,INET Inter Bank Fund Transfer Charges,1692.99,7288.91,421575.66
02 Feb 2025,02 Feb 2025,,Raast IBFT to OMAR ZAMAN,22879.08,16527.11,471129.7
19 Nov 2024,19 Nov 2024,,INET Inter Bank Fund Transfer Charges,12727.99,18230.36,189221.56
22 Nov 2024,22 Nov 2024,191436,Mobile App MARYAM BEGUM,10417.82,15488.27,336068.32
06 Jan 2025,06 Jan 2025,,Raast IBFT to IQRA PARVEEN,10076.81,23990.71,356653.88
09 Jan 2025,09 Jan 2025,,INET Inter Bank Fund Transfer Charges,22706.15,23111.18,122349.86
01 Feb 2025,01 Feb 2025,651690,INET Inter Bank Fund Transfer Charges,10969.31,8711.16,246817.12
03 Jan 2025,03 Jan 2025,,INET Inter Bank Fund Transfer Charges,24262.21,13410.77,261111.73
17 Dec 2024,17 Dec 2024,,Raast IBFT to IQRA PARVEEN,17276.02,15016.63,274485.08
13 Dec 2024,13 Dec 2024,,Raast IBFT to OMAR ZAMAN,5933.34,23445.75,353266.5
09 Nov 2024,09 Nov 2024,769927,Raast IBFT to OMAR ZAMAN,2340.42,8773.1,100398.71
05 Feb 2025,05 Feb 2025,,Raast IBFT to IQRA PARVEEN,16958.6,12362.07,208887.03
15 Nov 2024,15 Nov 2024,,INET Inter Bank Fund Transfer Charges,21432.2,1502.02,201611.34
11 Dec 2024,11 Dec 2024,,Mobile App MARYAM BEGUM,16900.11,13620.58,208630.64
29 Nov 2024,29 Nov 2024,656805,Mobile App MARYAM BEGUM,4865.47,635.05,389855.11
25 Jan 2025,25 Jan 2025,,Raast IBFT to IQRA PARVEEN,6075.11,9234.05,173707.47
04 Feb 2025,04 Feb 2025,,Raast IBFT to OMAR ZAMAN,2871.5,18521.42,192693.6
01 Nov 2024,01 Nov 2024,568190,INET Inter Bank Fund Transfer Charges,3362.7,4703.14,419829.88
20 Dec 2024,20 Dec 2024,,Raast IBFT to IQRA PARVEEN,20375.65,23669.19,280573.02
06 Nov 2024,06 Nov 2024,011107,INET Inter Bank Fund Transfer Charges,1754.58,5983.65,39357.14
15 Jan 2025,15 Jan 2025,770605,Raast IBFT to IQRA PARVEEN,21516.73,17628.98,312086.26
31 Dec 2024,31 Dec 2024,844884,Mobile App MARYAM BEGUM,10476.07,455.12,128948.65
04 Jan 2025,04 Jan 2025,,Mobile App MARYAM BEGUM,9072.71,19952.19,240181.56
14 Dec 2024,14 Dec 2024,980416,Raast IBFT to OMAR ZAMAN,7141.86,23463.86,469386.77
25 Nov 2024,25 Nov 2024,,Mobile App MARYAM BEGUM,7405.53,12263.95,321899.18
11 Dec 2024,11 Dec 2024,,Raast IBFT to IQRA PARVEEN,4239.97,5796.34,209633.41
04 Jan 2025,04 Jan 2025,,Mobile App MARYAM BEGUM,5004.41,5580.54,105331.8
04 Dec 2024,04 Dec 2024,,Raast IBFT to OMAR ZAMAN,10122.87,16032.4,197399.03
22 Dec 2024,22 Dec 2024,,Mobile App MARYAM BEGUM,8181.19,7385.86,138388.24
26 Jan 2025,26 Jan 2025,,INET Inter Bank Fund Transfer Charges,12929.92,4898.74,198889.44
04 Nov 2024,04 Nov 2024,,Raast IBFT to OMAR ZAMAN,18186.0,21243.29,36708.84
27 Jan 2025,27 Jan 2025,164893,Mobile App MARYAM BEGUM,19682.39,16654.5,129800.57
04 Nov 2024,04 Nov 2024,,Raast IBFT to OMAR ZAMAN,16840.4,5034.02,245987.69
26 Nov 2024,26 Nov 2024,,Mobile App MARYAM BEGUM,10783.28,17089.34,335218.92
29 Nov 2024,29 Nov 2024,747958,INET Inter Bank Fund Transfer Charges,13487.15,12744.91,473876.07
05 Dec 2024,05 Dec 2024,,INET Inter Bank Fund Transfer Charges,15693.45,21572.48,65473.2
13 Jan 2025,13 Jan 2025,,INET Inter Bank Fund Transfer Charges,21362.43,9625.43,73965.52
10 Nov 2024,10 Nov 2024,,INET Inter Bank Fund Transfer Charges,16125.86,18301.52,283227.32
01 Nov 2024,01 Nov 2024,,Mobile App MARYAM BEGUM,12352.46,2096.49,265982.3
06 Dec 2024,06 Dec 2024,196895,Raast IBFT to OMAR ZAMAN,19953.84,12295.45,52174.79
20 Jan 2025,20 Jan 2025,411274,Raast IBFT to OMAR ZAMAN,12966.22,16456.29,46607.85
27 Jan 2025,27 Jan 2025,,Raast IBFT to OMAR ZAMAN,20869.33,9686.28,189370.13
04 Feb 2025,04 Feb 2025,796710,Raast IBFT to OMAR ZAMAN,19883.13,5235.81,300232.29
02 Jan 2025,02 Jan 2025,054832,Raast IBFT to OMAR ZAMAN,6951.35,21223.1,406591.59
16 Nov 2024,16 Nov 2024,981023,Mobile App MARYAM BEGUM,12463.76,14454.96,20302.98
16 Nov 2024,16 Nov 2024,,Raast IBFT to OMAR ZAMAN,21330.75,2232.31,478681.81
01 Jan 2025,01 Jan 2025,,Mobile App MARYAM BEGUM,20838.22,21150.93,132126.71
23 Jan 2025,23 Jan 2025,291182,Mobile App MARYAM BEGUM,17437.73,2839.34,127954.5
02 Nov 2024,02 Nov 2024,,Raast IBFT to IQRA PARVEEN,23895.83,16589.9,219702.81
03 Dec 2024,03 Dec 2024,,Mobile App MARYAM BEGUM,6180.67,13301.42,122507.5
12 Dec 2024,12 Dec 2024,068122,Raast IBFT to IQRA PARVEEN,22485.56,9236.72,77943.6
03 Dec 2024,03 Dec 2024,702595,Mobile App MARYAM BEGUM,12891.33,8576.08,287655.05
07 Jan 2025,07 Jan 2025,272003,Raast IBFT to OMAR ZAMAN,22387.31,24641.02,289782.82
24 Nov 2024,24 Nov 2024,975276,Raast IBFT to IQRA PARVEEN,5615.79,17980.59,173313.34
02 Nov 2024,02 Nov 2024,795319,Raast IBFT to OMAR ZAMAN,2273.57,15511.92,441714.21
02 Nov 2024,02 Nov 2024,,INET Inter Bank Fund Transfer Charges,3387.03,19940.09,225342.95
21 Dec 2024,21 Dec 2024,438330,Raast IBFT to IQRA PARVEEN,12357.09,4112.36,146896.24
14 Nov 2024,14 Nov 2024,,Raast IBFT to IQRA PARVEEN,6057.32,4652.89,11118.96
09 Dec 2024,09 Dec 2024,538492,Mobile App MARYAM BEGUM,18791.12,1646.76,463524.8
15 Jan 2025,15 Jan 2025,921895,Raast IBFT to IQRA PARVEEN,7975.59,486.61,190337.71
11 Nov 2024,11 Nov 2024,,INET Inter Bank Fund Transfer Charges,2207.41,7453.94,492488.46
20 Nov 2024,20 Nov 2024,440911,INET Inter Bank Fund Transfer Charges,3463.19,13429.42,183437.97
03 Feb 2025,03 Feb 2025,904913,Raast IBFT to OMAR ZAMAN,24317.29,8942.83,218100.87
10 Dec 2024,10 Dec 2024,512486,Mobile App MARYAM BEGUM,3185.62,13149.38,182053.81
26 Dec 2024,26 Dec 2024,966839,Mobile App MARYAM BEGUM,24364.42,14283.66,388492.25
02 Jan 2025,02 Jan 2025,503309,INET Inter Bank Fund Transfer Charges,17418.5,10599.9,466657.23
29 Dec 2024,29 Dec 2024,,INET Inter Bank Fund Transfer Charges,21908.84,8241.72,445716.81
22 Dec 2024,22 Dec 2024,638695,Raast IBFT to IQRA PARVEEN,19400.25,8853.89,220885.06
17 Nov 2024,17 Nov 2024,,Mobile App MARYAM BEGUM,6800.5,9662.15,225938.74
03 Nov 2024,03 Nov 2024,,Raast IBFT to OMAR ZAMAN,20292.57,19729.42,377372.87
15 Nov 2024,15 Nov 2024,911527,INET Inter Bank Fund Transfer Charges,8044.0,6979.6,359068.49
01 Dec 2024,01 Dec 2024,,INET Inter Bank Fund Transfer Charges,8386.7,22510.04,247714.36
14 Nov 2024,14 Nov 2024,542236,Mobile App MARYAM BEGUM,16460.69,9657.5,97743.57
12 Dec 2024,12 Dec 2024,292542,Raast IBFT to OMAR ZAMAN,17787.33,1684.78,398998.74
03 Feb 2025,03 Feb 2025,026789,Mobile App MARYAM BEGUM,20701.92,3708.95,169465.68
26 Jan 2025,26 Jan 2025,591848,Mobile App MARYAM BEGUM,17849.9,21316.82,249286.04
07 Jan 2025,07 Jan 2025,,INET Inter Bank Fund Transfer Charges,9068.31,956.64,336528.91
03 Dec 2024,03 Dec 2024,796144,INET Inter Bank Fund Transfer Charges,18307.73,9674.88,474065.7
31 Dec 2024,31 Dec 2024,669605,Raast IBFT to OMAR ZAMAN,5978.25,15698.64,411302.27
01 Jan 2025,01 Jan 2025,,Raast IBFT to OMAR ZAMAN,2503.27,14517.83,141396.97
20 Jan 2025,20 Jan 2025,,Raast IBFT to IQRA PARVEEN,6276.73,23368.31,147098.69
02 Jan 2025,02 Jan 2025,,Raast IBFT to OMAR ZAMAN,6093.58,6449.19,376244.44
09 Dec 2024,09 Dec 2024,,Mobile App MARYAM BEGUM,7271.01,2554.54,338031.38
22 Dec 2024,22 Dec 2024,,Raast IBFT to IQRA PARVEEN,10851.13,1512.99,100478.86
21 Nov 2024,21 Nov 2024,116501,INET Inter Bank Fund Transfer Charges,14572.69,2972.63,466932.35
26 Jan 2025,26 Jan 2025,,Mobile App MARYAM BEGUM,2774.68,20684.59,217110.53
13 Nov 2024,13 Nov 2024,104397,Raast IBFT to IQRA PARVEEN,8525.96,23816.39,337284.83
13 Nov 2024,13 Nov 2024,,Raast IBFT to IQRA PARVEEN,11072.59,7540.54,300807.87
01 Feb 2025,01 Feb 2025,,Raast IBFT to IQRA PARVEEN,21845.37,1811.81,269544.36
19 Dec 2024,19 Dec 2024,,Mobile App MARYAM BEGUM,4558.63,4182.44,350800.52
22 Nov 2024,22 Nov 2024,361811,Raast IBFT to OMAR ZAMAN,2083.71,19096.77,230720.46
27 Dec 2024,27 Dec 2024,,Mobile App MARYAM BEGUM,21886.01,24071.46,121866.4
04 Jan 2025,04 Jan 2025,,Raast IBFT to OMAR ZAMAN,12097.84,8056.36,338868.95
18 Jan 2025,18 Jan 2025,,Mobile App MARYAM BEGUM,20876.6,13228.22,245191.89
06 Feb 2025,06 Feb 2025,799974,Raast IBFT to IQRA PARVEEN,2305.17,22089.93,134678.3
08 Feb 2025,08 Feb 2025,,Raast IBFT to OMAR ZAMAN,19705.77,15723.53,172568.56
27 Dec 2024,27 Dec 2024,,INET Inter Bank Fund Transfer Charges,15634.2,5869.11,308980.74
19 Dec 2024,19 Dec 2024,622843,Mobile App MARYAM BEGUM,7521.64,14932.83,362364.12
03 Nov 2024,03 Nov 2024,,Raast IBFT to IQRA PARVEEN,22740.14,449.29,449163.39
25 Nov 2024,25 Nov 2024,063572,INET Inter Bank Fund Transfer Charges,1043.62,100.42,58791.62
08 Dec 2024,08 Dec 2024,904467,Raast IBFT to OMAR ZAMAN,16397.79,2637.63,217004.61
04 Feb 2025,04 Feb 2025,,INET Inter Bank Fund Transfer Charges,6965.1,4484.54,71946.2
20 Nov 2024,20 Nov 2024,548154,INET Inter Bank Fund Transfer Charges,16570.16,4335.85,411671.34
01 Feb 2025,01 Feb 2025,,INET Inter Bank Fund Transfer Charges,4221.66,10112.8,429382.6
16 Nov 2024,16 Nov 2024,,Raast IBFT to OMAR ZAMAN,21022.87,17807.06,272602.31
20 Jan 2025,20 Jan 2025,720110,Mobile App MARYAM BEGUM,22499.07,20033.4,343230.39
20 Jan 2025,20 Jan 2025,779082,Mobile App MARYAM BEGUM,17418.01,18597.81,332825.37
09 Feb 2025,09 Feb 2025,,Raast IBFT to IQRA PARVEEN,23809.6,12867.61,117948.62
04 Dec 2024,04 Dec 2024,,Raast IBFT to IQRA PARVEEN,4963.4,2277.22,224277.35
10 Dec 2024,10 Dec 2024,,Mobile App MARYAM BEGUM,16691.43,109.41,49100.28
07 Nov 2024,07 Nov 2024,,Mobile App MARYAM BEGUM,24731.81,22172.39,365099.77
10 Nov 2024,10 Nov 2024,726306,Mobile App MARYAM BEGUM,11851.18,13010.32,334918.95
12 Dec 2024,12 Dec 2024,,INET Inter Bank Fund Transfer Charges,2113.15,12323.56,402062.91
11 Jan 2025,11 Jan 2025,,INET Inter Bank Fund Transfer Charges,7973.45,22910.99,20307.99
03 Jan 2025,03 Jan 2025,763263,Mobile App MARYAM BEGUM,18449.87,8741.72,426700.77
14 Nov 2024,14 Nov 2024,473351,Mobile App MARYAM BEGUM,14589.47,20361.14,245175.15
06 Dec 2024,06 Dec 2024,,Mobile App MARYAM BEGUM,21519.46,20875.86,93623.08
02 Feb 2025,02 Feb 2025,,Mobile App MARYAM BEGUM,18716.0,19046.91,264529.02
10 Dec 2024,10 Dec 2024,830735,INET Inter Bank Fund Transfer Charges,13399.75,10299.63,163598.46
30 Jan 2025,30 Jan 2025,,Raast IBFT to IQRA PARVEEN,18117.38,21118.1,242062.06
06 Nov 2024,06 Nov 2024,,Raast IBFT to OMAR ZAMAN,9717.24,5307.06,53082.08
21 Nov 2024,21 Nov 2024,,Mobile App MARYAM BEGUM,10431.47,24976.82,270474.05
18 Jan 2025,18 Jan 2025,,Raast IBFT to OMAR ZAMAN,24527.8,9701.5,426991.68
04 Nov 2024,04 Nov 2024,532424,Raast IBFT to IQRA PARVEEN,16686.43,13451.87,387893.98
22 Nov 2024,22 Nov 2024,,Mobile App MARYAM BEGUM,2583.16,17169.51,412451.15
05 Dec 2024,05 Dec 2024,764611,INET Inter Bank Fund Transfer Charges,9183.62,2122.73,65841.36
13 Nov 2024,13 Nov 2024,,INET Inter Bank Fund Transfer Charges,6973.09,20858.28,331743.66
09 Nov 2024,09 Nov 2024,397146,Raast IBFT to IQRA PARVEEN,4513.32,10410.31,371924.12
06 Nov 2024,06 Nov 2024,,Raast IBFT to IQRA PARVEEN,23538.45,10541.89,346455.71
22 Jan 2025,22 Jan 2025,103105,Raast IBFT to IQRA PARVEEN,24960.52,13934.29,270624.9
16 Nov 2024,16 Nov 2024,315485,INET Inter Bank Fund Transfer Charges,18936.57,6061.03,345781.21
14 Jan 2025,14 Jan 2025,699264,INET Inter Bank Fund Transfer Charges,7945.41,4566.03,480951.24
06 Jan 2025,06 Jan 2025,,Raast IBFT to OMAR ZAMAN,13395.74,16849.47,349125.92
25 Jan 2025,25 Jan 2025,,Raast IBFT to IQRA PARVEEN,16789.89,8333.95,141296.51
06 Dec 2024,06 Dec 2024,589418,Raast IBFT to OMAR ZAMAN,20261.41,210.29,459509.73
20 Jan 2025,20 Jan 2025,,Raast IBFT to IQRA PARVEEN,17022.1,1709.6,206869.23
24 Nov 2024,24 Nov 2024,,Mobile App MARYAM BEGUM,16079.46,5020.29,88642.27
22 Dec 2024,22 Dec 2024,077119,Raast IBFT to OMAR ZAMAN,16787.84,4759.7,216558.57
11 Nov 2024,11 Nov 2024,,Mobile App MARYAM BEGUM,10193.36,20353.65,456063.33
23 Jan 2025,23 Jan 2025,,Raast IBFT to OMAR ZAMAN,13798.03,19908.64,368468.7
16 Nov 2024,16 Nov 2024,792701,Mobile App MARYAM BEGUM,10648.32,20560.58,390018.44
02 Feb 2025,02 Feb 2025,657026,Raast IBFT to IQRA PARVEEN,13239.97,9474.3,140030.27
26 Nov 2024,26 Nov 2024,,INET Inter Bank Fund Transfer Charges,18925.51,24468.83,159631.04
23 Jan 2025,23 Jan 2025,782151,INET Inter Bank Fund Transfer Charges,8001.44,12285.69,69747.92
11 Nov 2024,11 Nov 2024,767167,Mobile App MARYAM BEGUM,17460.13,2781.28,327777.7
28 Dec 2024,28 Dec 2024,,Mobile App MARYAM BEGUM,1975.38,3741.11,286127.79
17 Nov 2024,17 Nov 2024,,Raast IBFT to IQRA PARVEEN,13919.88,14980.82,60133.84
03 Dec 2024,03 Dec 2024,,Mobile App MARYAM BEGUM,3736.39,19229.74,375150.36
06 Feb 2025,06 Feb 2025,553009,Raast IBFT to OMAR ZAMAN,21343.13,19031.62,413183.38
20 Nov 2024,20 Nov 2024,,INET Inter Bank Fund Transfer Charges,23966.33,21567.52,207066.84
18 Jan 2025,18 Jan 2025,,Mobile App MARYAM BEGUM,18513.46,14542.36,138765.33
06 Dec 2024,06 Dec 2024,124619,Raast IBFT to IQRA PARVEEN,7048.77,931.48,276096.97
03 Jan 2025,03 Jan 2025,,Mobile App MARYAM BEGUM,14341.94,5776.69,281588.56
06 Jan 2025,06 Jan 2025,939003,Mobile App MARYAM BEGUM,23781.07,1238.62,379507.84
29 Nov 2024,29 Nov 2024,314007,Raast IBFT to IQRA PARVEEN,1371.14,18998.83,371037.57
14 Jan 2025,14 Jan 2025,,Mobile App MARYAM BEGUM,19276.32,10339.43,464186.26
08 Feb 2025,08 Feb 2025,,Raast IBFT to OMAR ZAMAN,5246.71,17158.66,442942.74
05 Dec 2024,05 Dec 2024,,Raast IBFT to IQRA PARVEEN,17774.12,809.48,28409.27
22 Jan 2025,22 Jan 2025,,Raast IBFT to IQRA PARVEEN,20752.4,14478.43,121382.06
02 Feb 2025,02 Feb 2025,,Raast IBFT to OMAR ZAMAN,16713.28,886.27,153102.5
04 Dec 2024,04 Dec 2024,,INET Inter Bank Fund Transfer Charges,8320.92,4270.79,247130.15
09 Dec 2024,09 Dec 2024,,Mobile App MARYAM BEGUM,10227.5,9016.23,15736.18
11 Nov 2024,11 Nov 2024,933784,INET Inter Bank Fund Transfer Charges,11070.09,16254.89,431513.72
19 Dec 2024,19 Dec 2024,896970,INET Inter Bank Fund Transfer Charges,2821.22,2987.41,403105.38
31 Jan 2025,31 Jan 2025,,INET Inter Bank Fund Transfer Charges,14737.69,16646.97,212205.38
27 Jan 2025,27 Jan 2025,436953,Mobile App MARYAM BEGUM,6027.79,9783.6,177113.85
20 Nov 2024,20 Nov 2024,,Mobile App MARYAM BEGUM,22040.43,6374.02,149931.86
24 Nov 2024,24 Nov 2024,,Raast IBFT to OMAR ZAMAN,7486.52,16120.0,219170.63
17 Jan 2025,17 Jan 2025,,Raast IBFT to OMAR ZAMAN,11183.06,19767.12,188451.18
06 Jan 2025,06 Jan 2025,598792,Raast IBFT to IQRA PARVEEN,19958.17,23646.09,427951.68
05 Dec 2024,05 Dec 2024,051776,Raast IBFT to IQRA PARVEEN,4803.74,19954.32,66119.52
08 Feb 2025,08 Feb 2025,934651,Raast IBFT to IQRA PARVEEN,16245.76,17248.45,383814.49
17 Jan 2025,17 Jan 2025,490246,Raast IBFT to IQRA PARVEEN,13235.21,21899.3,97094.91
28 Jan 2025,28 Jan 2025,448336,Raast IBFT to IQRA PARVEEN,13057.47,10873.01,171169.81
11 Jan 2025,11 Jan 2025,576861,Raast IBFT to OMAR ZAMAN,19067.83,4774.93,292511.52
07 Dec 2024,07 Dec 2024,111604,Mobile App MARYAM BEGUM,3606.91,22528.58,334727.31
07 Dec 2024,07 Dec 2024,118328,Mobile App MARYAM BEGUM,8858.51,496.24,461526.96
25 Nov 2024,25 Nov 2024,,Raast IBFT to OMAR ZAMAN,16333.08,14356.81,373452.64
17 Nov 2024,17 Nov 2024,618813,INET Inter Bank Fund Transfer Charges,22074.54,7982.46,110810.71
02 Jan 2025,02 Jan 2025,,Raast IBFT to OMAR ZAMAN,24602.44,11858.56,414875.72
01 Jan 2025,01 Jan 2025,626204,Raast IBFT to OMAR ZAMAN,1240.78,9688.4,491091.22
28 Jan 2025,28 Jan 2025,,Raast IBFT to OMAR ZAMAN,5522.2,2891.11,462950.7
14 Nov 2024,14 Nov 2024,,Mobile App MARYAM BEGUM,12536.69,16244.77,354727.91
27 Dec 2024,27 Dec 2024,,Mobile App MARYAM BEGUM,2262.54,22083.52,212962.05
03 Feb 2025,03 Feb 2025,526747,Raast IBFT to IQRA PARVEEN,14034.54,16435.82,379855.41
03 Feb 2025,03 Feb 2025,836370,INET Inter Bank Fund Transfer Charges,14002.64,18212.96,183050.47
03 Feb 2025,03 Feb 2025,,Raast IBFT to OMAR ZAMAN,11014.02,3290.84,243812.01
22 Jan 2025,22 Jan 2025,,Mobile App MARYAM BEGUM,4632.04,24182.83,363634.97
02 Feb 2025,02 Feb 2025,342629,Raast IBFT to IQRA PARVEEN,5558.79,19700.28,275679.3
25 Dec 2024,25 Dec 2024,278859,Raast IBFT to IQRA PARVEEN,22330.45,17189.14,285642.53
15 Dec 2024,15 Dec 2024,,Raast IBFT to OMAR ZAMAN,4548.33,785.29,176642.42
07 Dec 2024,07 Dec 2024,,Raast IBFT to OMAR ZAMAN,11105.62,24306.2,58502.66
25 Jan 2025,25 Jan 2025,,INET Inter Bank Fund Transfer Charges,18500.1,23707.9,421594.59
22 Dec 2024,22 Dec 2024,632172,Raast IBFT to OMAR ZAMAN,8344.36,12392.96,146347.92
03 Dec 2024,03 Dec 2024,166590,Raast IBFT to IQRA PARVEEN,17406.71,15879.49,419587.3
26 Dec 2024,26 Dec 2024,,Mobile App MARYAM BEGUM,18112.6,3789.65,461482.61
02 Jan 2025,02 Jan 2025,,Raast IBFT to IQRA PARVEEN,15100.66,1703.99,172984.75
26 Jan 2025,26 Jan 2025,782584,INET Inter Bank Fund Transfer Charges,19804.41,6890.66,347019.16
22 Jan 2025,22 Jan 2025,429591,Raast IBFT to OMAR ZAMAN,20065.33,4895.44,422677.46
13 Jan 2025,13 Jan 2025,060870,INET Inter Bank Fund Transfer Charges,20094.54,2844.14,487948.53
14 Dec 2024,14 Dec 2024,534128,Raast IBFT to IQRA PARVEEN,16438.78,4232.3,152817.19
18 Nov 2024,18 Nov 2024,,Mobile App MARYAM BEGUM,10754.19,8615.72,448321.53
05 Jan 2025,05 Jan 2025,,Mobile App MARYAM BEGUM,10246.47,16939.8,329056.73
21 Dec 2024,21 Dec 2024,528510,Mobile App MARYAM BEGUM,14936.12,20337.97,325473.91
09 Dec 2024,09 Dec 2024,686977,Raast IBFT to OMAR ZAMAN,8322.76,4104.37,89494.91
15 Jan 2025,15 Jan 2025,187110,Raast IBFT to OMAR ZAMAN,5712.36,14833.14,394092.06
28 Nov 2024,28 Nov 2024,215215,INET Inter Bank Fund Transfer Charges,21474.31,22218.29,25099.49
21 Jan 2025,21 Jan 2025,846756,Mobile App MARYAM BEGUM,21183.01,3832.43,407261.73
09 Jan 2025,09 Jan 2025,975899,INET Inter Bank Fund Transfer Charges,10832.9,3499.67,246856.89
20 Jan 2025,20 Jan 2025,,Raast IBFT to OMAR ZAMAN,20358.01,12491.41,246598.6
09 Dec 2024,09 Dec 2024,,Raast IBFT to OMAR ZAMAN,5932.78,15129.15,95132.46
12 Nov 2024,12 Nov 2024,,INET Inter Bank Fund Transfer Charges,1054.31,4492.52,421454.78
01 Nov 2024,01 Nov 2024,,Mobile App MARYAM BEGUM,4891.01,22150.41,40552.61
28 Nov 2024,28 Nov 2024,,Raast IBFT to IQRA PARVEEN,8007.81,24653.4,154481.05
01 Dec 2024,01 Dec 2024,782609,Raast IBFT to IQRA PARVEEN,15121.14,15770.08,407415.56
22 Dec 2024,22 Dec 2024,278780,INET Inter Bank Fund Transfer Charges,8833.38,17043.01,114019.12
19 Nov 2024,19 Nov 2024,,Raast IBFT to IQRA PARVEEN,4778.89,17872.96,377056.81
16 Dec 2024,16 Dec 2024,738876,Raast IBFT to OMAR ZAMAN,10563.08,16267.4,65011.4
06 Jan 2025,06 Jan 2025,,Raast IBFT to OMAR ZAMAN,1474.44,6964.45,284699.82
03 Dec 2024,03 Dec 2024,975514,Raast IBFT to IQRA PARVEEN,11206.88,18498.56,267817.5
05 Feb 2025,05 Feb 2025,,Raast IBFT to OMAR ZAMAN,19979.17,9551.78,236759.43
24 Nov 2024,24 Nov 2024,470130,Mobile App MARYAM BEGUM,12052.55,13287.78,344240.05
01 Feb 2025,01 Feb 2025,,Raast IBFT to OMAR ZAMAN,5731.68,19979.73,73085.43
07 Nov 2024,07 Nov 2024,,Mobile App MARYAM BEGUM,2748.87,3006.34,87146.79
06 Nov 2024,06 Nov 2024,,INET Inter Bank Fund Transfer Charges,24959.87,14088.84,294757.67
08 Nov 2024,08 Nov 2024,,Mobile App MARYAM BEGUM,10130.73,7228.94,453570.4
17 Jan 2025,17 Jan 2025,,Raast IBFT to IQRA PARVEEN,17883.59,17203.92,301665.5
07 Feb 2025,07 Feb 2025,,Mobile App MARYAM BEGUM,5910.25,10359.07,114051.16
01 Dec 2024,01 Dec 2024,849054,Mobile App MARYAM BEGUM,14615.86,17844.98,108676.26
22 Nov 2024,22 Nov 2024,169022,Raast IBFT to OMAR ZAMAN,19227.1,5909.52,202057.45
21 Nov 2024,21 Nov 2024,902877,INET Inter Bank Fund Transfer Charges,15639.84,12638.69,295392.64
12 Nov 2024,12 Nov 2024,,Mobile App MARYAM BEGUM,23039.98,1138.08,29248.65
05 Dec 2024,05 Dec 2024,,Raast IBFT to IQRA PARVEEN,6349.67,15871.19,396795.62
16 Jan 2025,16 Jan 2025,911115,Raast IBFT to IQRA PARVEEN,7759.63,6396.87,207705.58
05 Jan 2025,05 Jan 2025,,Raast IBFT to IQRA PARVEEN,4009.2,9261.64,179752.38
13 Dec 2024,13 Dec 2024,,INET Inter Bank Fund Transfer Charges,10326.06,20392.08,187565.71
24 Nov 2024,24 Nov 2024,730683,Raast IBFT to IQRA PARVEEN,15701.16,16912.75,205736.96
09 Nov 2024,09 Nov 2024,037937,Mobile App MARYAM BEGUM,22751.05,18131.32,177811.1
02 Jan 2025,02 Jan 2025,162930,INET Inter Bank Fund Transfer Charges,20354.17,5808.72,105265.04
10 Nov 2024,10 Nov 2024,118678,INET Inter Bank Fund Transfer Charges,16172.59,22446.56,194619.69
04 Dec 2024,04 Dec 2024,,Raast IBFT to IQRA PARVEEN,2327.94,24807.12,232467.93
06 Feb 2025,06 Feb 2025,,Raast IBFT to OMAR ZAMAN,3866.82,23861.08,80218.64
29 Nov 2024,29 Nov 2024,284786,Raast IBFT to IQRA PARVEEN,13398.25,5510.34,226166.86
21 Dec 2024,21 Dec 2024,,Raast IBFT to IQRA PARVEEN,12280.97,16842.66,186005.16
20 Nov 2024,20 Nov 2024,,INET Inter Bank Fund Transfer Charges,24495.61,19255.24,46239.02
13 Nov 2024,13 Nov 2024,,INET Inter Bank Fund Transfer Charges,10995.04,16421.12,136395.62
27 Jan 2025,27 Jan 2025,475118,Raast IBFT to IQRA PARVEEN,17004.71,23694.27,161700.83
07 Jan 2025,07 Jan 2025,,Raast IBFT to IQRA PARVEEN,6090.71,22699.22,406347.41
06 Feb 2025,06 Feb 2025,,Mobile App MARYAM BEGUM,2016.33,2164.56,397471.45
28 Dec 2024,28 Dec 2024,468589,INET Inter Bank Fund Transfer Charges,6426.53,9632.76,468304.25
30 Jan 2025,30 Jan 2025,230169,Raast IBFT to IQRA PARVEEN,16703.32,23445.44,304755.85
16 Dec 2024,16 Dec 2024,618806,Raast IBFT to OMAR ZAMAN,20046.99,2259.51,390351.57
15 Nov 2024,15 Nov 2024,313696,Raast IBFT to OMAR ZAMAN,9871.77,14944.42,229957.33
23 Nov 2024,23 Nov 2024,,Mobile App MARYAM BEGUM,15298.31,22618.97,56308.24
04 Feb 2025,04 Feb 2025,559183,Mobile App MARYAM BEGUM,21861.51,19667.0,298045.16
21 Nov 2024,21 Nov 2024,927543,Mobile App MARYAM BEGUM,4217.76,23996.04,371846.69
25 Nov 2024,25 Nov 2024,744138,Raast IBFT to OMAR ZAMAN,12882.6,8578.54,192861.44
09 Nov 2024,09 Nov 2024,038205,Mobile App MARYAM BEGUM,15947.92,16009.55,198126.14
14 Nov 2024,14 Nov 2024,,Raast IBFT to OMAR ZAMAN,3027.18,4906.84,110258.57
29 Jan 2025,29 Jan 2025,,Raast IBFT to OMAR ZAMAN,5413.79,21210.5,19143.09
20 Nov 2024,20 Nov 2024,,Raast IBFT to IQRA PARVEEN,15947.22,10294.36,147195.57
03 Jan 2025,03 Jan 2025,,Raast IBFT to OMAR ZAMAN,16900.56,16882.89,11177.04
31 Jan 2025,31 Jan 2025,,INET Inter Bank Fund Transfer Charges,24314.84,14903.22,490143.01
13 Nov 2024,13 Nov 2024,,Raast IBFT to IQRA PARVEEN,12786.67,23519.48,369979.3
03 Nov 2024,03 Nov 2024,785130,Mobile App MARYAM BEGUM,3830.79,17681.06,389487.36
13 Nov 2024,13 Nov 2024,,Raast IBFT to IQRA PARVEEN,7579.84,2002.85,218642.27
31 Jan 2025,31 Jan 2025,,Raast IBFT to IQRA PARVEEN,2275.48,5965.96,336678.4
04 Feb 2025,04 Feb 2025,,Raast IBFT to OMAR ZAMAN,16251.7,1147.59,292431.1
19 Nov 2024,19 Nov 2024,,INET Inter Bank Fund Transfer Charges,4357.29,24116.97,112579.29
07 Nov 2024,07 Nov 2024,719724,Mobile App MARYAM BEGUM,2456.57,24052.53,239543.86
14 Nov 2024,14 Nov 2024,,INET Inter Bank Fund Transfer Charges,11655.58,15027.36,338559.89
10 Nov 2024,10 Nov 2024,,Raast IBFT to OMAR ZAMAN,13302.4,1899.26,170900.35
15 Dec 2024,15 Dec 2024,615024,Raast IBFT to IQRA PARVEEN,21954.7,1069.15,311329.5
07 Feb 2025,07 Feb 2025,518329,Mobile App MARYAM BEGUM,9430.16,8186.2,456218.58
03 Nov 2024,03 Nov 2024,655776,Raast IBFT to IQRA PARVEEN,16554.1,2143.66,124197.37
18 Jan 2025,18 Jan 2025,977725,Raast IBFT to OMAR ZAMAN,2687.67,12276.95,256692.56
30 Dec 2024,30 Dec 2024,008218,Mobile App MARYAM BEGUM,17289.22,17926.55,123187.9
10 Nov 2024,10 Nov 2024,641760,Mobile App MARYAM BEGUM,19349.77,13288.43,189701.46
30 Nov 2024,30 Nov 2024,,Mobile App MARYAM BEGUM,18326.12,5270.45,270126.01
02 Nov 2024,02 Nov 2024,252509,Mobile App MARYAM BEGUM,13479.35,23931.36,360183.1
03 Jan 2025,03 Jan 2025,447898,Raast IBFT to OMAR ZAMAN,5811.2,3518.44,272442.1
02 Feb 2025,02 Feb 2025,720388,Raast IBFT to IQRA PARVEEN,19203.57,9480.23,362130.83
04 Jan 2025,04 Jan 2025,,Raast IBFT to IQRA PARVEEN,15575.81,19693.07,130243.66
15 Nov 2024,15 Nov 2024,,Raast IBFT to OMAR ZAMAN,10119.98,3269.64,325657.21
20 Nov 2024,20 Nov 2024,738811,INET Inter Bank Fund Transfer Charges,3177.02,22480.79,64561.31
13 Nov 2024,13 Nov 2024,274593,Raast IBFT to OMAR ZAMAN,5334.7,5784.56,384291.62
03 Feb 2025,03 Feb 2025,061411,INET Inter Bank Fund Transfer Charges,17988.98,8081.43,453965.57
18 Jan 2025,18 Jan 2025,590151,Raast IBFT to OMAR ZAMAN,12196.09,17336.58,50764.99
02 Feb 2025,02 Feb 2025,776965,INET Inter Bank Fund Transfer Charges,22252.01,17081.53,436400.11
28 Nov 2024,28 Nov 2024,365169,Mobile App MARYAM BEGUM,21388.78,7349.13,341081.57
03 Nov 2024,03 Nov 2024,278345,Mobile App MARYAM BEGUM,20754.47,23047.92,124419.28
17 Nov 2024,17 Nov 2024,,Raast IBFT to IQRA PARVEEN,17696.46,15469.3,112515.03
01 Nov 2024,01 Nov 2024,,Mobile App MARYAM BEGUM,18860.84,12632.6,265626.33
17 Nov 2024,17 Nov 2024,168452,Raast IBFT to OMAR ZAMAN,5948.53,18544.56,144483.67
21 Jan 2025,21 Jan 2025,,Mobile App MARYAM BEGUM,13108.58,15722.98,165856.37
13 Jan 2025,13 Jan 2025,,INET Inter Bank Fund Transfer Charges,3352.05,17129.77,219134.13
20 Dec 2024,20 Dec 2024,,Raast IBFT to IQRA PARVEEN,18818.77,24776.2,289620.14
10 Jan 2025,10 Jan 2025,334874,Raast IBFT to OMAR ZAMAN,12858.56,11721.83,414419.16
04 Jan 2025,04 Jan 2025,,Mobile App MARYAM BEGUM,16597.21,11744.45,453374.65
09 Nov 2024,09 Nov 2024,098461,Mobile App MARYAM BEGUM,6150.34,20132.54,185252.75
28 Nov 2024,28 Nov 2024,070193,Mobile App MARYAM BEGUM,12495.21,5142.67,279062.68
17 Jan 2025,17 Jan 2025,,Raast IBFT to OMAR ZAMAN,10294.22,18811.84,229056.68
22 Jan 2025,22 Jan 2025,009680,Raast IBFT to IQRA PARVEEN,8283.65,2005.62,416102.49
30 Jan 2025,30 Jan 2025,,INET Inter Bank Fund Transfer Charges,15623.76,13998.71,390589.81
27 Dec 2024,27 Dec 2024,,Raast IBFT to OMAR ZAMAN,24761.71,16504.03,217570.03
07 Nov 2024,07 Nov 2024,641797,INET Inter Bank Fund Transfer Charges,17405.59,11584.78,161251.61
29 Jan 2025,29 Jan 2025,078852,INET Inter Bank Fund Transfer Charges,2979.77,12940.09,309533.05
22 Nov 2024,22 Nov 2024,634548,Raast IBFT to IQRA PARVEEN,9430.04,627.62,98786.89
13 Dec 2024,13 Dec 2024,,Raast IBFT to IQRA PARVEEN,13340.33,2868.31,281462.68
03 Jan 2025,03 Jan 2025,434913,INET Inter Bank Fund Transfer Charges,1415.43,24009.96,29714.67
20 Jan 2025,20 Jan 2025,225180,Mobile App MARYAM BEGUM,11389.55,8306.72,340000.99
10 Jan 2025,10 Jan 2025,,Mobile App MARYAM BEGUM,2601.75,6561.06,418975.35
23 Jan 2025,23 Jan 2025,528268,Mobile App MARYAM BEGUM,19877.88,15826.25,137392.05
14 Dec 2024,14 Dec 2024,,Raast IBFT to OMAR ZAMAN,6793.74,3895.56,493282.67
27 Jan 2025,27 Jan 2025,,INET Inter Bank Fund Transfer Charges,1021.8,4126.02,266901.15
25 Jan 2025,25 Jan 2025,830070,Mobile App MARYAM BEGUM,10955.5,3562.26,374350.92
18 Dec 2024,18 Dec 2024,,Raast IBFT to IQRA PARVEEN,24456.11,11265.76,126461.5
30 Nov 2024,30 Nov 2024,865882,Raast IBFT to IQRA PARVEEN,13161.55,23646.15,242530.14
10 Nov 2024,10 Nov 2024,258396,Mobile App MARYAM BEGUM,12028.15,14013.16,26919.06
23 Nov 2024,23 Nov 2024,534701,INET Inter Bank Fund Transfer Charges,20052.11,6725.72,270885.23
15 Jan 2025,15 Jan 2025,,Raast IBFT to IQRA PARVEEN,8722.12,20240.5,491389.37
28 Jan 2025,28 Jan 2025,,INET Inter Bank Fund Transfer Charges,21398.93,5006.06,98678.24
04 Feb 2025,04 Feb 2025,,Raast IBFT to OMAR ZAMAN,11790.57,22693.76,290563.53
06 Jan 2025,06 Jan 2025,873251,Raast IBFT to OMAR ZAMAN,1045.15,14654.81,370674.94
07 Jan 2025,07 Jan 2025,,Raast IBFT to IQRA PARVEEN,23434.28,7098.42,39200.91
26 Dec 2024,26 Dec 2024,,Mobile App MARYAM BEGUM,19150.72,12968.19,15907.89
16 Jan 2025,16 Jan 2025,,Mobile App MARYAM BEGUM,13681.38,20826.36,455024.52
15 Jan 2025,15 Jan 2025,013062,Mobile App MARYAM BEGUM,20902.23,5301.73,31406.05
07 Dec 2024,07 Dec 2024,411013,INET Inter Bank Fund Transfer Charges,4719.29,18847.35,288755.3
14 Jan 2025,14 Jan 2025,,INET Inter Bank Fund Transfer Charges,5216.1,8817.25,236039.96
21 Dec 2024,21 Dec 2024,478920,Raast IBFT to OMAR ZAMAN,19105.5,13777.28,438742.55
02 Dec 2024,02 Dec 2024,,Raast IBFT to OMAR ZAMAN,20378.42,13446.39,257501.59
24 Jan 2025,24 Jan 2025,,Raast IBFT to OMAR ZAMAN,10449.97,23681.39,135025.8
14 Nov 2024,14 Nov 2024,584031,Raast IBFT to IQRA PARVEEN,22982.54,18212.51,457033.6
29 Jan 2025,29 Jan 2025,,Raast IBFT to IQRA PARVEEN,21518.45,17330.59,444749.09
30 Nov 2024,30 Nov 2024,,INET Inter Bank Fund Transfer Charges,23209.69,23474.87,417376.95
01 Feb 2025,01 Feb 2025,993086,Mobile App MARYAM BEGUM,11658.63,21221.06,244246.51
19 Jan 2025,19 Jan 2025,292454,Mobile App MARYAM BEGUM,4804.91,39.24,362029.07
30 Jan 2025,30 Jan 2025,,INET Inter Bank Fund Transfer Charges,18405.98,19957.57,449437.13
04 Jan 2025,04 Jan 2025,338657,INET Inter Bank Fund Transfer Charges,17703.36,21205.67,486280.22
13 Dec 2024,13 Dec 2024,309344,Raast IBFT to OMAR ZAMAN,6131.22,24387.12,351772.56
28 Jan 2025,28 Jan 2025,,Mobile App MARYAM BEGUM,8789.95,9207.45,366134.66
18 Jan 2025,18 Jan 2025,716232,Raast IBFT to IQRA PARVEEN,8065.83,17694.1,365825.12
30 Jan 2025,30 Jan 2025,,Raast IBFT to OMAR ZAMAN,23481.33,15525.77,211014.2
10 Jan 2025,10 Jan 2025,,Mobile App MARYAM BEGUM,20863.15,10629.59,369952.58
30 Jan 2025,30 Jan 2025,653411,INET Inter Bank Fund Transfer Charges,23764.83,19488.34,398628.58
17 Nov 2024,17 Nov 2024,,INET Inter Bank Fund Transfer Charges,4158.22,2446.84,28032.81
16 Nov 2024,16 Nov 2024,,Raast IBFT to OMAR ZAMAN,15771.55,10905.49,195882.36
17 Jan 2025,17 Jan 2025,,Raast IBFT to OMAR ZAMAN,23298.95,20935.79,294350.32
06 Feb 2025,06 Feb 2025,047950,Raast IBFT to OMAR ZAMAN,6654.88,2472.6,106219.21
01 Jan 2025,01 Jan 2025,,Raast IBFT to OMAR ZAMAN,12669.65,13651.04,135271.46
29 Nov 2024,29 Nov 2024,530706,Raast IBFT to IQRA PARVEEN,9529.57,21787.07,213654.65
09 Feb 2025,09 Feb 2025,270627,Raast IBFT to OMAR ZAMAN,15592.38,3831.97,10154.0
14 Dec 2024,14 Dec 2024,335711,INET Inter Bank Fund Transfer Charges,4171.45,15200.44,454559.32
26 Dec 2024,26 Dec 2024,076623,Raast IBFT to OMAR ZAMAN,8818.04,3244.57,322811.52
11 Nov 2024,11 Nov 2024,825458,Raast IBFT to OMAR ZAMAN,8649.14,18765.73,133412.11
20 Nov 2024,20 Nov 2024,,Mobile App MARYAM BEGUM,13398.46,5651.4,144888.59
13 Jan 2025,13 Jan 2025,640999,Raast IBFT to IQRA PARVEEN,23276.7,12380.23,242246.31
08 Jan 2025,08 Jan 2025,,INET Inter Bank Fund Transfer Charges,21445.78,24268.57,303674.84
22 Nov 2024,22 Nov 2024,,Mobile App MARYAM BEGUM,12733.76,419.86,61583.26
11 Nov 2024,11 Nov 2024,072604,INET Inter Bank Fund Transfer Charges,3930.83,7524.91,393717.23
07 Dec 2024,07 Dec 2024,755784,Raast IBFT to IQRA PARVEEN,13611.38,17645.98,457608.51
29 Jan 2025,29 Jan 2025,287600,Raast IBFT to OMAR ZAMAN,15902.84,1252.48,32972.0
07 Dec 2024,07 Dec 2024,946295,Raast IBFT to OMAR ZAMAN,17017.49,9562.96,449598.21
19 Jan 2025,19 Jan 2025,,Raast IBFT to IQRA PARVEEN,7896.96,13601.47,320507.66
20 Dec 2024,20 Dec 2024,,Raast IBFT to IQRA PARVEEN,5564.71,606.28,222847.34
03 Nov 2024,03 Nov 2024,504150,Raast IBFT to IQRA PARVEEN,20639.52,18051.67,280767.12
28 Nov 2024,28 Nov 2024,988288,Raast IBFT to OMAR ZAMAN,23164.81,7608.53,216920.64
14 Dec 2024,14 Dec 2024,,Mobile App MARYAM BEGUM,5548.93,7434.75,82047.27
05 Jan 2025,05 Jan 2025,,Raast IBFT to IQRA PARVEEN,6000.53,12641.09,214348.94
06 Nov 2024,06 Nov 2024,,Raast IBFT to IQRA PARVEEN,18833.82,11707.07,95061.56
13 Jan 2025,13 Jan 2025,228917,Raast IBFT to OMAR ZAMAN,6733.12,8202.87,389828.28
10 Dec 2024,10 Dec 2024,223461,Raast IBFT to IQRA PARVEEN,1518.02,4216.52,201908.56
28 Jan 2025,28 Jan 2025,010040,INET Inter Bank Fund Transfer Charges,22983.75,18180.87,186924.31
26 Nov 2024,26 Nov 2024,,INET Inter Bank Fund Transfer Charges,16399.0,19604.84,153230.05
19 Dec 2024,19 Dec 2024,196546,Raast IBFT to OMAR ZAMAN,15352.97,6041.55,97198.09
04 Nov 2024,04 Nov 2024,,INET Inter Bank Fund Transfer Charges,24116.22,14917.67,244722.25
06 Dec 2024,06 Dec 2024,,Raast IBFT to OMAR ZAMAN,9553.4,3857.71,258506.07
25 Dec 2024,25 Dec 2024,,Raast IBFT to OMAR ZAMAN,13329.87,7218.66,400562.77
27 Jan 2025,27 Jan 2025,901981,INET Inter Bank Fund Transfer Charges,20367.06,15062.93,125474.87
04 Jan 2025,04 Jan 2025,310260,Raast IBFT to IQRA PARVEEN,3020.97,1289.05,82843.29
06 Dec 2024,06 Dec 2024,947318,Raast IBFT to OMAR ZAMAN,9521.45,15321.49,215710.78
27 Jan 2025,27 Jan 2025,245830,INET Inter Bank Fund Transfer Charges,14289.71,1903.86,147572.04
17 Nov 2024,17 Nov 2024,,Raast IBFT to IQRA PARVEEN,6393.88,3191.25,396908.25
27 Dec 2024,27 Dec 2024,,Raast IBFT to OMAR ZAMAN,16140.87,10379.71,178103.91
20 Nov 2024,20 Nov 2024,,Raast IBFT to OMAR ZAMAN,21087.88,3967.78,153008.43
10 Jan 2025,10 Jan 2025,752678,Mobile App MARYAM BEGUM,6221.4,3902.96,398741.88
30 Nov 2024,30 Nov 2024,345619,Raast IBFT to IQRA PARVEEN,15343.04,19497.89,196982.05
13 Dec 2024,13 Dec 2024,599960,Raast IBFT to IQRA PARVEEN,2096.06,18230.35,448264.54
30 Nov 2024,30 Nov 2024,,INET Inter Bank Fund Transfer Charges,1599.74,1527.01,235501.62
18 Dec 2024,18 Dec 2024,,Mobile App MARYAM BEGUM,20939.03,19841.91,265488.59
13 Jan 2025,13 Jan 2025,,Raast IBFT to IQRA PARVEEN,11549.46,2899.87,386838.0
02 Feb 2025,02 Feb 2025,675220,INET Inter Bank Fund Transfer Charges,24832.19,11547.17,350859.27
07 Dec 2024,07 Dec 2024,,Mobile App MARYAM BEGUM,13394.13,23282.92,247034.56
06 Dec 2024,06 Dec 2024,,Mobile App MARYAM BEGUM,11430.57,8969.77,387429.84
24 Jan 2025,24 Jan 2025,,Raast IBFT to OMAR ZAMAN,14216.69,21725.01,266323.68
21 Jan 2025,21 Jan 2025,,INET Inter Bank Fund Transfer Charges,1533.07,23339.16,167478.36
03 Dec 2024,03 Dec 2024,773916,INET Inter Bank Fund Transfer Charges,24244.62,12818.49,316325.4
11 Nov 2024,11 Nov 2024,941973,Raast IBFT to IQRA PARVEEN,11734.77,16191.47,221414.1
11 Jan 2025,11 Jan 2025,,Raast IBFT to OMAR ZAMAN,6235.97,1556.21,162021.47
30 Dec 2024,30 Dec 2024,071483,INET Inter Bank Fund Transfer Charges,5132.01,12774.33,360593.52
05 Jan 2025,05 Jan 2025,,Mobile App MARYAM BEGUM,10230.46,14351.55,404901.41
13 Dec 2024,13 Dec 2024,,Raast IBFT to IQRA PARVEEN,24024.29,1727.25,378487.73
08 Nov 2024,08 Nov 2024,,Raast IBFT to IQRA PARVEEN,21469.23,22477.66,303759.23
30 Nov 2024,30 Nov 2024,,Raast IBFT to IQRA PARVEEN,6626.99,8758.59,37701.76
13 Jan 2025,13 Jan 2025,,Mobile App MARYAM BEGUM,21802.24,1723.34,147537.55
16 Jan 2025,16 Jan 2025,279981,Raast IBFT to OMAR ZAMAN,1883.25,17164.45,164111.31
16 Dec 2024,16 Dec 2024,,Raast IBFT to OMAR ZAMAN,10580.53,22661.0,438776.1
25 Dec 2024,25 Dec 2024,626524,Raast IBFT to OMAR ZAMAN,22660.95,15608.12,465635.67
08 Feb 2025,08 Feb 2025,729455,Mobile App MARYAM BEGUM,2589.84,15622.54,465110.49
08 Dec 2024,08 Dec 2024,,Raast IBFT to OMAR ZAMAN,10853.12,15705.41,304223.56
24 Dec 2024,24 Dec 2024,,INET Inter Bank Fund Transfer Charges,12353.2,21202.6,234290.72
19 Nov 2024,19 Nov 2024,,INET Inter Bank Fund Transfer Charges,12442.05,23606.05,142978.29
29 Dec 2024,29 Dec 2024,857466,Raast IBFT to OMAR ZAMAN,3299.65,16218.16,263256.13
04 Feb 2025,04 Feb 2025,057163,Mobile App MARYAM BEGUM,15694.4,21978.21,174208.21
22 Dec 2024,22 Dec 2024,,Mobile App MARYAM BEGUM,4149.27,2945.76,496563.32
01 Feb 2025,01 Feb 2025,,Raast IBFT to OMAR ZAMAN,11173.25,14770.65,274474.62
16 Jan 2025,16 Jan 2025,881247,Mobile App MARYAM BEGUM,20958.14,2275.14,406940.36
23 Jan 2025,23 Jan 2025,,Mobile App MARYAM BEGUM,12657.29,14066.39,241095.8
09 Dec 2024,09 Dec 2024,,Raast IBFT to OMAR ZAMAN,14512.35,18488.39,380953.08
29 Dec 2024,29 Dec 2024,170982,Raast IBFT to OMAR ZAMAN,9995.05,16991.27,416569.25
20 Dec 2024,20 Dec 2024,,Mobile App MARYAM BEGUM,23803.02,16204.69,201921.19
19 Nov 2024,19 Nov 2024,,Raast IBFT to IQRA PARVEEN,13218.06,2450.65,230691.91
26 Jan 2025,26 Jan 2025,211131,Raast IBFT to OMAR ZAMAN,16389.75,14638.69,111670.41
26 Dec 2024,26 Dec 2024,216465,Raast IBFT to OMAR ZAMAN,3477.38,12382.38,24908.37
08 Jan 2025,08 Jan 2025,550965,Raast IBFT to OMAR ZAMAN,11234.07,13253.83,264709.44
20 Jan 2025,20 Jan 2025,127356,Mobile App MARYAM BEGUM,12084.62,22491.65,300491.5
23 Dec 2024,23 Dec 2024,,Raast IBFT to OMAR ZAMAN,15227.54,6618.42,323125.5
22 Jan 2025,22 Jan 2025,746418,Raast IBFT to OMAR ZAMAN,11374.88,3148.99,74592.15
25 Jan 2025,25 Jan 2025,,Raast IBFT to OMAR ZAMAN,19744.05,15651.5,273052.58
16 Nov 2024,16 Nov 2024,,INET Inter Bank Fund Transfer Charges,22363.45,5921.06,173206.8
16 Jan 2025,16 Jan 2025,,Mobile App MARYAM BEGUM,22437.3,7287.73,186352.87
14 Nov 2024,14 Nov 2024,239437,Raast IBFT to OMAR ZAMAN,12300.6,18625.47,349830.53
03 Feb 2025,03 Feb 2025,,INET Inter Bank Fund Transfer Charges,8131.75,4251.59,237185.48
28 Dec 2024,28 Dec 2024,,Mobile App MARYAM BEGUM,7434.81,9218.66,139507.51
02 Nov 2024,02 Nov 2024,,Mobile App MARYAM BEGUM,20351.65,21845.1,144243.18
24 Nov 2024,24 Nov 2024,,Mobile App MARYAM BEGUM,6603.34,19332.64,36381.86
26 Nov 2024,26 Nov 2024,,Mobile App MARYAM BEGUM,2453.01,11264.18,408667.92
11 Dec 2024,11 Dec 2024,325023,Raast IBFT to OMAR ZAMAN,1887.41,2623.99,83929.22
12 Jan 2025,12 Jan 2025,,Raast IBFT to OMAR ZAMAN,5766.81,1439.26,212186.6
23 Nov 2024,23 Nov 2024,,INET Inter Bank Fund Transfer Charges,3652.69,15710.46,415423.18
18 Dec 2024,18 Dec 2024,967973,Raast IBFT to IQRA PARVEEN,20360.78,7108.93,345027.63
28 Dec 2024,28 Dec 2024,848543,Raast IBFT to IQRA PARVEEN,11199.01,19500.82,370841.19
30 Jan 2025,30 Jan 2025,,Raast IBFT to OMAR ZAMAN,9757.76,6947.73,257362.3
10 Dec 2024,10 Dec 2024,452691,Raast IBFT to IQRA PARVEEN,2907.92,24854.36,60077.99
10 Nov 2024,10 Nov 2024,,Raast IBFT to OMAR ZAMAN,14150.32,9705.93,374015.21
22 Jan 2025,22 Jan 2025,,Raast IBFT to IQRA PARVEEN,22317.47,14090.86,335777.0
31 Dec 2024,31 Dec 2024,,INET Inter Bank Fund Transfer Charges,16301.67,24808.48,385648.55
07 Feb 2025,07 Feb 2025,190926,Mobile App MARYAM BEGUM,16417.49,20189.51,206211.53
03 Feb 2025,03 Feb 2025,341282,Mobile App MARYAM BEGUM,11462.41,21662.14,470980.57
23 Dec 2024,23 Dec 2024,,INET Inter Bank Fund Transfer Charges,13953.5,22002.5,472138.11
24 Jan 2025,24 Jan 2025,,Mobile App MARYAM BEGUM,22130.81,10114.79,468834.01
07 Nov 2024,07 Nov 2024,,Raast IBFT to IQRA PARVEEN,10329.43,8591.13,352833.18
01 Nov 2024,01 Nov 2024,,Mobile App MARYAM BEGUM,4521.64,22711.18,486556.34
03 Feb 2025,03 Feb 2025,,Raast IBFT to OMAR ZAMAN,19318.99,19399.35,404043.48
02 Nov 2024,02 Nov 2024,588744,Raast IBFT to IQRA PARVEEN,21417.08,6441.98,156938.22
02 Feb 2025,02 Feb 2025,,Raast IBFT to IQRA PARVEEN,21257.97,6832.37,33351.8
16 Jan 2025,16 Jan 2025,,Mobile App MARYAM BEGUM,12035.48,4510.62,32442.74
14 Dec 2024,14 Dec 2024,,Raast IBFT to OMAR ZAMAN,23140.44,23205.67,397619.63
03 Dec 2024,03 Dec 2024,,INET Inter Bank Fund Transfer Charges,23189.57,2139.03,94740.25
08 Jan 2025,08 Jan 2025,695957,Mobile App MARYAM BEGUM,5908.42,10352.78,128297.61
18 Nov 2024,18 Nov 2024,633148,Raast IBFT to OMAR ZAMAN,23411.3,17111.3,120383.12
14 Dec 2024,14 Dec 2024,461292,INET Inter Bank Fund Transfer Charges,17019.42,16766.39,83077.44
11 Dec 2024,11 Dec 2024,553964,Mobile App MARYAM BEGUM,6848.04,24949.86,451510.89
22 Nov 2024,22 Nov 2024,,Mobile App MARYAM BEGUM,4928.98,16336.76,466523.42
11 Jan 2025,11 Jan 2025,,Mobile App MARYAM BEGUM,12646.31,15338.33,382572.19
11 Jan 2025,11 Jan 2025,,Raast IBFT to IQRA PARVEEN,22122.13,5966.64,371163.98
13 Dec 2024,13 Dec 2024,,Raast IBFT to OMAR ZAMAN,10442.28,301.4,487283.89
25 Dec 2024,25 Dec 2024,606151,INET Inter Bank Fund Transfer Charges,22430.89,17509.16,400603.26
04 Nov 2024,04 Nov 2024,,INET Inter Bank Fund Transfer Charges,24257.82,15621.37,192781.35
01 Feb 2025,01 Feb 2025,909711,Raast IBFT to IQRA PARVEEN,9423.46,11266.49,116722.36
15 Jan 2025,15 Jan 2025,,INET Inter Bank Fund Transfer Charges,16242.87,11828.78,330534.93
29 Dec 2024,29 Dec 2024,,Mobile App MARYAM BEGUM,24817.41,13421.08,487043.86
23 Nov 2024,23 Nov 2024,213364,Raast IBFT to IQRA PARVEEN,21332.08,18018.43,443945.25
02 Dec 2024,02 Dec 2024,,Mobile App MARYAM BEGUM,7806.79,17047.0,479883.69
24 Jan 2025,24 Jan 2025,,Raast IBFT to IQRA PARVEEN,13565.0,24449.36,354267.82
13 Nov 2024,13 Nov 2024,,Raast IBFT to IQRA PARVEEN,8949.6,18165.25,456483.97
30 Dec 2024,30 Dec 2024,,INET Inter Bank Fund Transfer Charges,2970.36,6495.89,149530.17
08 Feb 2025,08 Feb 2025,444768,Raast IBFT to OMAR ZAMAN,23242.61,14328.71,265712.03
04 Feb 2025,04 Feb 2025,,Raast IBFT to OMAR ZAMAN,12122.55,17009.78,487424.61
08 Dec 2024,08 Dec 2024,413960,Raast IBFT to IQRA PARVEEN,8562.71,16940.9,294158.09
09 Jan 2025,09 Jan 2025,,Mobile App MARYAM BEGUM,24368.13,5131.7,471535.47
16 Dec 2024,16 Dec 2024,733296,Raast IBFT to IQRA PARVEEN,9736.48,7930.42,362066.82
25 Nov 2024,25 Nov 2024,593573,INET Inter Bank Fund Transfer Charges,17308.34,16085.69,213097.2
25 Nov 2024,25 Nov 2024,544735,Raast IBFT to OMAR ZAMAN,14499.89,16700.42,331599.12
17 Nov 2024,17 Nov 2024,518933,Raast IBFT to IQRA PARVEEN,1907.5,20120.8,410089.49
17 Jan 2025,17 Jan 2025,,Raast IBFT to OMAR ZAMAN,7342.32,18762.23,365499.06
25 Nov 2024,25 Nov 2024,000997,Mobile App MARYAM BEGUM,1151.12,22054.14,294351.88
01 Feb 2025,01 Feb 2025,428091,Raast IBFT to OMAR ZAMAN,21827.28,20842.19,202085.77
11 Jan 2025,11 Jan 2025,,Raast IBFT to IQRA PARVEEN,12396.16,7056.95,261445.44
13 Dec 2024,13 Dec 2024,371796,INET Inter Bank Fund Transfer Charges,12269.41,16285.08,137160.66
03 Nov 2024,03 Nov 2024,592541,Raast IBFT to IQRA PARVEEN,13953.41,8941.12,229831.01
07 Nov 2024,07 Nov 2024,,Raast IBFT to OMAR ZAMAN,20008.38,12338.94,56484.47
26 Jan 2025,26 Jan 2025,,INET Inter Bank Fund Transfer Charges,13844.54,4193.33,122879.24
01 Nov 2024,01 Nov 2024,,Raast IBFT to IQRA PARVEEN,3655.64,4180.38,66993.25
14 Jan 2025,14 Jan 2025,,Mobile App MARYAM BEGUM,2588.7,4883.43,164367.07
03 Jan 2025,03 Jan 2025,,Raast IBFT to IQRA PARVEEN,16465.62,11937.82,471298.9
10 Jan 2025,10 Jan 2025,,Mobile App MARYAM BEGUM,23018.3,8845.82,53243.85
05 Feb 2025,05 Feb 2025,116092,Raast IBFT to IQRA PARVEEN,11549.65,16181.47,291877.51
06 Nov 2024,06 Nov 2024,,Mobile App MARYAM BEGUM,8080.45,12001.24,23663.0
31 Dec 2024,31 Dec 2024,,Raast IBFT to IQRA PARVEEN,10044.81,17751.95,266441.39
16 Jan 2025,16 Jan 2025,,Raast IBFT to IQRA PARVEEN,2748.59,22147.02,80035.69
04 Jan 2025,04 Jan 2025,177886,Raast IBFT to IQRA PARVEEN,12857.64,22795.2,453583.48
02 Feb 2025,02 Feb 2025,,INET Inter Bank Fund Transfer Charges,3420.18,3862.59,303947.46
06 Feb 2025,06 Feb 2025,,INET Inter Bank Fund Transfer Charges,22599.92,4408.34,287879.64
15 Jan 2025,15 Jan 2025,198496,Mobile App MARYAM BEGUM,22056.45,1330.03,54869.08
22 Jan 2025,22 Jan 2025,,INET Inter Bank Fund Transfer Charges,9583.21,23747.31,473039.99
05 Nov 2024,05 Nov 2024,948695,Raast IBFT to OMAR ZAMAN,7695.57,18325.99,456587.11
30 Dec 2024,30 Dec 2024,,Raast IBFT to OMAR ZAMAN,7366.35,1857.74,227095.83
25 Nov 2024,25 Nov 2024,071637,INET Inter Bank Fund Transfer Charges,13964.57,4119.9,396385.46
27 Nov 2024,27 Nov 2024,,INET Inter Bank Fund Transfer Charges,17843.28,8017.76,172510.58
22 Dec 2024,22 Dec 2024,724305,INET Inter Bank Fund Transfer Charges,14460.26,17150.12,18343.45
08 Nov 2024,08 Nov 2024,,Raast IBFT to OMAR ZAMAN,12250.92,9079.12,451139.15
29 Jan 2025,29 Jan 2025,,INET Inter Bank Fund Transfer Charges,3253.98,20701.89,259618.17
20 Nov 2024,20 Nov 2024,,Raast IBFT to OMAR ZAMAN,12479.47,8713.24,187440.02
27 Nov 2024,27 Nov 2024,,Mobile App MARYAM BEGUM,4915.08,21359.27,78212.12
23 Dec 2024,23 Dec 2024,252887,INET Inter Bank Fund Transfer Charges,16092.61,6235.47,387145.71
01 Jan 2025,01 Jan 2025,,Mobile App MARYAM BEGUM,21991.39,8941.33,338584.34
20 Jan 2025,20 Jan 2025,561742,Mobile App MARYAM BEGUM,6876.57,5379.78,200147.31
01 Feb 2025,01 Feb 2025,,INET Inter Bank Fund Transfer Charges,10701.52,15036.64,79831.75
09 Feb 2025,09 Feb 2025,,Raast IBFT to IQRA PARVEEN,8659.61,3275.61,472752.94
04 Nov 2024,04 Nov 2024,,Mobile App MARYAM BEGUM,18069.74,469.4,468944.4
31 Dec 2024,31 Dec 2024,,INET Inter Bank Fund Transfer Charges,16518.07,9679.72,213280.18
17 Jan 2025,17 Jan 2025,,Mobile App MARYAM BEGUM,3374.92,22637.59,102130.71
30 Dec 2024,30 Dec 2024,329509,Raast IBFT to IQRA PARVEEN,18414.33,11453.5,261987.23
15 Dec 2024,15 Dec 2024,,Mobile App MARYAM BEGUM,15385.11,6757.98,238651.2
03 Nov 2024,03 Nov 2024,072784,INET Inter Bank Fund Transfer Charges,14755.79,21964.12,397225.36
03 Dec 2024,03 Dec 2024,605711,INET Inter Bank Fund Transfer Charges,12190.45,18405.79,360476.8
23 Jan 2025,23 Jan 2025,040706,Raast IBFT to OMAR ZAMAN,1844.97,16223.98,36692.58
06 Jan 2025,06 Jan 2025,946951,Raast IBFT to IQRA PARVEEN,13564.25,16996.09,370085.41
08 Feb 2025,08 Feb 2025,073858,Raast IBFT to OMAR ZAMAN,14334.2,547.56,93667.63
28 Dec 2024,28 Dec 2024,059831,INET Inter Bank Fund Transfer Charges,23334.44,22138.34,238676.27
07 Dec 2024,07 Dec 2024,,INET Inter Bank Fund Transfer Charges,20086.54,6533.8,465541.58
01 Jan 2025,01 Jan 2025,795127,Raast IBFT to OMAR ZAMAN,22746.68,16698.77,213541.17
17 Nov 2024,17 Nov 2024,,Mobile App MARYAM BEGUM,12414.17,10818.73,441943.91
10 Nov 2024,10 Nov 2024,,INET Inter Bank Fund Transfer Charges,6530.33,1746.79,10235.04
25 Dec 2024,25 Dec 2024,,INET Inter Bank Fund Transfer Charges,3896.48,13325.3,178244.16
27 Dec 2024,27 Dec 2024,459754,Mobile App MARYAM BEGUM,10452.25,19769.74,329850.68
07 Jan 2025,07 Jan 2025,,Mobile App MARYAM BEGUM,1202.49,8976.54,49794.37
25 Dec 2024,25 Dec 2024,017266,Raast IBFT to IQRA PARVEEN,22301.87,3428.41,165491.81
05 Nov 2024,05 Nov 2024,551888,Raast IBFT to IQRA PARVEEN,7038.53,8898.05,32818.24
06 Jan 2025,06 Jan 2025,,Raast IBFT to OMAR ZAMAN,14356.35,21076.84,85376.71
18 Dec 2024,18 Dec 2024,,Raast IBFT to OMAR ZAMAN,13367.11,17724.7,96520.58
18 Dec 2024,18 Dec 2024,808352,INET Inter Bank Fund Transfer Charges,10356.52,7349.46,326506.68
05 Nov 2024,05 Nov 2024,,Mobile App MARYAM BEGUM,10268.3,14939.56,434379.28
06 Dec 2024,06 Dec 2024,589759,Mobile App MARYAM BEGUM,22162.97,16128.86,84775.01
11 Dec 2024,11 Dec 2024,810700,INET Inter Bank Fund Transfer Charges,20649.94,22660.38,117771.75
25 Dec 2024,25 Dec 2024,191680,Raast IBFT to OMAR ZAMAN,1084.95,24340.18,63895.04
27 Jan 2025,27 Jan 2025,,INET Inter Bank Fund Transfer Charges,3625.91,366.27,212251.94
15 Jan 2025,15 Jan 2025,,Mobile App MARYAM BEGUM,7621.91,7930.94,465694.6
29 Dec 2024,29 Dec 2024,,Raast IBFT to OMAR ZAMAN,2586.72,15235.31,409168.69
03 Dec 2024,03 Dec 2024,602826,Raast IBFT to IQRA PARVEEN,18158.72,10670.97,155182.85
04 Dec 2024,04 Dec 2024,,INET Inter Bank Fund Transfer Charges,24437.47,17080.82,183352.0
05 Feb 2025,05 Feb 2025,,Mobile App MARYAM BEGUM,18633.2,22896.41,422309.03
10 Dec 2024,10 Dec 2024,679674,Raast IBFT to OMAR ZAMAN,12492.86,4.49,421367.76
24 Nov 2024,24 Nov 2024,921961,Raast IBFT to IQRA PARVEEN,5731.79,20693.33,302568.41
21 Jan 2025,21 Jan 2025,,Raast IBFT to IQRA PARVEEN,23545.87,12269.39,93893.41
13 Nov 2024,13 Nov 2024,,Raast IBFT to IQRA PARVEEN,3280.71,15413.52,221918.27
12 Dec 2024,12 Dec 2024,,Raast IBFT to OMAR ZAMAN,23157.06,20548.89,225362.19
13 Jan 2025,13 Jan 2025,,INET Inter Bank Fund Transfer Charges,23904.12,5764.7,253675.08
01 Nov 2024,01 Nov 2024,,INET Inter Bank Fund Transfer Charges,9892.9,21300.01,464470.43
06 Jan 2025,06 Jan 2025,308967,Raast IBFT to IQRA PARVEEN,22945.94,17336.2,50165.03
14 Jan 2025,14 Jan 2025,941950,Raast IBFT to OMAR ZAMAN,11378.78,24257.1,360468.78
14 Dec 2024,14 Dec 2024,113897,Mobile App MARYAM BEGUM,7869.42,24980.75,376315.54
07 Dec 2024,07 Dec 2024,064035,Mobile App MARYAM BEGUM,21009.73,10887.94,359828.63
28 Dec 2024,28 Dec 2024,,INET Inter Bank Fund Transfer Charges,20916.83,18591.39,270240.71
11 Dec 2024,11 Dec 2024,,Raast IBFT to IQRA PARVEEN,11961.86,23363.16,82193.09
04 Nov 2024,04 Nov 2024,,Raast IBFT to IQRA PARVEEN,6848.07,23599.26,391391.54
21 Dec 2024,21 Dec 2024,254359,Mobile App MARYAM BEGUM,8391.76,18727.63,362316.05
10 Dec 2024,10 Dec 2024,,Mobile App MARYAM BEGUM,9358.42,6570.3,32112.16
02 Feb 2025,02 Feb 2025,711161,INET Inter Bank Fund Transfer Charges,2965.67,19998.71,358958.97
08 Dec 2024,08 Dec 2024,184729,Raast IBFT to IQRA PARVEEN,13862.28,1788.44,369575.54
08 Nov 2024,08 Nov 2024,535190,Raast IBFT to OMAR ZAMAN,20287.75,17834.73,445910.63
05 Nov 2024,05 Nov 2024,,Raast IBFT to IQRA PARVEEN,18750.86,3107.88,424673.87
08 Feb 2025,08 Feb 2025,,Raast IBFT to OMAR ZAMAN,17307.25,20840.32,93533.46
18 Dec 2024,18 Dec 2024,195912,Raast IBFT to IQRA PARVEEN,21362.14,21976.23,255184.67
16 Dec 2024,16 Dec 2024,,INET Inter Bank Fund Transfer Charges,1527.38,1699.14,414833.51
11 Dec 2024,11 Dec 2024,,Mobile App MARYAM BEGUM,20874.53,11036.11,488149.17
06 Jan 2025,06 Jan 2025,240294,Mobile App MARYAM BEGUM,2431.46,424.71,127374.3
24 Dec 2024,24 Dec 2024,,Mobile App MARYAM BEGUM,5507.05,7479.82,185997.87
28 Dec 2024,28 Dec 2024,,Raast IBFT to OMAR ZAMAN,5479.02,3364.73,131852.87
08 Feb 2025,08 Feb 2025,256646,Mobile App MARYAM BEGUM,19570.71,3627.67,83591.13
27 Nov 2024,27 Nov 2024,,Mobile App MARYAM BEGUM,3591.87,9244.58,316216.89
25 Jan 2025,25 Jan 2025,,Mobile App MARYAM BEGUM,4449.6,12817.72,428208.92
10 Jan 2025,10 Jan 2025,,Mobile App MARYAM BEGUM,17835.7,21561.11,382491.92
08 Dec 2024,08 Dec 2024,,Raast IBFT to IQRA PARVEEN,13155.66,7020.92,299496.99
23 Dec 2024,23 Dec 2024,,Raast IBFT to IQRA PARVEEN,23820.47,24769.17,324906.38
24 Nov 2024,24 Nov 2024,509948,Raast IBFT to IQRA PARVEEN,2500.74,9748.69,274709.37
30 Dec 2024,30 Dec 2024,419495,Mobile App MARYAM BEGUM,22733.85,17938.85,41154.28
12 Jan 2025,12 Jan 2025,609494,Raast IBFT to IQRA PARVEEN,22138.88,781.94,72215.61
08 Dec 2024,08 Dec 2024,579529,Mobile App MARYAM BEGUM,23928.47,17762.69,266529.62
15 Nov 2024,15 Nov 2024,,Mobile App MARYAM BEGUM,2545.46,23282.85,98273.3
12 Nov 2024,12 Nov 2024,890171,Raast IBFT to OMAR ZAMAN,6714.13,7633.32,344380.21
23 Nov 2024,23 Nov 2024,,Raast IBFT to OMAR ZAMAN,14552.24,10746.14,382915.15
24 Jan 2025,24 Jan 2025,,Raast IBFT to IQRA PARVEEN,24971.16,1353.99,400761.45
01 Feb 2025,01 Feb 2025,,Raast IBFT to IQRA PARVEEN,19899.31,17367.33,167108.11
05 Nov 2024,05 Nov 2024,,INET Inter Bank Fund Transfer Charges,6079.14,6987.04,263612.13
26 Jan 2025,26 Jan 2025,971320,Raast IBFT to OMAR ZAMAN,10638.74,9424.97,301507.69
18 Jan 2025,18 Jan 2025,,Raast IBFT to IQRA PARVEEN,10984.33,2416.86,424231.01
30 Nov 2024,30 Nov 2024,,Mobile App MARYAM BEGUM,24338.36,20356.09,448214.47
11 Dec 2024,11 Dec 2024,,Raast IBFT to IQRA PARVEEN,7721.81,12805.09,180106.67
22 Jan 2025,22 Jan 2025,169515,INET Inter Bank Fund Transfer Charges,4295.47,9938.94,103571.79
06 Dec 2024,06 Dec 2024,085736,Raast IBFT to IQRA PARVEEN,21791.58,23213.45,226338.73
11 Dec 2024,11 Dec 2024,586076,Raast IBFT to OMAR ZAMAN,1428.08,6959.17,445808.1
07 Jan 2025,07 Jan 2025,,Raast IBFT to IQRA PARVEEN,10797.54,18162.06,263216.54
08 Dec 2024,08 Dec 2024,,Mobile App MARYAM BEGUM,16810.62,12686.49,140588.34
07 Jan 2025,07 Jan 2025,218612,INET Inter Bank Fund Transfer Charges,19672.59,11680.34,493993.46
20 Jan 2025,20 Jan 2025,,INET Inter Bank Fund Transfer Charges,17936.77,16310.14,416214.03
24 Jan 2025,24 Jan 2025,,INET Inter Bank Fund Transfer Charges,11647.84,14649.78,241894.24
28 Nov 2024,28 Nov 2024,044428,Mobile App MARYAM BEGUM,17966.99,18893.04,27064.92
07 Jan 2025,07 Jan 2025,637432,Mobile App MARYAM BEGUM,9199.77,15919.8,295419.73
08 Dec 2024,08 Dec 2024,,INET Inter Bank Fund Transfer Charges,11317.17,14707.1,225773.91
21 Nov 2024,21 Nov 2024,,Raast IBFT to IQRA PARVEEN,4472.82,5840.8,348193.33
05 Nov 2024,05 Nov 2024,379495,Raast IBFT to OMAR ZAMAN,21723.31,10686.2,237731.91
19 Jan 2025,19 Jan 2025,,Raast IBFT to OMAR ZAMAN,7065.16,18001.44,275164.94
29 Dec 2024,29 Dec 2024,925738,Raast IBFT to IQRA PARVEEN,17433.29,17564.21,55205.77
03 Dec 2024,03 Dec 2024,468742,Raast IBFT to IQRA PARVEEN,3779.14,3905.69,27877.63
30 Nov 2024,30 Nov 2024,,INET Inter Bank Fund Transfer Charges,18158.0,9933.86,127549.44
02 Nov 2024,02 Nov 2024,105513,Mobile App MARYAM BEGUM,8096.62,17102.27,492343.06
18 Jan 2025,18 Jan 2025,,INET Inter Bank Fund Transfer Charges,10950.69,9167.5,435373.42
03 Feb 2025,03 Feb 2025,405180,Mobile App MARYAM BEGUM,15535.1,13368.3,312492.8
03 Dec 2024,03 Dec 2024,,Raast IBFT to OMAR ZAMAN,6537.23,14321.98,190472.69
03 Feb 2025,03 Feb 2025,,Raast IBFT to OMAR ZAMAN,12944.02,5112.68,338847.22
18 Dec 2024,18 Dec 2024,,Raast IBFT to OMAR ZAMAN,14326.57,13219.01,41981.13
26 Dec 2024,26 Dec 2024,,Raast IBFT to OMAR ZAMAN,9992.58,9900.31,331646.54
11 Dec 2024,11 Dec 2024,,INET Inter Bank Fund Transfer Charges,20222.4,616.08,88056.7
07 Nov 2024,07 Nov 2024,485723,Raast IBFT to IQRA PARVEEN,9082.59,22609.26,320237.32
05 Nov 2024,05 Nov 2024,,Raast IBFT to IQRA PARVEEN,13268.17,9375.96,473433.2
20 Jan 2025,20 Jan 2025,,Mobile App MARYAM BEGUM,24806.41,610.17,351877.39
18 Dec 2024,18 Dec 2024,869829,Mobile App MARYAM BEGUM,8555.79,19504.25,46785.35
12 Dec 2024,12 Dec 2024,809160,Mobile App MARYAM BEGUM,18520.21,3569.0,163783.08
08 Nov 2024,08 Nov 2024,029441,Raast IBFT to IQRA PARVEEN,23364.24,21245.81,339358.59
28 Dec 2024,28 Dec 2024,401877,Raast IBFT to IQRA PARVEEN,2176.79,8724.31,399616.29
04 Dec 2024,04 Dec 2024,432051,INET Inter Bank Fund Transfer Charges,2199.49,3398.96,17515.81
26 Nov 2024,26 Nov 2024,552007,Raast IBFT to IQRA PARVEEN,5993.8,11594.76,83305.54
07 Feb 2025,07 Feb 2025,,INET Inter Bank Fund Transfer Charges,15611.08,8714.24,71537.21
26 Jan 2025,26 Jan 2025,509871,INET Inter Bank Fund Transfer Charges,10257.89,16909.63,421139.93
26 Nov 2024,26 Nov 2024,395269,Mobile App MARYAM BEGUM,7401.7,7189.18,21909.69
06 Feb 2025,06 Feb 2025,704199,Raast IBFT to IQRA PARVEEN,4227.88,14062.01,388885.4
24 Dec 2024,24 Dec 2024,,Raast IBFT to OMAR ZAMAN,14921.15,9423.46,405616.34
16 Jan 2025,16 Jan 2025,368166,Raast IBFT to OMAR ZAMAN,4498.52,12747.17,237534.79
03 Feb 2025,03 Feb 2025,,Raast IBFT to OMAR ZAMAN,15687.89,19229.07,114579.75
08 Jan 2025,08 Jan 2025,,Raast IBFT to OMAR ZAMAN,24991.89,11613.62,433725.9
05 Feb 2025,05 Feb 2025,,INET Inter Bank Fund Transfer Charges,9799.44,16777.83,252852.49
27 Dec 2024,27 Dec 2024,,Raast IBFT to IQRA PARVEEN,12222.3,13856.46,248454.9
19 Dec 2024,19 Dec 2024,,Raast IBFT to OMAR ZAMAN,20834.97,5186.06,204644.63
02 Jan 2025,02 Jan 2025,,Raast IBFT to OMAR ZAMAN,1707.61,21607.67,292549.28
04 Nov 2024,04 Nov 2024,689810,Raast IBFT to OMAR ZAMAN,17438.62,22191.14,388225.87
27 Jan 2025,27 Jan 2025,097353,Mobile App MARYAM BEGUM,15539.86,9407.81,114913.14
13 Jan 2025,13 Jan 2025,792793,Mobile App MARYAM BEGUM,20729.6,17376.82,17296.94
16 Dec 2024,16 Dec 2024,057730,Raast IBFT to OMAR ZAMAN,1706.12,20774.9,296103.48
05 Jan 2025,05 Jan 2025,,Mobile App MARYAM BEGUM,21137.15,11248.4,54938.78
16 Dec 2024,16 Dec 2024,410817,Raast IBFT to IQRA PARVEEN,1844.56,4885.56,428964.57
05 Nov 2024,05 Nov 2024,,INET Inter Bank Fund Transfer Charges,6661.87,14292.41,194170.35
18 Nov 2024,18 Nov 2024,833484,INET Inter Bank Fund Transfer Charges,17864.39,79.43,278525.38
11 Dec 2024,11 Dec 2024,762096,Raast IBFT to IQRA PARVEEN,6350.44,17426.68,206964.4
30 Nov 2024,30 Nov 2024,,Mobile App MARYAM BEGUM,16671.37,21680.71,122128.96
09 Nov 2024,09 Nov 2024,,Raast IBFT to OMAR ZAMAN,22588.83,13715.48,138676.37
24 Dec 2024,24 Dec 2024,,Mobile App MARYAM BEGUM,21463.52,24144.38,192199.07
12 Jan 2025,12 Jan 2025,,INET Inter Bank Fund Transfer Charges,14660.54,24693.09,488452.71
06 Jan 2025,06 Jan 2025,,Raast IBFT to OMAR ZAMAN,15723.0,16520.44,62924.05
27 Nov 2024,27 Nov 2024,,INET Inter Bank Fund Transfer Charges,24053.71,19323.03,184940.43
18 Dec 2024,18 Dec 2024,,Raast IBFT to IQRA PARVEEN,14463.82,19671.53,459179.86
02 Feb 2025,02 Feb 2025,,Mobile App MARYAM BEGUM,17066.48,6633.13,363747.79
18 Jan 2025,18 Jan 2025,,Raast IBFT to IQRA PARVEEN,24289.06,10043.33,147305.75
30 Dec 2024,30 Dec 2024,770139,Mobile App MARYAM BEGUM,2585.75,6351.83,337126.08
06 Nov 2024,06 Nov 2024,,Raast IBFT to IQRA PARVEEN,1347.34,4654.86,496469.68
02 Dec 2024,02 Dec 2024,266205,Mobile App MARYAM BEGUM,24884.58,2826.66,354450.53
20 Dec 2024,20 Dec 2024,282521,Raast IBFT to IQRA PARVEEN,10944.38,7911.95,475615.52
08 Feb 2025,08 Feb 2025,401430,INET Inter Bank Fund Transfer Charges,5671.29,21677.02,242971.68
15 Nov 2024,15 Nov 2024,,INET Inter Bank Fund Transfer Charges,1684.01,8238.13,227124.26
21 Nov 2024,21 Nov 2024,,Mobile App MARYAM BEGUM,13576.44,16536.3,100399.27
15 Nov 2024,15 Nov 2024,,INET Inter Bank Fund Transfer Charges,8241.09,7748.57,226410.44
30 Dec 2024,30 Dec 2024,591850,Raast IBFT to IQRA PARVEEN,3249.64,16928.01,473561.72
19 Dec 2024,19 Dec 2024,,INET Inter Bank Fund Transfer Charges,16943.36,14990.51,148556.96
14 Nov 2024,14 Nov 2024,,Raast IBFT to IQRA PARVEEN,20932.73,15597.73,416682.98
19 Jan 2025,19 Jan 2025,,INET Inter Bank Fund Transfer Charges,10261.74,15526.38,425276.63
16 Nov 2024,16 Nov 2024,781086,INET Inter Bank Fund Transfer Charges,2095.78,15258.96,499154.62
26 Nov 2024,26 Nov 2024,144056,Raast IBFT to OMAR ZAMAN,13030.53,16229.21,137526.86
25 Nov 2024,25 Nov 2024,,Mobile App MARYAM BEGUM,19781.32,17129.98,241968.15
03 Dec 2024,03 Dec 2024,373091,Raast IBFT to IQRA PARVEEN,8132.93,6995.28,194898.98
14 Nov 2024,14 Nov 2024,,Mobile App MARYAM BEGUM,22311.06,18236.89,380400.04
19 Jan 2025,19 Jan 2025,040478,Raast IBFT to OMAR ZAMAN,10799.81,22656.53,185098.62
23 Jan 2025,23 Jan 2025,994628,INET Inter Bank Fund Transfer Charges,20167.62,15936.78,489312.92
12 Jan 2025,12 Jan 2025,,Mobile App MARYAM BEGUM,10039.11,18368.18,81366.4
22 Nov 2024,22 Nov 2024,738052,Mobile App MARYAM BEGUM,4018.59,3106.75,62263.47
11 Nov 2024,11 Nov 2024,,INET Inter Bank Fund Transfer Charges,21024.89,8694.22,495397.97
04 Feb 2025,04 Feb 2025,314648,Raast IBFT to OMAR ZAMAN,2104.6,9636.95,13442.43
09 Feb 2025,09 Feb 2025,317146,Mobile App MARYAM BEGUM,22596.55,1014.65,236958.61
05 Dec 2024,05 Dec 2024,,Raast IBFT to IQRA PARVEEN,24501.35,8200.11,307082.51
13 Nov 2024,13 Nov 2024,054746,Mobile App MARYAM BEGUM,5759.93,10248.94,337339.43
17 Dec 2024,17 Dec 2024,846377,INET Inter Bank Fund Transfer Charges,14875.97,14467.45,114351.7
07 Jan 2025,07 Jan 2025,,Raast IBFT to IQRA PARVEEN,12819.09,736.35,170090.82
02 Nov 2024,02 Nov 2024,,Raast IBFT to OMAR ZAMAN,7356.65,7364.41,321473.44
18 Nov 2024,18 Nov 2024,089695,INET Inter Bank Fund Transfer Charges,16294.84,22879.08,467327.62
02 Dec 2024,02 Dec 2024,701218,Raast IBFT to OMAR ZAMAN,14763.03,2257.78,271169.37
06 Jan 2025,06 Jan 2025,,INET Inter Bank Fund Transfer Charges,10182.63,1800.85,39518.86
13 Jan 2025,13 Jan 2025,673815,Mobile App MARYAM BEGUM,16153.92,14698.87,439312.55
09 Nov 2024,09 Nov 2024,692113,Raast IBFT to IQRA PARVEEN,13448.53,15779.78,158473.02
14 Nov 2024,14 Nov 2024,684645,Raast IBFT to IQRA PARVEEN,11758.71,16722.03,428054.78
30 Nov 2024,30 Nov 2024,,INET Inter Bank Fund Transfer Charges,11539.27,13765.27,144884.75
01 Jan 2025,01 Jan 2025,,INET Inter Bank Fund Transfer Charges,4264.17,6537.04,324142.16
18 Dec 2024,18 Dec 2024,,INET Inter Bank Fund Transfer Charges,17390.12,5424.3,280755.11
08 Jan 2025,08 Jan 2025,747634,Raast IBFT to OMAR ZAMAN,23557.6,7214.36,333595.4
11 Jan 2025,11 Jan 2025,,Mobile App MARYAM BEGUM,1680.61,18934.65,449000.04
15 Nov 2024,15 Nov 2024,267220,Raast IBFT to IQRA PARVEEN,11956.1,2627.61,364062.85
04 Dec 2024,04 Dec 2024,538092,Mobile App MARYAM BEGUM,11511.22,9333.03,206784.4
04 Nov 2024,04 Nov 2024,,Raast IBFT to IQRA PARVEEN,23625.72,18428.27,158358.06
28 Dec 2024,28 Dec 2024,697156,INET Inter Bank Fund Transfer Charges,8203.49,9458.85,234444.04
07 Jan 2025,07 Jan 2025,,INET Inter Bank Fund Transfer Charges,23159.45,19243.11,307094.53
27 Nov 2024,27 Nov 2024,357456,Mobile App MARYAM BEGUM,8237.86,1580.07,12200.86
01 Nov 2024,01 Nov 2024,,Mobile App MARYAM BEGUM,8065.83,4358.44,202504.95
07 Nov 2024,07 Nov 2024,434024,Mobile App MARYAM BEGUM,6255.44,10494.06,257468.2
20 Dec 2024,20 Dec 2024,583068,Raast IBFT to IQRA PARVEEN,21625.8,24054.28,133590.5
01 Dec 2024,01 Dec 2024,569170,Raast IBFT to IQRA PARVEEN,23089.46,13482.59,219372.65
28 Dec 2024,28 Dec 2024,,Mobile App MARYAM BEGUM,19216.72,1111.59,334012.95
24 Jan 2025,24 Jan 2025,,Raast IBFT to OMAR ZAMAN,12497.18,18890.01,468378.59
13 Jan 2025,13 Jan 2025,,Raast IBFT to IQRA PARVEEN,4807.34,7795.14,436704.07
24 Jan 2025,24 Jan 2025,,Mobile App MARYAM BEGUM,2617.43,18273.81,347115.56
06 Nov 2024,06 Nov 2024,382300,Mobile App MARYAM BEGUM,17853.95,6009.21,152813.39
23 Nov 2024,23 Nov 2024,,Mobile App MARYAM BEGUM,3629.24,586.55,311783.85
02 Dec 2024,02 Dec 2024,,Raast IBFT to IQRA PARVEEN,13061.67,5007.13,384516.86
15 Nov 2024,15 Nov 2024,,INET Inter Bank Fund Transfer Charges,15556.04,7832.55,475540.67
20 Nov 2024,20 Nov 2024,974682,Mobile App MARYAM BEGUM,5129.53,20976.0,43979.84
07 Nov 2024,07 Nov 2024,,Raast IBFT to OMAR ZAMAN,17792.65,1943.22,235452.38
03 Feb 2025,03 Feb 2025,,Raast IBFT to OMAR ZAMAN,11371.08,4157.46,466649.83
03 Dec 2024,03 Dec 2024,304112,Raast IBFT to OMAR ZAMAN,23727.64,18003.72,485964.07
24 Jan 2025,24 Jan 2025,961369,Raast IBFT to IQRA PARVEEN,12100.35,19854.48,427960.76
10 Jan 2025,10 Jan 2025,,INET Inter Bank Fund Transfer Charges,2920.26,20795.48,273681.5
26 Dec 2024,26 Dec 2024,859328,INET Inter Bank Fund Transfer Charges,23633.67,11771.29,288574.44
19 Dec 2024,19 Dec 2024,,INET Inter Bank Fund Transfer Charges,2806.68,19470.45,331416.67
15 Dec 2024,15 Dec 2024,716428,Mobile App MARYAM BEGUM,10650.57,728.03,117902.3
29 Dec 2024,29 Dec 2024,897946,INET Inter Bank Fund Transfer Charges,24572.31,9590.05,60952.76
05 Feb 2025,05 Feb 2025,428435,Mobile App MARYAM BEGUM,13020.7,15650.57,392370.91
22 Nov 2024,22 Nov 2024,999519,Raast IBFT to IQRA PARVEEN,2127.89,6313.24,439132.0
08 Dec 2024,08 Dec 2024,284686,Raast IBFT to OMAR ZAMAN,22221.41,2659.74,124737.0
26 Nov 2024,26 Nov 2024,,Mobile App MARYAM BEGUM,12083.38,22639.22,35211.09
06 Dec 2024,06 Dec 2024,,Mobile App MARYAM BEGUM,24365.01,22355.69,327459.43
07 Jan 2025,07 Jan 2025,524384,Raast IBFT to OMAR ZAMAN,22051.22,2150.89,119345.98
03 Feb 2025,03 Feb 2025,105358,Raast IBFT to IQRA PARVEEN,4809.34,9837.99,132954.76
09 Feb 2025,09 Feb 2025,072521,INET Inter Bank Fund Transfer Charges,13329.47,21114.69,468422.86
27 Nov 2024,27 Nov 2024,,Raast IBFT to OMAR ZAMAN,7491.27,24332.57,213749.27
16 Dec 2024,16 Dec 2024,387204,INET Inter Bank Fund Transfer Charges,22246.9,22994.43,311013.14
07 Jan 2025,07 Jan 2025,690688,Mobile App MARYAM BEGUM,11625.62,3355.74,330696.16
29 Dec 2024,29 Dec 2024,760947,INET Inter Bank Fund Transfer Charges,13911.62,6775.24,60115.39
05 Jan 2025,05 Jan 2025,253977,Raast IBFT to OMAR ZAMAN,15291.08,21157.81,90458.5
23 Jan 2025,23 Jan 2025,,Mobile App MARYAM BEGUM,2165.07,23348.1,277145.1
13 Dec 2024,13 Dec 2024,,INET Inter Bank Fund Transfer Charges,10510.83,15704.02,328980.63
25 Nov 2024,25 Nov 2024,,Mobile App MARYAM BEGUM,22593.83,7164.28,113697.59
03 Jan 2025,03 Jan 2025,319336,Raast IBFT to IQRA PARVEEN,20300.6,12950.14,404770.45
15 Dec 2024,15 Dec 2024,244514,Mobile App MARYAM BEGUM,1826.05,3381.95,459526.17
19 Nov 2024,19 Nov 2024,697885,Mobile App MARYAM BEGUM,23173.03,20097.63,365096.5
12 Jan 2025,12 Jan 2025,,INET Inter Bank Fund Transfer Charges,9198.47,20907.9,21587.02
29 Dec 2024,29 Dec 2024,713962,Mobile App MARYAM BEGUM,19025.0,10097.68,149927.37
08 Nov 2024,08 Nov 2024,,Raast IBFT to OMAR ZAMAN,16546.94,7021.05,43314.32
09 Nov 2024,09 Nov 2024,173594,Raast IBFT to IQRA PARVEEN,6567.48,10069.38,58536.63
18 Dec 2024,18 Dec 2024,272602,INET Inter Bank Fund Transfer Charges,23333.65,15680.46,224006.14
22 Jan 2025,22 Jan 2025,,Mobile App MARYAM BEGUM,11464.43,17321.34,109101.86
15 Jan 2025,15 Jan 2025,606262,Mobile App MARYAM BEGUM,23269.91,8580.98,300615.72
02 Dec 2024,02 Dec 2024,,Raast IBFT to IQRA PARVEEN,7601.49,20013.46,70521.21
17 Dec 2024,17 Dec 2024,,INET Inter Bank Fund Transfer Charges,10589.76,9169.8,220099.81
05 Nov 2024,05 Nov 2024,033004,Raast IBFT to IQRA PARVEEN,20130.18,14706.34,164116.07
04 Jan 2025,04 Jan 2025,629204,Raast IBFT to IQRA PARVEEN,24163.07,14901.0,148426.31
01 Nov 2024,01 Nov 2024,037709,Raast IBFT to OMAR ZAMAN,23614.36,17782.49,125505.61
02 Feb 2025,02 Feb 2025,714379,Raast IBFT to IQRA PARVEEN,7239.53,961.08,57535.95
05 Dec 2024,05 Dec 2024,,Mobile App MARYAM BEGUM,24316.72,3004.31,226966.64
16 Nov 2024,16 Nov 2024,,Raast IBFT to IQRA PARVEEN,22425.63,16411.38,16899.66
11 Nov 2024,11 Nov 2024,980330,Raast IBFT to IQRA PARVEEN,11596.46,9674.84,353071.34
07 Feb 2025,07 Feb 2025,962710,Raast IBFT to OMAR ZAMAN,6814.17,19209.47,460334.09
03 Dec 2024,03 Dec 2024,012465,Raast IBFT to IQRA PARVEEN,18043.22,22420.62,227781.51
12 Jan 2025,12 Jan 2025,168632,INET Inter Bank Fund Transfer Charges,4493.01,23389.47,257807.96
01 Feb 2025,01 Feb 2025,,INET Inter Bank Fund Transfer Charges,4554.69,20679.41,132667.1
08 Dec 2024,08 Dec 2024,,Mobile App MARYAM BEGUM,10005.61,13395.53,323517.1
17 Nov 2024,17 Nov 2024,837040,Mobile App MARYAM BEGUM,20579.98,24298.07,480896.13
20 Nov 2024,20 Nov 2024,042003,Raast IBFT to OMAR ZAMAN,21367.8,1512.63,309369.88
18 Dec 2024,18 Dec 2024,102026,Raast IBFT to OMAR ZAMAN,2545.08,4200.35,285250.1
11 Dec 2024,11 Dec 2024,215248,INET Inter Bank Fund Transfer Charges,22263.02,4289.9,121237.81
31 Jan 2025,31 Jan 2025,,INET Inter Bank Fund Transfer Charges,5530.68,9869.33,305301.45
10 Dec 2024,10 Dec 2024,,INET Inter Bank Fund Transfer Charges,3492.36,9107.61,134436.11
28 Jan 2025,28 Jan 2025,241030,INET Inter Bank Fund Transfer Charges,3109.46,2399.23,208554.17
21 Dec 2024,21 Dec 2024,506455,Raast IBFT to IQRA PARVEEN,22781.13,9203.88,77541.29
06 Dec 2024,06 Dec 2024,,Raast IBFT to OMAR ZAMAN,7389.93,21159.76,265426.99
02 Dec 2024,02 Dec 2024,,Raast IBFT to IQRA PARVEEN,2468.28,18549.03,346166.02
30 Nov 2024,30 Nov 2024,,Raast IBFT to IQRA PARVEEN,6358.6,2289.76,347576.36
23 Nov 2024,23 Nov 2024,,Raast IBFT to OMAR ZAMAN,19950.08,18326.01,282553.49
28 Nov 2024,28 Nov 2024,857134,Raast IBFT to OMAR ZAMAN,5756.61,21510.75,232473.39
30 Nov 2024,30 Nov 2024,951642,INET Inter Bank Fund Transfer Charges,21857.02,23499.51,328377.35
14 Nov 2024,14 Nov 2024,,INET Inter Bank Fund Transfer Charges,20700.02,17844.41,61469.35
02 Nov 2024,02 Nov 2024,,Raast IBFT to OMAR ZAMAN,5408.1,22383.51,498462.81
29 Dec 2024,29 Dec 2024,,Mobile App MARYAM BEGUM,6663.14,14506.14,81941.69
21 Dec 2024,21 Dec 2024,,Mobile App MARYAM BEGUM,12068.96,16398.97,295069.14
13 Dec 2024,13 Dec 2024,127362,Mobile App MARYAM BEGUM,6642.56,15700.33,317381.59
08 Nov 2024,08 Nov 2024,,Raast IBFT to OMAR ZAMAN,5185.58,4949.76,446944.21
15 Dec 2024,15 Dec 2024,018400,Raast IBFT to IQRA PARVEEN,16126.66,12209.16,383557.45
20 Dec 2024,20 Dec 2024,,Mobile App MARYAM BEGUM,8059.76,12189.21,41808.6
14 Nov 2024,14 Nov 2024,383689,Raast IBFT to IQRA PARVEEN,8488.65,1151.44,398300.76
06 Jan 2025,06 Jan 2025,,Mobile App MARYAM BEGUM,10931.23,13236.53,282875.91
17 Nov 2024,17 Nov 2024,,Raast IBFT to OMAR ZAMAN,19669.58,6256.48,150596.07
01 Feb 2025,01 Feb 2025,,Mobile App MARYAM BEGUM,1992.89,8208.26,202970.76
06 Feb 2025,06 Feb 2025,,Raast IBFT to IQRA PARVEEN,5759.52,11682.66,462882.43
14 Dec 2024,14 Dec 2024,121247,Raast IBFT to IQRA PARVEEN,5059.11,21468.27,299046.66
17 Jan 2025,17 Jan 2025,566748,Mobile App MARYAM BEGUM,11664.89,362.3,120329.66
25 Dec 2024,25 Dec 2024,,Raast IBFT to OMAR ZAMAN,13743.59,21305.73,464841.02
01 Nov 2024,01 Nov 2024,005561,Mobile App MARYAM BEGUM,2223.02,980.87,113623.03
21 Nov 2024,21 Nov 2024,012147,Raast IBFT to IQRA PARVEEN,20502.85,7982.95,472784.29
30 Dec 2024,30 Dec 2024,,INET Inter Bank Fund Transfer Charges,15238.62,19421.67,365536.85
11 Dec 2024,11 Dec 2024,,INET Inter Bank Fund Transfer Charges,18746.55,16704.79,226753.35
25 Jan 2025,25 Jan 2025,071611,Raast IBFT to OMAR ZAMAN,23544.73,15359.27,382019.06
18 Dec 2024,18 Dec 2024,277849,Mobile App MARYAM BEGUM,11873.93,19894.09,23724.77
04 Nov 2024,04 Nov 2024,795162,Mobile App MARYAM BEGUM,8455.26,24851.97,337738.87
26 Jan 2025,26 Jan 2025,471228,Raast IBFT to OMAR ZAMAN,19402.97,23783.96,118030.09
03 Feb 2025,03 Feb 2025,,INET Inter Bank Fund Transfer Charges,20455.66,3760.9,455019.63
01 Dec 2024,01 Dec 2024,760299,INET Inter Bank Fund Transfer Charges,6096.92,13583.78,136566.67
03 Dec 2024,03 Dec 2024,366313,Raast IBFT to IQRA PARVEEN,3437.12,2901.49,56510.95
07 Feb 2025,07 Feb 2025,,Raast IBFT to OMAR ZAMAN,23539.38,5413.07,306802.78
17 Nov 2024,17 Nov 2024,902658,Raast IBFT to IQRA PARVEEN,5428.34,3046.94,224026.36
18 Nov 2024,18 Nov 2024,254777,Mobile App MARYAM BEGUM,20911.62,17834.76,402850.3
13 Dec 2024,13 Dec 2024,,Raast IBFT to OMAR ZAMAN,17988.49,11436.74,343573.15
01 Nov 2024,01 Nov 2024,638755,Raast IBFT to IQRA PARVEEN,21717.73,24591.71,81344.63
23 Dec 2024,23 Dec 2024,,Raast IBFT to IQRA PARVEEN,23793.17,5357.24,495976.43
16 Jan 2025,16 Jan 2025,581834,Raast IBFT to IQRA PARVEEN,13230.37,15996.4,264758.93
14 Dec 2024,14 Dec 2024,,Mobile App MARYAM BEGUM,9249.78,5288.85,287410.0
12 Dec 2024,12 Dec 2024,,Raast IBFT to OMAR ZAMAN,8653.69,2776.75,54396.94
16 Dec 2024,16 Dec 2024,,Mobile App MARYAM BEGUM,6736.0,8645.95,289683.79
03 Jan 2025,03 Jan 2025,,Raast IBFT to IQRA PARVEEN,11379.36,15210.62,230189.03
28 Dec 2024,28 Dec 2024,856021,Mobile App MARYAM BEGUM,15571.06,19077.38,396820.56
08 Dec 2024,08 Dec 2024,,Raast IBFT to OMAR ZAMAN,3430.07,22090.38,154000.16
18 Nov 2024,18 Nov 2024,,INET Inter Bank Fund Transfer Charges,14636.02,6001.48,50869.0
08 Jan 2025,08 Jan 2025,,Raast IBFT to OMAR ZAMAN,8406.7,13111.04,416205.05
28 Dec 2024,28 Dec 2024,776741,INET Inter Bank Fund Transfer Charges,2497.32,2101.81,252138.5
04 Feb 2025,04 Feb 2025,418343,INET Inter Bank Fund Transfer Charges,19424.88,16145.81,172175.78
05 Nov 2024,05 Nov 2024,625675,INET Inter Bank Fund Transfer Charges,14869.12,8604.58,257164.31
09 Nov 2024,09 Nov 2024,,Raast IBFT to OMAR ZAMAN,13806.39,22340.53,354539.12
31 Dec 2024,31 Dec 2024,,Raast IBFT to OMAR ZAMAN,7497.09,12073.04,495993.99
24 Nov 2024,24 Nov 2024,,Raast IBFT to OMAR ZAMAN,15190.0,20696.76,246037.64
02 Feb 2025,02 Feb 2025,,Raast IBFT to OMAR ZAMAN,23680.22,5305.88,256885.04
23 Nov 2024,23 Nov 2024,018096,Raast IBFT to IQRA PARVEEN,8355.69,16739.05,131725.49
25 Dec 2024,25 Dec 2024,213408,Mobile App MARYAM BEGUM,13468.53,14156.97,92968.27
15 Dec 2024,15 Dec 2024,192718,Raast IBFT to OMAR ZAMAN,16818.08,13397.65,39791.57
28 Nov 2024,28 Nov 2024,447630,Mobile App MARYAM BEGUM,6599.39,19965.72,108163.92
15 Nov 2024,15 Nov 2024,333000,Mobile App MARYAM BEGUM,12329.11,17839.16,272543.36
07 Dec 2024,07 Dec 2024,765814,Raast IBFT to IQRA PARVEEN,20134.16,12117.33,460548.54
09 Feb 2025,09 Feb 2025,680702,Raast IBFT to OMAR ZAMAN,5367.35,9500.32,70474.69
19 Jan 2025,19 Jan 2025,,Raast IBFT to OMAR ZAMAN,1216.35,2531.37,423094.51
10 Dec 2024,10 Dec 2024,918298,Raast IBFT to OMAR ZAMAN,12893.6,8199.11,247238.8
11 Dec 2024,11 Dec 2024,,Mobile App MARYAM BEGUM,7824.8,5743.85,14181.1
21 Nov 2024,21 Nov 2024,,INET Inter Bank Fund Transfer Charges,11015.16,21112.07,41644.73
06 Feb 2025,06 Feb 2025,421114,Mobile App MARYAM BEGUM,12137.19,2731.07,306654.8
15 Nov 2024,15 Nov 2024,104194,Mobile App MARYAM BEGUM,11565.15,19234.17,236535.15
23 Nov 2024,23 Nov 2024,271101,Raast IBFT to OMAR ZAMAN,13871.28,13752.51,282057.89
07 Nov 2024,07 Nov 2024,274489,Raast IBFT to IQRA PARVEEN,2514.75,9896.1,240184.51
29 Dec 2024,29 Dec 2024,133336,Raast IBFT to IQRA PARVEEN,1205.37,15716.49,449708.69
23 Dec 2024,23 Dec 2024,,Raast IBFT to IQRA PARVEEN,10754.63,21325.63,181650.27
04 Nov 2024,04 Nov 2024,,INET Inter Bank Fund Transfer Charges,19616.78,22017.75,426934.85
25 Jan 2025,25 Jan 2025,,Raast IBFT to OMAR ZAMAN,18863.48,15108.95,475733.64
03 Dec 2024,03 Dec 2024,953644,Raast IBFT to IQRA PARVEEN,23565.61,6296.55,83958.41
22 Dec 2024,22 Dec 2024,255031,Mobile App MARYAM BEGUM,3890.09,16181.61,254093.16
01 Nov 2024,01 Nov 2024,,Mobile App MARYAM BEGUM,16309.37,18669.64,152453.98
08 Jan 2025,08 Jan 2025,,Raast IBFT to IQRA PARVEEN,3392.31,20918.32,384521.47
15 Nov 2024,15 Nov 2024,,Mobile App MARYAM BEGUM,13561.6,8566.02,370261.39
26 Dec 2024,26 Dec 2024,083335,Raast IBFT to IQRA PARVEEN,6830.43,9116.58,447101.66
15 Jan 2025,15 Jan 2025,,Mobile App MARYAM BEGUM,7408.84,5514.78,188005.96
08 Jan 2025,08 Jan 2025,611531,Mobile App MARYAM BEGUM,14050.43,21133.21,225550.43
20 Nov 2024,20 Nov 2024,824360,Raast IBFT to IQRA PARVEEN,8301.8,1297.98,335366.12
24 Jan 2025,24 Jan 2025,699323,Raast IBFT to OMAR ZAMAN,22120.33,24537.96,381893.84
17 Dec 2024,17 Dec 2024,885232,Raast IBFT to IQRA PARVEEN,14326.66,9130.7,149986.06
13 Dec 2024,13 Dec 2024,,Raast IBFT to OMAR ZAMAN,23159.05,5472.58,75893.98
31 Dec 2024,31 Dec 2024,943003,Mobile App MARYAM BEGUM,1430.34,15395.02,324039.51
11 Jan 2025,11 Jan 2025,339485,INET Inter Bank Fund Transfer Charges,16577.85,22817.95,242333.0
16 Jan 2025,16 Jan 2025,,Raast IBFT to OMAR ZAMAN,10696.96,3331.31,391374.41
05 Nov 2024,05 Nov 2024,,Mobile App MARYAM BEGUM,4791.45,1312.68,439200.84
16 Dec 2024,16 Dec 2024,076476,Raast IBFT to OMAR ZAMAN,13854.55,7264.35,325540.43
19 Nov 2024,19 Nov 2024,341781,Raast IBFT to OMAR ZAMAN,12140.97,23417.53,42212.93
05 Feb 2025,05 Feb 2025,,Mobile App MARYAM BEGUM,17851.19,18634.32,488366.56
12 Dec 2024,12 Dec 2024,941913,Mobile App MARYAM BEGUM,5077.55,5851.71,468666.91
02 Feb 2025,02 Feb 2025,,Mobile App MARYAM BEGUM,20054.87,200.49,452169.42
29 Jan 2025,29 Jan 2025,470032,Mobile App MARYAM BEGUM,22416.02,22037.06,271468.93
17 Jan 2025,17 Jan 2025,,INET Inter Bank Fund Transfer Charges,9520.02,2709.39,373344.08
21 Dec 2024,21 Dec 2024,,INET Inter Bank Fund Transfer Charges,20402.03,21556.57,145292.64
27 Nov 2024,27 Nov 2024,,INET Inter Bank Fund Transfer Charges,24105.67,21583.61,292757.45
29 Dec 2024,29 Dec 2024,,Raast IBFT to OMAR ZAMAN,20149.1,7488.88,452018.08
14 Dec 2024,14 Dec 2024,,Raast IBFT to OMAR ZAMAN,20086.05,18060.39,250536.71
27 Dec 2024,27 Dec 2024,575989,INET Inter Bank Fund Transfer Charges,5970.77,6038.92,268070.52
08 Nov 2024,08 Nov 2024,,Mobile App MARYAM BEGUM,10110.89,16377.33,245876.8
20 Nov 2024,20 Nov 2024,804380,Raast IBFT to OMAR ZAMAN,24729.18,4462.34,371786.52
27 Nov 2024,27 Nov 2024,,Raast IBFT to IQRA PARVEEN,2475.3,22243.35,190496.79
10 Dec 2024,10 Dec 2024,,Raast IBFT to IQRA PARVEEN,24955.65,4184.57,119705.96
05 Nov 2024,05 Nov 2024,,INET Inter Bank Fund Transfer Charges,7986.0,8033.37,396288.94
08 Dec 2024,08 Dec 2024,,Raast IBFT to OMAR ZAMAN,7623.4,5943.09,300952.68
04 Feb 2025,04 Feb 2025,,Raast IBFT to OMAR ZAMAN,23810.78,16427.66,343875.07
29 Jan 2025,29 Jan 2025,,Mobile App MARYAM BEGUM,21323.74,22808.65,121783.31
19 Dec 2024,19 Dec 2024,132445,Mobile App MARYAM BEGUM,17582.42,16505.45,44389.85
31 Jan 2025,31 Jan 2025,,INET Inter Bank Fund Transfer Charges,6590.73,4857.13,148641.56
27 Nov 2024,27 Nov 2024,262789,Mobile App MARYAM BEGUM,5957.7,3681.47,151512.06
28 Nov 2024,28 Nov 2024,703046,Raast IBFT to OMAR ZAMAN,20622.11,16078.72,384767.99
26 Nov 2024,26 Nov 2024,465992,Raast IBFT to IQRA PARVEEN,3312.1,11838.24,293473.81
19 Nov 2024,19 Nov 2024,,Raast IBFT to IQRA PARVEEN,16470.36,5826.01,140554.12
09 Feb 2025,09 Feb 2025,723631,Raast IBFT to OMAR ZAMAN,17989.39,3871.14,317226.98
04 Dec 2024,04 Dec 2024,,INET Inter Bank Fund Transfer Charges,6281.6,14615.11,231245.38
15 Dec 2024,15 Dec 2024,809635,INET Inter Bank Fund Transfer Charges,5752.72,16364.96,477197.86
16 Dec 2024,16 Dec 2024,,Mobile App MARYAM BEGUM,7046.43,20719.25,84592.52
06 Nov 2024,06 Nov 2024,,Raast IBFT to IQRA PARVEEN,10061.3,19037.5,285687.06
11 Nov 2024,11 Nov 2024,481513,Raast IBFT to IQRA PARVEEN,6275.7,6776.68,236172.46
23 Jan 2025,23 Jan 2025,,Raast IBFT to IQRA PARVEEN,21732.21,216.19,224284.63
24 Nov 2024,24 Nov 2024,,Raast IBFT to OMAR ZAMAN,20085.99,18470.17,439713.85
09 Nov 2024,09 Nov 2024,716500,Raast IBFT to OMAR ZAMAN,5118.39,3120.63,474647.54
08 Feb 2025,08 Feb 2025,,Raast IBFT to IQRA PARVEEN,11086.09,19763.66,37623.97
03 Jan 2025,03 Jan 2025,055000,Raast IBFT to OMAR ZAMAN,19620.78,9788.2,167747.96
08 Jan 2025,08 Jan 2025,,Raast IBFT to IQRA PARVEEN,12557.61,5048.59,56842.19
19 Jan 2025,19 Jan 2025,,Mobile App MARYAM BEGUM,24184.5,4818.63,196368.25
16 Jan 2025,16 Jan 2025,,Raast IBFT to OMAR ZAMAN,24861.78,208.92,369296.53
02 Jan 2025,02 Jan 2025,,INET Inter Bank Fund Transfer Charges,14683.57,1600.34,302412.66
06 Nov 2024,06 Nov 2024,850045,Mobile App MARYAM BEGUM,14977.83,20861.59,271894.03
10 Nov 2024,10 Nov 2024,,Mobile App MARYAM BEGUM,2606.44,6270.57,72566.95
14 Nov 2024,14 Nov 2024,508490,INET Inter Bank Fund Transfer Charges,7891.15,18383.89,162697.72
24 Jan 2025,24 Jan 2025,592525,Mobile App MARYAM BEGUM,12877.59,19542.3,330343.83
24 Nov 2024,24 Nov 2024,671642,Raast IBFT to IQRA PARVEEN,13406.54,9996.68,466755.85
05 Dec 2024,05 Dec 2024,,Raast IBFT to IQRA PARVEEN,21446.21,19373.43,335464.67
01 Feb 2025,01 Feb 2025,264569,INET Inter Bank Fund Transfer Charges,24729.37,6438.66,435413.21
02 Jan 2025,02 Jan 2025,247755,INET Inter Bank Fund Transfer Charges,7982.96,10268.05,279908.62
11 Nov 2024,11 Nov 2024,,Mobile App MARYAM BEGUM,23634.92,3565.27,467793.01
12 Nov 2024,12 Nov 2024,,INET Inter Bank Fund Transfer Charges,14958.86,24128.6,473270.99
24 Dec 2024,24 Dec 2024,,Mobile App MARYAM BEGUM,14096.94,20924.36,249577.89
01 Nov 2024,01 Nov 2024,,Raast IBFT to IQRA PARVEEN,6013.01,3574.82,124314.78
03 Jan 2025,03 Jan 2025,323237,INET Inter Bank Fund Transfer Charges,11522.94,20123.18,136607.63
06 Feb 2025,06 Feb 2025,,Mobile App MARYAM BEGUM,6397.42,16067.55,278778.75
12 Jan 2025,12 Jan 2025,804281,Raast IBFT to OMAR ZAMAN,22383.85,9013.05,446698.06
26 Dec 2024,26 Dec 2024,,Raast IBFT to OMAR ZAMAN,19272.53,8481.14,29303.42
30 Dec 2024,30 Dec 2024,,Mobile App MARYAM BEGUM,20468.18,3823.45,477242.15
06 Feb 2025,06 Feb 2025,313239,Raast IBFT to IQRA PARVEEN,4902.41,24968.61,95549.0
17 Jan 2025,17 Jan 2025,,Mobile App MARYAM BEGUM,17131.61,10681.35,104768.13
10 Nov 2024,10 Nov 2024,618126,Mobile App MARYAM BEGUM,16573.05,16942.95,461526.05
20 Dec 2024,20 Dec 2024,,Mobile App MARYAM BEGUM,18974.42,11254.86,75663.46
17 Dec 2024,17 Dec 2024,,Raast IBFT to OMAR ZAMAN,23456.34,19659.16,22612.0
16 Dec 2024,16 Dec 2024,346681,INET Inter Bank Fund Transfer Charges,14601.66,21596.44,329810.64
30 Dec 2024,30 Dec 2024,,INET Inter Bank Fund Transfer Charges,7402.62,9941.91,305075.49
11 Dec 2024,11 Dec 2024,,Mobile App MARYAM BEGUM,24230.59,14156.95,161186.46
03 Feb 2025,03 Feb 2025,,Raast IBFT to IQRA PARVEEN,9077.6,3997.61,324528.32
24 Dec 2024,24 Dec 2024,,Raast IBFT to OMAR ZAMAN,7946.91,442.3,305750.56
27 Nov 2024,27 Nov 2024,905091,Raast IBFT to IQRA PARVEEN,11169.58,10577.96,245407.87
04 Dec 2024,04 Dec 2024,,INET Inter Bank Fund Transfer Charges,16642.8,24923.75,296281.28
01 Feb 2025,01 Feb 2025,,Raast IBFT to IQRA PARVEEN,24594.33,11518.26,274659.41
02 Feb 2025,02 Feb 2025,752935,Raast IBFT to IQRA PARVEEN,4290.81,17142.28,462548.04
07 Feb 2025,07 Feb 2025,,INET Inter Bank Fund Transfer Charges,8641.13,19245.31,384782.14
24 Dec 2024,24 Dec 2024,,Mobile App MARYAM BEGUM,20019.65,9234.58,83867.63
25 Nov 2024,25 Nov 2024,912986,Mobile App MARYAM BEGUM,24084.12,1649.53,391522.6
16 Nov 2024,16 Nov 2024,,Raast IBFT to IQRA PARVEEN,1453.46,16263.48,113807.36
11 Dec 2024,11 Dec 2024,620981,Raast IBFT to OMAR ZAMAN,20147.66,15920.39,233937.15
17 Jan 2025,17 Jan 2025,048574,Mobile App MARYAM BEGUM,5197.7,6089.73,379489.84
04 Feb 2025,04 Feb 2025,798833,Raast IBFT to OMAR ZAMAN,3359.74,21240.75,152664.92
05 Jan 2025,05 Jan 2025,,INET Inter Bank Fund Transfer Charges,3952.39,11085.05,14077.13
15 Nov 2024,15 Nov 2024,,Mobile App MARYAM BEGUM,6643.54,17415.48,274938.98
04 Nov 2024,04 Nov 2024,,Mobile App MARYAM BEGUM,15066.63,6691.39,172267.79
03 Feb 2025,03 Feb 2025,081820,Raast IBFT to IQRA PARVEEN,3061.21,11713.74,94311.35
08 Feb 2025,08 Feb 2025,,Raast IBFT to IQRA PARVEEN,9427.38,1667.64,482150.07
13 Jan 2025,13 Jan 2025,859883,Raast IBFT to IQRA PARVEEN,24374.21,13091.02,104843.71
27 Dec 2024,27 Dec 2024,,Raast IBFT to OMAR ZAMAN,19267.96,5336.55,186467.27
05 Dec 2024,05 Dec 2024,044022,INET Inter Bank Fund Transfer Charges,10459.11,11647.44,337990.87
14 Jan 2025,14 Jan 2025,,INET Inter Bank Fund Transfer Charges,14490.38,24686.79,440712.62
28 Dec 2024,28 Dec 2024,205843,INET Inter Bank Fund Transfer Charges,8991.88,12044.32,473613.59
04 Dec 2024,04 Dec 2024,702528,Raast IBFT to OMAR ZAMAN,3587.93,24567.31,442032.15
27 Dec 2024,27 Dec 2024,242209,Raast IBFT to IQRA PARVEEN,22665.15,15385.15,307358.34
21 Dec 2024,21 Dec 2024,717558,Raast IBFT to OMAR ZAMAN,24833.81,4849.71,25127.73
06 Nov 2024,06 Nov 2024,,Raast IBFT to OMAR ZAMAN,4237.58,17885.9,136401.62
09 Feb 2025,09 Feb 2025,506039,Raast IBFT to OMAR ZAMAN,21414.1,24711.46,163145.04
28 Dec 2024,28 Dec 2024,,Raast IBFT to OMAR ZAMAN,11272.8,14655.28,38777.54
05 Feb 2025,05 Feb 2025,,Mobile App MARYAM BEGUM,16702.98,16120.29,385305.17
17 Nov 2024,17 Nov 2024,,Raast IBFT to OMAR ZAMAN,17834.34,24472.99,314467.02
29 Jan 2025,29 Jan 2025,761848,INET Inter Bank Fund Transfer Charges,3487.74,19116.96,243592.68
25 Nov 2024,25 Nov 2024,,Raast IBFT to IQRA PARVEEN,7483.58,1052.5,475109.63
13 Jan 2025,13 Jan 2025,051527,Raast IBFT to IQRA PARVEEN,1401.39,6750.23,127696.24
03 Nov 2024,03 Nov 2024,153554,Raast IBFT to IQRA PARVEEN,7483.91,19970.01,163252.01
19 Dec 2024,19 Dec 2024,910074,Raast IBFT to OMAR ZAMAN,7890.14,24358.77,131621.6
11 Jan 2025,11 Jan 2025,,Raast IBFT to OMAR ZAMAN,7142.44,3366.51,221271.52
10 Nov 2024,10 Nov 2024,365666,Raast IBFT to IQRA PARVEEN,10999.11,16449.59,164979.54
10 Nov 2024,10 Nov 2024,871138,Raast IBFT to OMAR ZAMAN,2333.21,21584.31,483502.18
09 Nov 2024,09 Nov 2024,100373,INET Inter Bank Fund Transfer Charges,22204.27,3800.45,23207.41
03 Jan 2025,03 Jan 2025,210145,INET Inter Bank Fund Transfer Charges,14378.47,23442.75,220060.01
23 Dec 2024,23 Dec 2024,246531,Raast IBFT to OMAR ZAMAN,3554.66,525.05,39461.66
28 Jan 2025,28 Jan 2025,,Raast IBFT to OMAR ZAMAN,14841.89,24386.62,424393.97
02 Jan 2025,02 Jan 2025,598753,INET Inter Bank Fund Transfer Charges,10600.49,13257.96,62922.79
18 Dec 2024,18 Dec 2024,,Mobile App MARYAM BEGUM,21164.13,731.5,225679.33
24 Jan 2025,24 Jan 2025,816158,Raast IBFT to IQRA PARVEEN,14879.13,7358.07,293102.61
19 Jan 2025,19 Jan 2025,,Raast IBFT to OMAR ZAMAN,1189.78,644.7,329668.35
09 Jan 2025,09 Jan 2025,507413,INET Inter Bank Fund Transfer Charges,1238.47,18804.11,44597.43
10 Nov 2024,10 Nov 2024,,Raast IBFT to OMAR ZAMAN,18148.02,4341.7,136443.27
15 Jan 2025,15 Jan 2025,415674,Raast IBFT to IQRA PARVEEN,14865.28,24700.49,474459.39
11 Nov 2024,11 Nov 2024,,Raast IBFT to IQRA PARVEEN,9664.89,238.27,31417.67
09 Feb 2025,09 Feb 2025,,Raast IBFT to IQRA PARVEEN,11661.52,16313.3,221423.04
09 Jan 2025,09 Jan 2025,706579,Raast IBFT to IQRA PARVEEN,3710.26,11259.04,322786.6
20 Nov 2024,20 Nov 2024,,Raast IBFT to IQRA PARVEEN,23014.33,141.47,295005.28
07 Jan 2025,07 Jan 2025,526851,INET Inter Bank Fund Transfer Charges,22386.93,12217.25,362992.74
27 Dec 2024,27 Dec 2024,723059,Mobile App MARYAM BEGUM,18076.09,21018.47,160397.61
08 Dec 2024,08 Dec 2024,089836,Mobile App MARYAM BEGUM,2342.34,15299.73,149996.68
10 Dec 2024,10 Dec 2024,007858,Raast IBFT to IQRA PARVEEN,13282.47,480.8,166614.22
18 Dec 2024,18 Dec 2024,,Raast IBFT to IQRA PARVEEN,24101.14,296.89,253088.61
04 Feb 2025,04 Feb 2025,,Raast IBFT to IQRA PARVEEN,6006.05,18003.09,492265.49
02 Nov 2024,02 Nov 2024,,Raast IBFT to OMAR ZAMAN,20695.87,12895.1,472095.26
12 Dec 2024,12 Dec 2024,637318,Mobile App MARYAM BEGUM,15059.05,10223.92,84954.07
08 Feb 2025,08 Feb 2025,041892,Raast IBFT to IQRA PARVEEN,1166.33,23749.57,372941.08
07 Nov 2024,07 Nov 2024,790496,Raast IBFT to IQRA PARVEEN,8735.52,4786.15,352551.33
23 Dec 2024,23 Dec 2024,780230,Raast IBFT to OMAR ZAMAN,9872.65,22095.58,372640.91
26 Nov 2024,26 Nov 2024,416264,INET Inter Bank Fund Transfer Charges,19008.35,20458.73,337233.41
29 Nov 2024,29 Nov 2024,,Mobile App MARYAM BEGUM,6943.68,7660.17,150346.87
12 Nov 2024,12 Nov 2024,741789,Raast IBFT to OMAR ZAMAN,1700.12,17060.94,84481.21
02 Jan 2025,02 Jan 2025,,Raast IBFT to OMAR ZAMAN,11413.09,21013.78,420059.78
17 Nov 2024,17 Nov 2024,721014,INET Inter Bank Fund Transfer Charges,14381.02,21587.05,124113.23
18 Dec 2024,18 Dec 2024,,Raast IBFT to IQRA PARVEEN,8439.27,19374.78,424274.03
17 Jan 2025,17 Jan 2025,451292,Raast IBFT to OMAR ZAMAN,16124.97,12599.69,247719.03
26 Dec 2024,26 Dec 2024,,INET Inter Bank Fund Transfer Charges,23387.62,16277.1,288919.35
02 Nov 2024,02 Nov 2024,972089,INET Inter Bank Fund Transfer Charges,17450.89,16520.28,143225.26
17 Nov 2024,17 Nov 2024,,Raast IBFT to OMAR ZAMAN,16663.83,15907.46,31573.75
25 Jan 2025,25 Jan 2025,,Raast IBFT to OMAR ZAMAN,13053.36,10826.47,320428.83
09 Dec 2024,09 Dec 2024,061296,Raast IBFT to OMAR ZAMAN,7415.76,15018.4,455234.09
07 Feb 2025,07 Feb 2025,,Mobile App MARYAM BEGUM,13026.65,17325.21,181183.28
18 Jan 2025,18 Jan 2025,,Mobile App MARYAM BEGUM,17649.83,4495.26,342861.63
25 Dec 2024,25 Dec 2024,,INET Inter Bank Fund Transfer Charges,11508.67,9114.15,424543.17
04 Nov 2024,04 Nov 2024,,INET Inter Bank Fund Transfer Charges,11766.57,21767.91,462124.56
25 Jan 2025,25 Jan 2025,,Raast IBFT to IQRA PARVEEN,23599.05,22246.13,347477.59
09 Jan 2025,09 Jan 2025,,Raast IBFT to OMAR ZAMAN,1462.01,68.17,414514.58
09 Nov 2024,09 Nov 2024,,Mobile App MARYAM BEGUM,9924.32,568.56,89923.46
13 Dec 2024,13 Dec 2024,422502,INET Inter Bank Fund Transfer Charges,7683.07,1378.72,230673.83
15 Nov 2024,15 Nov 2024,075084,INET Inter Bank Fund Transfer Charges,19733.27,8222.3,232660.41
09 Nov 2024,09 Nov 2024,772293,Mobile App MARYAM BEGUM,4878.05,3923.31,370617.51
15 Jan 2025,15 Jan 2025,,INET Inter Bank Fund Transfer Charges,11581.67,2872.58,451301.13
14 Jan 2025,14 Jan 2025,,Mobile App MARYAM BEGUM,16937.41,20675.35,374151.03
07 Dec 2024,07 Dec 2024,242504,Raast IBFT to OMAR ZAMAN,20518.66,374.58,318801.33
01 Jan 2025,01 Jan 2025,982633,Raast IBFT to IQRA PARVEEN,6353.89,3398.17,399507.49
14 Jan 2025,14 Jan 2025,088121,Raast IBFT to OMAR ZAMAN,14495.31,21674.19,213650.27
16 Nov 2024,16 Nov 2024,533831,Raast IBFT to OMAR ZAMAN,20963.88,17980.44,412545.41
17 Nov 2024,17 Nov 2024,759981,Mobile App MARYAM BEGUM,13852.54,22716.05,43153.24
19 Nov 2024,19 Nov 2024,,Raast IBFT to IQRA PARVEEN,16674.76,9811.29,284643.32
06 Dec 2024,06 Dec 2024,,Mobile App MARYAM BEGUM,20561.42,3572.94,344567.12
02 Nov 2024,02 Nov 2024,,Raast IBFT to OMAR ZAMAN,1797.19,18613.12,11003.53
09 Jan 2025,09 Jan 2025,730096,Raast IBFT to IQRA PARVEEN,3306.29,6972.67,495365.47
10 Dec 2024,10 Dec 2024,,Raast IBFT to IQRA PARVEEN,13995.62,5945.27,234159.24
17 Jan 2025,17 Jan 2025,,INET Inter Bank Fund Transfer Charges,8948.82,22952.56,497185.36
03 Nov 2024,03 Nov 2024,,INET Inter Bank Fund Transfer Charges,1671.21,5126.07,398983.15
29 Jan 2025,29 Jan 2025,853864,Raast IBFT to OMAR ZAMAN,4227.59,7597.94,72186.84
19 Nov 2024,19 Nov 2024,494448,Mobile App MARYAM BEGUM,4860.01,9235.92,290626.71
04 Feb 2025,04 Feb 2025,,Raast IBFT to IQRA PARVEEN,17367.09,9665.7,455992.87
10 Dec 2024,10 Dec 2024,786726,Raast IBFT to IQRA PARVEEN,5325.49,21139.59,455155.96
31 Dec 2024,31 Dec 2024,077185,INET Inter Bank Fund Transfer Charges,23203.65,1920.07,387982.06
05 Jan 2025,05 Jan 2025,295694,Raast IBFT to OMAR ZAMAN,15363.25,4521.09,94760.33
30 Dec 2024,30 Dec 2024,,Mobile App MARYAM BEGUM,2975.57,7136.15,167933.57
21 Dec 2024,21 Dec 2024,204282,Raast IBFT to OMAR ZAMAN,7899.42,15842.18,102482.6
19 Nov 2024,19 Nov 2024,,INET Inter Bank Fund Transfer Charges,1572.82,18447.96,401976.54
08 Nov 2024,08 Nov 2024,059337,Raast IBFT to OMAR ZAMAN,14938.76,15700.97,223529.08
11 Dec 2024,11 Dec 2024,675869,Raast IBFT to OMAR ZAMAN,9752.46,10492.54,392147.76
18 Dec 2024,18 Dec 2024,,Raast IBFT to IQRA PARVEEN,19375.43,13054.44,477275.73
12 Dec 2024,12 Dec 2024,241324,Mobile App MARYAM BEGUM,22187.8,10187.35,279736.95
08 Feb 2025,08 Feb 2025,366675,Raast IBFT to IQRA PARVEEN,22561.85,16485.91,126355.25
07 Feb 2025,07 Feb 2025,,Raast IBFT to IQRA PARVEEN,8332.3,9209.91,451251.72
19 Dec 2024,19 Dec 2024,522975,Mobile App MARYAM BEGUM,1012.7,23432.37,78607.83
12 Dec 2024,12 Dec 2024,049036,INET Inter Bank Fund Transfer Charges,23243.17,14973.5,485370.24
16 Nov 2024,16 Nov 2024,771570,INET Inter Bank Fund Transfer Charges,20731.96,3340.0,499418.12
20 Nov 2024,20 Nov 2024,,Mobile App MARYAM BEGUM,19423.16,6184.41,284151.03
26 Nov 2024,26 Nov 2024,210652,Mobile App MARYAM BEGUM,18931.86,7754.6,159763.19
07 Nov 2024,07 Nov 2024,,INET Inter Bank Fund Transfer Charges,2613.19,11131.06,58977.05
28 Dec 2024,28 Dec 2024,,Raast IBFT to OMAR ZAMAN,16404.87,4692.26,186104.82
05 Jan 2025,05 Jan 2025,,Raast IBFT to IQRA PARVEEN,8616.47,13482.21,490135.77
25 Dec 2024,25 Dec 2024,,INET Inter Bank Fund Transfer Charges,5926.5,1348.66,353151.95
12 Dec 2024,12 Dec 2024,,Raast IBFT to IQRA PARVEEN,23640.72,6027.45,287155.9
06 Feb 2025,06 Feb 2025,,Raast IBFT to IQRA PARVEEN,8542.93,11722.27,455568.44
21 Jan 2025,21 Jan 2025,,Mobile App MARYAM BEGUM,24665.28,22564.5,173149.71
02 Nov 2024,02 Nov 2024,,Raast IBFT to OMAR ZAMAN,11132.69,5484.18,387382.56
05 Dec 2024,05 Dec 2024,,Raast IBFT to IQRA PARVEEN,7243.4,23344.77,394873.67
29 Dec 2024,29 Dec 2024,416850,Raast IBFT to IQRA PARVEEN,12065.43,1530.25,19195.43
06 Dec 2024,06 Dec 2024,864679,Raast IBFT to OMAR ZAMAN,8570.59,16582.14,56277.94
02 Jan 2025,02 Jan 2025,188645,Mobile App MARYAM BEGUM,24451.59,8610.76,172011.24
05 Feb 2025,05 Feb 2025,,Mobile App MARYAM BEGUM,6915.31,4173.19,152741.09
27 Nov 2024,27 Nov 2024,,Raast IBFT to OMAR ZAMAN,16291.54,8321.41,425463.78
08 Nov 2024,08 Nov 2024,,Raast IBFT to OMAR ZAMAN,9850.97,8340.59,360765.37
20 Jan 2025,20 Jan 2025,,INET Inter Bank Fund Transfer Charges,21460.86,13464.33,346263.64
30 Dec 2024,30 Dec 2024,,Mobile App MARYAM BEGUM,13719.78,17763.01,131023.54
20 Nov 2024,20 Nov 2024,678245,INET Inter Bank Fund Transfer Charges,23320.5,7067.05,495313.51
11 Dec 2024,11 Dec 2024,,Raast IBFT to OMAR ZAMAN,22048.4,17439.94,379284.03
27 Nov 2024,27 Nov 2024,787784,Raast IBFT to IQRA PARVEEN,15964.69,9934.33,20228.61
01 Nov 2024,01 Nov 2024,777949,Mobile App MARYAM BEGUM,9562.72,14735.66,225294.47
14 Nov 2024,14 Nov 2024,,Raast IBFT to OMAR ZAMAN,19325.59,11014.11,415982.54
01 Dec 2024,01 Dec 2024,277249,Mobile App MARYAM BEGUM,24295.66,13006.22,498117.23
20 Jan 2025,20 Jan 2025,,Mobile App MARYAM BEGUM,20079.41,18005.6,289381.32
26 Dec 2024,26 Dec 2024,,Raast IBFT to IQRA PARVEEN,18318.49,8244.74,486745.77
17 Dec 2024,17 Dec 2024,,Mobile App MARYAM BEGUM,1157.9,22253.96,113334.43
25 Dec 2024,25 Dec 2024,527469,Raast IBFT to OMAR ZAMAN,6137.04,21225.3,485828.77
26 Nov 2024,26 Nov 2024,,INET Inter Bank Fund Transfer Charges,2052.58,9593.52,415341.89
03 Nov 2024,03 Nov 2024,247115,Mobile App MARYAM BEGUM,7718.98,13651.5,364381.19
16 Dec 2024,16 Dec 2024,,Mobile App MARYAM BEGUM,22442.54,24247.3,145881.48
08 Jan 2025,08 Jan 2025,,INET Inter Bank Fund Transfer Charges,21988.33,18425.82,150958.81
28 Nov 2024,28 Nov 2024,,Mobile App MARYAM BEGUM,24790.52,10291.28,190352.32
28 Nov 2024,28 Nov 2024,372730,Raast IBFT to OMAR ZAMAN,13523.79,9259.54,229859.49
02 Jan 2025,02 Jan 2025,,Mobile App MARYAM BEGUM,11864.32,9678.45,207873.95
09 Feb 2025,09 Feb 2025,240363,Raast IBFT to OMAR ZAMAN,4454.19,15208.83,378181.98
03 Dec 2024,03 Dec 2024,,Raast IBFT to OMAR ZAMAN,3816.71,17299.91,231538.05
16 Jan 2025,16 Jan 2025,,INET Inter Bank Fund Transfer Charges,18888.4,3843.09,132243.99
28 Nov 2024,28 Nov 2024,,Raast IBFT to IQRA PARVEEN,10324.28,11046.98,480839.12
09 Jan 2025,09 Jan 2025,088670,Raast IBFT to OMAR ZAMAN,24739.68,17556.2,491644.58
19 Jan 2025,19 Jan 2025,202523,INET Inter Bank Fund Transfer Charges,16735.67,2889.48,403813.12
24 Jan 2025,24 Jan 2025,951126,Mobile App MARYAM BEGUM,24574.17,12925.13,322468.04
06 Nov 2024,06 Nov 2024,,Mobile App MARYAM BEGUM,10224.23,15184.42,349645.37
25 Dec 2024,25 Dec 2024,,Mobile App MARYAM BEGUM,8103.14,9452.63,347252.75
12 Jan 2025,12 Jan 2025,524295,Raast IBFT to OMAR ZAMAN,14015.87,24585.18,247133.85
28 Nov 2024,28 Nov 2024,727475,Raast IBFT to OMAR ZAMAN,23524.73,14979.56,228411.55
17 Nov 2024,17 Nov 2024,026568,Raast IBFT to OMAR ZAMAN,10306.68,7928.84,169095.29
09 Dec 2024,09 Dec 2024,610285,Raast IBFT to IQRA PARVEEN,4554.4,5085.92,155260.19
09 Jan 2025,09 Jan 2025,789358,Mobile App MARYAM BEGUM,6451.62,13630.17,220753.03
14 Nov 2024,14 Nov 2024,,Mobile App MARYAM BEGUM,10254.15,10126.75,212606.36
14 Jan 2025,14 Jan 2025,,Mobile App MARYAM BEGUM,1923.36,693.0,458530.3
28 Nov 2024,28 Nov 2024,,INET Inter Bank Fund Transfer Charges,8225.88,8777.96,247403.11
27 Dec 2024,27 Dec 2024,,Mobile App MARYAM BEGUM,7845.09,7049.58,142678.62
26 Nov 2024,26 Nov 2024,,Mobile App MARYAM BEGUM,2962.62,21098.79,126762.97
08 Jan 2025,08 Jan 2025,,Mobile App MARYAM BEGUM,15548.52,14442.53,258258.59
30 Nov 2024,30 Nov 2024,,Raast IBFT to OMAR ZAMAN,9554.79,558.73,52342.09
26 Dec 2024,26 Dec 2024,543419,Raast IBFT to OMAR ZAMAN,1564.51,24241.06,169994.69
04 Jan 2025,04 Jan 2025,872225,Raast IBFT to IQRA PARVEEN,20959.05,23068.81,216424.86
14 Nov 2024,14 Nov 2024,,Raast IBFT to OMAR ZAMAN,7843.47,13491.62,348635.05
24 Dec 2024,24 Dec 2024,,Raast IBFT to IQRA PARVEEN,8387.38,11024.31,216647.81
03 Jan 2025,03 Jan 2025,,Raast IBFT to OMAR ZAMAN,22964.99,20534.69,193199.06
24 Jan 2025,24 Jan 2025,,Raast IBFT to OMAR ZAMAN,7227.06,12214.08,146951.07
17 Jan 2025,17 Jan 2025,,Mobile App MARYAM BEGUM,19702.51,12314.36,195870.7
02 Feb 2025,02 Feb 2025,,Raast IBFT to IQRA PARVEEN,2034.28,19886.39,47126.45
11 Nov 2024,11 Nov 2024,778363,Mobile App MARYAM BEGUM,22491.81,3607.09,363536.23
06 Jan 2025,06 Jan 2025,,INET Inter Bank Fund Transfer Charges,3920.53,11077.69,91728.14
21 Nov 2024,21 Nov 2024,201216,INET Inter Bank Fund Transfer Charges,24255.95,7528.73,151535.66
07 Jan 2025,07 Jan 2025,592431,INET Inter Bank Fund Transfer Charges,7306.81,10795.64,483840.74
30 Jan 2025,30 Jan 2025,959788,Raast IBFT to OMAR ZAMAN,17136.96,7142.39,324940.59
21 Nov 2024,21 Nov 2024,370291,Mobile App MARYAM BEGUM,9417.69,8508.1,324984.17
23 Jan 2025,23 Jan 2025,,INET Inter Bank Fund Transfer Charges,6023.36,5125.63,14095.31
15 Nov 2024,15 Nov 2024,,Raast IBFT to OMAR ZAMAN,19989.06,9597.91,69683.67
22 Nov 2024,22 Nov 2024,,INET Inter Bank Fund Transfer Charges,4741.47,15327.55,20274.84
19 Nov 2024,19 Nov 2024,196027,INET Inter Bank Fund Transfer Charges,7381.63,624.07,341768.12
05 Dec 2024,05 Dec 2024,576083,Raast IBFT to IQRA PARVEEN,11619.6,20539.37,395432.14
26 Jan 2025,26 Jan 2025,,Raast IBFT to OMAR ZAMAN,17885.23,18497.87,170534.29
28 Dec 2024,28 Dec 2024,,Raast IBFT to IQRA PARVEEN,12428.83,18575.35,244592.88
08 Feb 2025,08 Feb 2025,032737,Raast IBFT to OMAR ZAMAN,3540.86,20287.87,351651.44
18 Jan 2025,18 Jan 2025,100750,Raast IBFT to IQRA PARVEEN,3166.27,18135.3,439483.28
21 Jan 2025,21 Jan 2025,,INET Inter Bank Fund Transfer Charges,21891.07,18040.53,327444.01
03 Jan 2025,03 Jan 2025,,Raast IBFT to IQRA PARVEEN,15922.59,19427.95,102792.05
09 Feb 2025,09 Feb 2025,104780,Mobile App MARYAM BEGUM,18842.83,7866.27,460049.99
28 Dec 2024,28 Dec 2024,,Mobile App MARYAM BEGUM,17881.82,21468.34,229548.93
01 Jan 2025,01 Jan 2025,,Mobile App MARYAM BEGUM,23958.95,22358.46,372422.24
08 Nov 2024,08 Nov 2024,179062,Raast IBFT to IQRA PARVEEN,14883.21,14120.52,173877.07
14 Dec 2024,14 Dec 2024,654461,Mobile App MARYAM BEGUM,22142.87,11530.72,458273.97
04 Nov 2024,04 Nov 2024,,Mobile App MARYAM BEGUM,23802.78,24185.98,121898.98
15 Jan 2025,15 Jan 2025,,Raast IBFT to IQRA PARVEEN,13547.09,1867.71,172469.2
22 Jan 2025,22 Jan 2025,,Raast IBFT to OMAR ZAMAN,3808.98,23152.84,358699.44
12 Jan 2025,12 Jan 2025,017907,Raast IBFT to IQRA PARVEEN,22115.13,13462.56,379580.61
26 Dec 2024,26 Dec 2024,,Mobile App MARYAM BEGUM,22723.26,4164.71,52755.07
26 Nov 2024,26 Nov 2024,685773,Raast IBFT to IQRA PARVEEN,13353.24,13994.08,325770.15
26 Nov 2024,26 Nov 2024,415718,Mobile App MARYAM BEGUM,12634.59,13835.7,450234.05
02 Dec 2024,02 Dec 2024,,Mobile App MARYAM BEGUM,4770.05,17774.19,437698.46
24 Dec 2024,24 Dec 2024,,Mobile App MARYAM BEGUM,21985.98,14338.71,228370.94
23 Dec 2024,23 Dec 2024,102035,Raast IBFT to OMAR ZAMAN,15401.59,7337.97,274097.16
26 Dec 2024,26 Dec 2024,988067,INET Inter Bank Fund Transfer Charges,5604.43,6309.34,244313.7
08 Feb 2025,08 Feb 2025,191780,INET Inter Bank Fund Transfer Charges,3703.84,10027.09,179451.69
10 Nov 2024,10 Nov 2024,,Raast IBFT to IQRA PARVEEN,7737.72,16667.55,287220.79
15 Nov 2024,15 Nov 2024,,INET Inter Bank Fund Transfer Charges,15100.17,4900.46,460500.59
28 Jan 2025,28 Jan 2025,,Mobile App MARYAM BEGUM,19882.81,22266.48,16865.64
06 Jan 2025,06 Jan 2025,,Raast IBFT to IQRA PARVEEN,17946.58,21335.09,481208.27
07 Feb 2025,07 Feb 2025,,Raast IBFT to IQRA PARVEEN,15706.32,19313.83,470959.76
21 Nov 2024,21 Nov 2024,,INET Inter Bank Fund Transfer Charges,20769.85,5313.97,236501.58
22 Dec 2024,22 Dec 2024,146626,Raast IBFT to IQRA PARVEEN,10270.67,9590.4,29127.97
22 Nov 2024,22 Nov 2024,,Raast IBFT to OMAR ZAMAN,1058.66,20731.18,346031.82
20 Jan 2025,20 Jan 2025,255287,Mobile App MARYAM BEGUM,21494.42,23786.74,97072.83
11 Jan 2025,11 Jan 2025,463904,INET Inter Bank Fund Transfer Charges,17353.88,3180.42,462037.22
20 Dec 2024,20 Dec 2024,045683,Raast IBFT to OMAR ZAMAN,16576.58,9910.87,122038.63
18 Nov 2024,18 Nov 2024,485953,Raast IBFT to IQRA PARVEEN,18461.62,18795.97,344385.28
02 Feb 2025,02 Feb 2025,,Raast IBFT to IQRA PARVEEN,6701.29,23905.41,50528.58
20 Dec 2024,20 Dec 2024,,INET Inter Bank Fund Transfer Charges,24998.83,9708.46,352408.51
27 Dec 2024,27 Dec 2024,,Mobile App MARYAM BEGUM,16858.92,4180.61,297182.02
27 Nov 2024,27 Nov 2024,,Raast IBFT to OMAR ZAMAN,22088.85,11833.43,335010.18
19 Dec 2024,19 Dec 2024,,Raast IBFT to IQRA PARVEEN,11441.04,7918.69,347777.49
23 Nov 2024,23 Nov 2024,,Mobile App MARYAM BEGUM,21652.37,13470.52,130969.2
07 Nov 2024,07 Nov 2024,,Raast IBFT to OMAR ZAMAN,11644.34,1045.64,129206.87
27 Jan 2025,27 Jan 2025,,Raast IBFT to IQRA PARVEEN,13976.79,4738.99,398800.14
07 Nov 2024,07 Nov 2024,,INET Inter Bank Fund Transfer Charges,8435.33,14294.42,366274.33
17 Dec 2024,17 Dec 2024,525110,Mobile App MARYAM BEGUM,14393.25,24716.11,80342.89
01 Nov 2024,01 Nov 2024,299111,Mobile App MARYAM BEGUM,12269.02,23856.66,67876.89
27 Jan 2025,27 Jan 2025,888672,Raast IBFT to OMAR ZAMAN,8423.28,5242.06,23951.12
02 Feb 2025,02 Feb 2025,590994,Mobile App MARYAM BEGUM,3508.95,21898.08,354575.28
28 Nov 2024,28 Nov 2024,692216,Mobile App MARYAM BEGUM,2125.5,24138.95,393701.04
04 Nov 2024,04 Nov 2024,711261,Raast IBFT to IQRA PARVEEN,3958.4,16568.92,230852.49
06 Nov 2024,06 Nov 2024,,Mobile App MARYAM BEGUM,18071.48,17479.46,355978.87
27 Dec 2024,27 Dec 2024,,Raast IBFT to OMAR ZAMAN,19918.32,4076.4,398469.16
01 Nov 2024,01 Nov 2024,,Raast IBFT to IQRA PARVEEN,8717.13,9375.52,35124.05
02 Dec 2024,02 Dec 2024,,Mobile App MARYAM BEGUM,18757.91,5595.21,351972.04
25 Nov 2024,25 Nov 2024,,Raast IBFT to IQRA PARVEEN,10116.4,2068.94,92163.69
30 Dec 2024,30 Dec 2024,,Raast IBFT to IQRA PARVEEN,2427.21,11400.5,40708.0
10 Nov 2024,10 Nov 2024,006177,Raast IBFT to OMAR ZAMAN,3644.21,14381.96,284590.15
23 Nov 2024,23 Nov 2024,653372,INET Inter Bank Fund Transfer Charges,6990.85,598.4,455379.31
30 Jan 2025,30 Jan 2025,,Raast IBFT to IQRA PARVEEN,10540.62,6651.47,464317.64
01 Jan 2025,01 Jan 2025,876021,Raast IBFT to IQRA PARVEEN,13067.85,15526.64,453419.08
27 Nov 2024,27 Nov 2024,040662,Mobile App MARYAM BEGUM,17303.38,11832.65,168805.29
03 Nov 2024,03 Nov 2024,,Raast IBFT to IQRA PARVEEN,7899.57,13076.33,281752.05
07 Nov 2024,07 Nov 2024,,INET Inter Bank Fund Transfer Charges,5788.94,10542.12,115873.11
06 Jan 2025,06 Jan 2025,,INET Inter Bank Fund Transfer Charges,6278.94,19017.18,260700.82
20 Jan 2025,20 Jan 2025,,Mobile App MARYAM BEGUM,4401.35,23015.71,167771.19
06 Nov 2024,06 Nov 2024,738799,INET Inter Bank Fund Transfer Charges,2459.99,775.65,244006.36
23 Dec 2024,23 Dec 2024,,Raast IBFT to OMAR ZAMAN,5583.12,2970.68,367989.98
23 Nov 2024,23 Nov 2024,750791,Raast IBFT to IQRA PARVEEN,6286.41,8448.59,482357.27
08 Jan 2025,08 Jan 2025,952025,INET Inter Bank Fund Transfer Charges,1932.76,4323.21,198864.41
25 Jan 2025,25 Jan 2025,,Raast IBFT to IQRA PARVEEN,4357.93,14175.61,17971.22
17 Nov 2024,17 Nov 2024,,Raast IBFT to OMAR ZAMAN,7995.24,18245.09,83503.82
30 Nov 2024,30 Nov 2024,,Mobile App MARYAM BEGUM,16679.73,23899.69,444434.67
07 Feb 2025,07 Feb 2025,691045,Mobile App MARYAM BEGUM,1248.26,18034.02,93668.85
01 Feb 2025,01 Feb 2025,533177,INET Inter Bank Fund Transfer Charges,7955.17,4170.69,81197.16
04 Feb 2025,04 Feb 2025,,Mobile App MARYAM BEGUM,19040.24,14379.36,46744.98
16 Dec 2024,16 Dec 2024,,Mobile App MARYAM BEGUM,12206.95,1267.25,191189.94
27 Nov 2024,27 Nov 2024,536209,Mobile App MARYAM BEGUM,3767.15,15512.68,291953.28
16 Nov 2024,16 Nov 2024,085661,Mobile App MARYAM BEGUM,23098.24,19693.18,15206.98
05 Jan 2025,05 Jan 2025,721690,Mobile App MARYAM BEGUM,3279.56,24269.53,319430.64
10 Jan 2025,10 Jan 2025,,INET Inter Bank Fund Transfer Charges,19094.24,17700.22,498742.77
12 Nov 2024,12 Nov 2024,445079,INET Inter Bank Fund Transfer Charges,11703.85,24765.01,163283.1
20 Jan 2025,20 Jan 2025,,Raast IBFT to OMAR ZAMAN,2793.94,15853.77,222013.15
27 Jan 2025,27 Jan 2025,,Raast IBFT to OMAR ZAMAN,8695.34,7734.99,401603.79
04 Nov 2024,04 Nov 2024,154640,Mobile App MARYAM BEGUM,10593.75,8059.45,72405.03
10 Dec 2024,10 Dec 2024,,INET Inter Bank Fund Transfer Charges,7189.23,9945.23,235104.84
24 Nov 2024,24 Nov 2024,762795,INET Inter Bank Fund Transfer Charges,3364.67,10266.5,11085.7
06 Feb 2025,06 Feb 2025,,INET Inter Bank Fund Transfer Charges,19508.69,14523.61,182079.77
14 Jan 2025,14 Jan 2025,,Mobile App MARYAM BEGUM,14180.18,17542.32,403283.69
06 Dec 2024,06 Dec 2024,391462,Raast IBFT to IQRA PARVEEN,18574.6,3848.34,221464.93
25 Dec 2024,25 Dec 2024,,INET Inter Bank Fund Transfer Charges,7301.15,17735.93,421365.84
15 Dec 2024,15 Dec 2024,621011,Raast IBFT to IQRA PARVEEN,17470.08,24507.36,54047.01
25 Dec 2024,25 Dec 2024,,INET Inter Bank Fund Transfer Charges,21946.18,17205.94,91633.42
29 Dec 2024,29 Dec 2024,,Raast IBFT to OMAR ZAMAN,21302.32,20888.36,279820.46
08 Jan 2025,08 Jan 2025,134788,Raast IBFT to OMAR ZAMAN,19364.26,9713.68,297474.66
23 Nov 2024,23 Nov 2024,297949,INET Inter Bank Fund Transfer Charges,5162.96,8065.59,34477.19
22 Jan 2025,22 Jan 2025,871227,Raast IBFT to OMAR ZAMAN,7342.18,17951.53,177694.98
05 Jan 2025,05 Jan 2025,,INET Inter Bank Fund Transfer Charges,21455.46,9332.5,480274.61
22 Dec 2024,22 Dec 2024,,Raast IBFT to IQRA PARVEEN,11545.66,6996.81,224959.31
20 Nov 2024,20 Nov 2024,902677,Mobile App MARYAM BEGUM,9781.28,8980.93,18365.7
23 Nov 2024,23 Nov 2024,216661,Raast IBFT to IQRA PARVEEN,3311.51,17407.43,308156.37
08 Feb 2025,08 Feb 2025,,Raast IBFT to IQRA PARVEEN,13592.36,8471.49,271662.21
07 Jan 2025,07 Jan 2025,798408,Raast IBFT to IQRA PARVEEN,22666.92,18489.62,294363.98
10 Dec 2024,10 Dec 2024,,INET Inter Bank Fund Transfer Charges,12468.18,11911.14,298486.58
30 Nov 2024,30 Nov 2024,,Raast IBFT to OMAR ZAMAN,8806.22,14756.04,249282.16
19 Dec 2024,19 Dec 2024,143808,Mobile App MARYAM BEGUM,1688.88,17773.54,173798.77
15 Nov 2024,15 Nov 2024,,Raast IBFT to IQRA PARVEEN,9202.34,21224.73,270003.39
03 Feb 2025,03 Feb 2025,883974,Raast IBFT to OMAR ZAMAN,22916.39,9308.39,398741.53
07 Jan 2025,07 Jan 2025,625533,INET Inter Bank Fund Transfer Charges,22737.42,10784.8,37566.61
25 Dec 2024,25 Dec 2024,533784,Mobile App MARYAM BEGUM,2227.81,9525.47,298567.13
08 Nov 2024,08 Nov 2024,,Mobile App MARYAM BEGUM,14181.02,16978.5,280487.0
28 Nov 2024,28 Nov 2024,,INET Inter Bank Fund Transfer Charges,3698.61,12511.47,439686.13
04 Jan 2025,04 Jan 2025,390451,Raast IBFT to IQRA PARVEEN,22929.5,6738.68,242597.61
10 Jan 2025,10 Jan 2025,638170,INET Inter Bank Fund Transfer Charges,15409.8,6297.31,228263.97
16 Jan 2025,16 Jan 2025,305029,Raast IBFT to OMAR ZAMAN,12412.87,22160.34,294072.86
01 Dec 2024,01 Dec 2024,,Raast IBFT to OMAR ZAMAN,24554.31,17715.68,483321.28
16 Dec 2024,16 Dec 2024,,INET Inter Bank Fund Transfer Charges,17564.86,12462.29,364646.66
26 Jan 2025,26 Jan 2025,,Raast IBFT to OMAR ZAMAN,10697.02,7717.34,418557.22
25 Dec 2024,25 Dec 2024,,Raast IBFT to OMAR ZAMAN,12168.79,5358.0,128932.66
20 Jan 2025,20 Jan 2025,398811,Raast IBFT to IQRA PARVEEN,3191.66,553.23,156867.7
09 Jan 2025,09 Jan 2025,,INET Inter Bank Fund Transfer Charges,8837.4,17181.91,238962.49
05 Nov 2024,05 Nov 2024,676000,Mobile App MARYAM BEGUM,10288.0,22579.12,164510.34
12 Jan 2025,12 Jan 2025,184145,Raast IBFT to IQRA PARVEEN,9944.44,15300.49,496943.8
04 Nov 2024,04 Nov 2024,,Raast IBFT to IQRA PARVEEN,19108.69,21001.81,15279.17
24 Dec 2024,24 Dec 2024,931203,Raast IBFT to IQRA PARVEEN,22155.69,10281.08,175480.54
16 Nov 2024,16 Nov 2024,364946,Mobile App MARYAM BEGUM,19104.3,12353.39,327217.98
09 Feb 2025,09 Feb 2025,,INET Inter Bank Fund Transfer Charges,6957.72,16436.13,436833.35
15 Jan 2025,15 Jan 2025,157059,Mobile App MARYAM BEGUM,9043.0,13162.34,346046.95
03 Jan 2025,03 Jan 2025,,INET Inter Bank Fund Transfer Charges,9524.68,5546.87,416406.94
07 Feb 2025,07 Feb 2025,,Mobile App MARYAM BEGUM,1728.44,744.16,350772.65
05 Jan 2025,05 Jan 2025,,Mobile App MARYAM BEGUM,17754.43,18487.01,462606.55
25 Jan 2025,25 Jan 2025,,Mobile App MARYAM BEGUM,2765.29,11356.53,35828.88
24 Dec 2024,24 Dec 2024,,Raast IBFT to IQRA PARVEEN,10302.76,10193.72,230975.58
17 Nov 2024,17 Nov 2024,,Raast IBFT to OMAR ZAMAN,21483.67,725.77,82997.63
05 Dec 2024,05 Dec 2024,,Raast IBFT to IQRA PARVEEN,12001.54,3197.37,331195.98
03 Dec 2024,03 Dec 2024,461861,Raast IBFT to OMAR ZAMAN,4397.04,3148.71,310532.49
09 Nov 2024,09 Nov 2024,134906,Mobile App MARYAM BEGUM,15677.58,21068.1,61222.3
04 Nov 2024,04 Nov 2024,,Raast IBFT to OMAR ZAMAN,13297.73,11545.37,26752.41
10 Dec 2024,10 Dec 2024,560823,Mobile App MARYAM BEGUM,23768.41,21718.97,64412.85
09 Jan 2025,09 Jan 2025,855435,Raast IBFT to OMAR ZAMAN,19815.39,1610.28,448151.89
30 Jan 2025,30 Jan 2025,,Raast IBFT to IQRA PARVEEN,18844.44,23385.49,317799.08
03 Jan 2025,03 Jan 2025,968717,Raast IBFT to IQRA PARVEEN,21680.04,14574.22,96777.16
20 Jan 2025,20 Jan 2025,472761,INET Inter Bank Fund Transfer Charges,2393.22,3386.0,49712.65
18 Nov 2024,18 Nov 2024,054518,Raast IBFT to IQRA PARVEEN,4961.86,1492.16,237547.4
17 Dec 2024,17 Dec 2024,981379,Raast IBFT to IQRA PARVEEN,1219.25,22854.06,103001.89
05 Nov 2024,05 Nov 2024,,INET Inter Bank Fund Transfer Charges,24855.07,11453.84,63242.25
15 Jan 2025,15 Jan 2025,599714,Raast IBFT to IQRA PARVEEN,11301.45,7136.71,258664.71
27 Jan 2025,27 Jan 2025,,Raast IBFT to OMAR ZAMAN,9031.59,18510.18,419002.18
31 Dec 2024,31 Dec 2024,,Raast IBFT to OMAR ZAMAN,11201.8,17688.15,36390.23
08 Jan 2025,08 Jan 2025,006245,Mobile App MARYAM BEGUM,16466.27,16599.29,482388.37
22 Nov 2024,22 Nov 2024,,INET Inter Bank Fund Transfer Charges,12664.89,21095.01,106868.69
06 Jan 2025,06 Jan 2025,844084,Mobile App MARYAM BEGUM,12506.73,22155.17,125699.23
10 Dec 2024,10 Dec 2024,167538,Mobile App MARYAM BEGUM,12365.26,9163.07,428614.44
15 Dec 2024,15 Dec 2024,753115,Raast IBFT to IQRA PARVEEN,20901.46,12939.89,448689.37
30 Dec 2024,30 Dec 2024,,Mobile App MARYAM BEGUM,12911.65,9631.23,22618.28
08 Dec 2024,08 Dec 2024,359091,Raast IBFT to OMAR ZAMAN,4422.91,17786.43,331901.33
18 Nov 2024,18 Nov 2024,189953,Mobile App MARYAM BEGUM,10820.19,21440.93,253198.83
06 Jan 2025,06 Jan 2025,812866,Mobile App MARYAM BEGUM,4412.86,8331.91,288663.23
03 Dec 2024,03 Dec 2024,193001,Raast IBFT to OMAR ZAMAN,12752.37,7149.5,153170.97
12 Dec 2024,12 Dec 2024,,Mobile App MARYAM BEGUM,10427.74,3639.51,187116.54
15 Dec 2024,15 Dec 2024,,Raast IBFT to IQRA PARVEEN,20690.04,18053.31,377665.34
19 Nov 2024,19 Nov 2024,687746,Raast IBFT to IQRA PARVEEN,24772.99,18839.35,239474.11
04 Jan 2025,04 Jan 2025,,Raast IBFT to OMAR ZAMAN,6454.6,9982.44,416984.07
01 Feb 2025,01 Feb 2025,,Mobile App MARYAM BEGUM,14060.74,9286.77,296760.16
01 Jan 2025,01 Jan 2025,108225,INET Inter Bank Fund Transfer Charges,7268.44,8611.02,78378.89
29 Jan 2025,29 Jan 2025,018099,Raast IBFT to OMAR ZAMAN,10049.4,7911.51,10860.18
07 Jan 2025,07 Jan 2025,899201,Raast IBFT to OMAR ZAMAN,16439.16,2996.67,19304.17
01 Nov 2024,01 Nov 2024,,Mobile App MARYAM BEGUM,18296.33,23182.45,138905.71
04 Feb 2025,04 Feb 2025,,Raast IBFT to IQRA PARVEEN,19512.98,16871.31,368859.19
18 Jan 2025,18 Jan 2025,830726,Mobile App MARYAM BEGUM,19749.48,22163.87,325723.6
01 Dec 2024,01 Dec 2024,,Raast IBFT to OMAR ZAMAN,15437.89,5601.54,274114.61
09 Feb 2025,09 Feb 2025,,INET Inter Bank Fund Transfer Charges,10607.02,6884.69,374522.21
31 Dec 2024,31 Dec 2024,557068,Raast IBFT to OMAR ZAMAN,15602.93,12545.56,232939.54
31 Jan 2025,31 Jan 2025,,INET Inter Bank Fund Transfer Charges,12152.86,22568.8,189308.77
24 Nov 2024,24 Nov 2024,903764,INET Inter Bank Fund Transfer Charges,9977.36,10471.01,161003.81
31 Jan 2025,31 Jan 2025,,Mobile App MARYAM BEGUM,3440.48,7783.9,496936.4
28 Nov 2024,28 Nov 2024,,Raast IBFT to OMAR ZAMAN,5399.07,12523.22,300767.51
27 Jan 2025,27 Jan 2025,224146,Raast IBFT to IQRA PARVEEN,11071.14,12865.15,328142.74
27 Dec 2024,27 Dec 2024,136828,Raast IBFT to OMAR ZAMAN,4986.46,5510.51,496994.06
25 Nov 2024,25 Nov 2024,100299,Raast IBFT to OMAR ZAMAN,12532.04,11422.15,161437.52
23 Dec 2024,23 Dec 2024,182638,Raast IBFT to IQRA PARVEEN,9449.88,7667.5,261394.39
31 Dec 2024,31 Dec 2024,,Mobile App MARYAM BEGUM,7797.14,23009.9,324289.92
23 Nov 2024,23 Nov 2024,852087,Raast IBFT to IQRA PARVEEN,10734.79,18551.3,68061.2
18 Nov 2024,18 Nov 2024,168789,INET Inter Bank Fund Transfer Charges,8347.57,16009.03,468468.94
24 Jan 2025,24 Jan 2025,140540,Raast IBFT to OMAR ZAMAN,15111.91,3436.31,25612.87
23 Dec 2024,23 Dec 2024,281167,Raast IBFT to OMAR ZAMAN,24723.95,2448.78,171961.66
23 Dec 2024,23 Dec 2024,,Raast IBFT to OMAR ZAMAN,12320.66,5294.31,250505.86
08 Nov 2024,08 Nov 2024,,INET Inter Bank Fund Transfer Charges,9173.85,6730.08,77181.38
15 Nov 2024,15 Nov 2024,,Raast IBFT to IQRA PARVEEN,20791.32,23112.6,48085.61
08 Nov 2024,08 Nov 2024,385126,INET Inter Bank Fund Transfer Charges,1619.46,21325.58,455421.0
07 Dec 2024,07 Dec 2024,832032,Raast IBFT to IQRA PARVEEN,23120.32,14290.29,489879.38
27 Jan 2025,27 Jan 2025,135374,Raast IBFT to IQRA PARVEEN,5096.18,23355.58,186121.95
01 Jan 2025,01 Jan 2025,,Mobile App MARYAM BEGUM,23741.41,19666.71,112013.6
21 Dec 2024,21 Dec 2024,105868,Mobile App MARYAM BEGUM,20229.34,16392.54,445039.98
05 Feb 2025,05 Feb 2025,203475,INET Inter Bank Fund Transfer Charges,19817.66,22435.91,39208.14
15 Nov 2024,15 Nov 2024,756092,INET Inter Bank Fund Transfer Charges,21343.78,17778.47,448475.87
17 Dec 2024,17 Dec 2024,,Raast IBFT to OMAR ZAMAN,20270.56,24836.77,408777.06
05 Feb 2025,05 Feb 2025,584286,Raast IBFT to IQRA PARVEEN,12558.45,22088.96,122776.67
17 Dec 2024,17 Dec 2024,301163,Mobile App MARYAM BEGUM,2249.7,23008.21,311744.7
11 Nov 2024,11 Nov 2024,,Raast IBFT to IQRA PARVEEN,20114.18,597.42,267295.41
02 Feb 2025,02 Feb 2025,869402,Mobile App MARYAM BEGUM,8936.5,23927.49,63341.03
16 Nov 2024,16 Nov 2024,081694,Raast IBFT to OMAR ZAMAN,17545.54,18475.53,16109.63
28 Jan 2025,28 Jan 2025,,Raast IBFT to OMAR ZAMAN,11305.53,611.19,390761.16
12 Jan 2025,12 Jan 2025,,Raast IBFT to OMAR ZAMAN,6798.69,6733.01,30338.76
26 Jan 2025,26 Jan 2025,879518,Raast IBFT to IQRA PARVEEN,2505.66,8309.78,191375.59
14 Jan 2025,14 Jan 2025,323816,INET Inter Bank Fund Transfer Charges,13219.36,162.51,467681.96
08 Jan 2025,08 Jan 2025,202203,Mobile App MARYAM BEGUM,18259.71,21603.75,142255.71
04 Nov 2024,04 Nov 2024,,Mobile App MARYAM BEGUM,16326.44,15964.56,320953.88
29 Jan 2025,29 Jan 2025,743354,Mobile App MARYAM BEGUM,3089.29,3111.99,477113.51
09 Dec 2024,09 Dec 2024,220814,INET Inter Bank Fund Transfer Charges,21253.77,14164.62,90407.58
12 Dec 2024,12 Dec 2024,,Raast IBFT to OMAR ZAMAN,16193.57,16326.08,370633.84
11 Dec 2024,11 Dec 2024,,Mobile App MARYAM BEGUM,22500.02,18117.15,460709.29
15 Nov 2024,15 Nov 2024,,Raast IBFT to IQRA PARVEEN,22478.98,23923.85,22685.3
01 Feb 2025,01 Feb 2025,,Raast IBFT to OMAR ZAMAN,16493.76,4371.89,235796.86
04 Dec 2024,04 Dec 2024,265046,Raast IBFT to IQRA PARVEEN,24438.28,9775.33,367270.48
01 Dec 2024,01 Dec 2024,444645,INET Inter Bank Fund Transfer Charges,15599.02,10336.24,373957.21
30 Nov 2024,30 Nov 2024,,Raast IBFT to IQRA PARVEEN,5332.37,24938.46,210635.81
04 Nov 2024,04 Nov 2024,225954,Mobile App MARYAM BEGUM,7364.98,17895.71,329422.46
09 Jan 2025,09 Jan 2025,,Mobile App MARYAM BEGUM,18783.82,1086.65,385802.11
17 Nov 2024,17 Nov 2024,,Raast IBFT to IQRA PARVEEN,6405.02,14697.95,269202.4
22 Jan 2025,22 Jan 2025,951922,INET Inter Bank Fund Transfer Charges,2652.3,24615.14,378425.5
16 Jan 2025,16 Jan 2025,326159,INET Inter Bank Fund Transfer Charges,24074.33,19596.94,452769.13
17 Nov 2024,17 Nov 2024,,INET Inter Bank Fund Transfer Charges,13367.1,14271.26,288848.98
22 Dec 2024,22 Dec 2024,,INET Inter Bank Fund Transfer Charges,23741.76,11617.8,429580.64
05 Jan 2025,05 Jan 2025,350139,INET Inter Bank Fund Transfer Charges,21767.42,10724.86,390880.72
19 Jan 2025,19 Jan 2025,938969,Raast IBFT to IQRA PARVEEN,8776.52,23381.83,454383.5
24 Dec 2024,24 Dec 2024,,Raast IBFT to IQRA PARVEEN,10670.58,22121.63,465132.05
10 Dec 2024,10 Dec 2024,402273,Raast IBFT to OMAR ZAMAN,23580.01,11338.5,313224.6
22 Jan 2025,22 Jan 2025,453090,Mobile App MARYAM BEGUM,10449.81,14598.8,278415.58
21 Nov 2024,21 Nov 2024,,Raast IBFT to IQRA PARVEEN,9526.54,3586.97,443512.01
27 Jan 2025,27 Jan 2025,,INET Inter Bank Fund Transfer Charges,3752.8,8782.34,376964.49
12 Dec 2024,12 Dec 2024,997370,Raast IBFT to OMAR ZAMAN,10173.43,22293.36,234675.65
19 Jan 2025,19 Jan 2025,779880,INET Inter Bank Fund Transfer Charges,5683.1,18544.64,141902.33
27 Dec 2024,27 Dec 2024,150398,INET Inter Bank Fund Transfer Charges,7591.74,2263.6,31301.74
11 Jan 2025,11 Jan 2025,719925,Raast IBFT to OMAR ZAMAN,22181.39,15356.92,231285.95
13 Dec 2024,13 Dec 2024,,Raast IBFT to IQRA PARVEEN,23758.62,6595.46,141358.13
21 Jan 2025,21 Jan 2025,360745,Raast IBFT to OMAR ZAMAN,2970.0,5406.53,497149.51
06 Feb 2025,06 Feb 2025,,INET Inter Bank Fund Transfer Charges,10104.3,14002.15,149723.78
05 Feb 2025,05 Feb 2025,,Raast IBFT to IQRA PARVEEN,4156.73,7893.7,304664.97
25 Nov 2024,25 Nov 2024,,INET Inter Bank Fund Transfer Charges,3469.3,3901.8,452679.59
14 Dec 2024,14 Dec 2024,,Raast IBFT to OMAR ZAMAN,8099.24,13273.46,111608.85
22 Jan 2025,22 Jan 2025,,INET Inter Bank Fund Transfer Charges,6863.63,14189.01,75514.05
04 Jan 2025,04 Jan 2025,680931,Raast IBFT to IQRA PARVEEN,12013.96,24898.37,388779.37
22 Dec 2024,22 Dec 2024,129062,INET Inter Bank Fund Transfer Charges,10964.85,9273.56,404118.77
21 Dec 2024,21 Dec 2024,888341,INET Inter Bank Fund Transfer Charges,18879.72,11098.25,84603.21
22 Nov 2024,22 Nov 2024,,INET Inter Bank Fund Transfer Charges,2154.0,13756.7,61784.05
12 Dec 2024,12 Dec 2024,,INET Inter Bank Fund Transfer Charges,15914.86,15164.71,263333.67
04 Feb 2025,04 Feb 2025,937398,Raast IBFT to IQRA PARVEEN,10475.44,20813.53,485772.35
09 Dec 2024,09 Dec 2024,,INET Inter Bank Fund Transfer Charges,2892.07,23457.74,412651.74
19 Jan 2025,19 Jan 2025,852945,Raast IBFT to OMAR ZAMAN,23417.65,6950.81,35323.56
30 Nov 2024,30 Nov 2024,,Raast IBFT to IQRA PARVEEN,19215.39,7397.62,444235.0
12 Jan 2025,12 Jan 2025,,Mobile App MARYAM BEGUM,15609.37,23576.24,459121.73
06 Feb 2025,06 Feb 2025,530350,Raast IBFT to IQRA PARVEEN,14512.04,9071.1,495820.94
04 Nov 2024,04 Nov 2024,,Raast IBFT to IQRA PARVEEN,16014.73,22879.39,101593.94
23 Jan 2025,23 Jan 2025,948409,INET Inter Bank Fund Transfer Charges,24502.22,1365.53,472714.28
08 Feb 2025,08 Feb 2025,674409,Mobile App MARYAM BEGUM,15520.07,11439.01,180849.49
29 Jan 2025,29 Jan 2025,,Raast IBFT to OMAR ZAMAN,3875.31,13757.61,375525.09
05 Nov 2024,05 Nov 2024,456482,INET Inter Bank Fund Transfer Charges,7244.59,7740.37,347392.97
26 Jan 2025,26 Jan 2025,806762,Mobile App MARYAM BEGUM,3037.21,16823.17,212189.68
03 Nov 2024,03 Nov 2024,374539,INET Inter Bank Fund Transfer Charges,23490.37,8040.3,455767.13
07 Nov 2024,07 Nov 2024,767768,Mobile App MARYAM BEGUM,24244.82,13642.07,460474.19
24 Jan 2025,24 Jan 2025,106540,Raast IBFT to OMAR ZAMAN,10956.79,23199.43,197321.16
01 Feb 2025,01 Feb 2025,,Raast IBFT to OMAR ZAMAN,10207.94,6867.09,237165.46
01 Nov 2024,01 Nov 2024,,Mobile App MARYAM BEGUM,7967.27,4391.8,158633.7
08 Feb 2025,08 Feb 2025,672185,Raast IBFT to IQRA PARVEEN,19850.48,9126.3,336491.83
01 Jan 2025,01 Jan 2025,485450,INET Inter Bank Fund Transfer Charges,19678.41,1664.85,373493.35
27 Jan 2025,27 Jan 2025,977673,Raast IBFT to OMAR ZAMAN,16184.12,19124.22,283120.57
08 Feb 2025,08 Feb 2025,135181,Mobile App MARYAM BEGUM,10144.91,6104.81,269492.27
17 Nov 2024,17 Nov 2024,,INET Inter Bank Fund Transfer Charges,23553.48,12938.22,448954.39
13 Nov 2024,13 Nov 2024,,Raast IBFT to OMAR ZAMAN,20269.21,21559.55,294307.25
07 Jan 2025,07 Jan 2025,,Raast IBFT to OMAR ZAMAN,16436.12,13307.25,211445.29
03 Feb 2025,03 Feb 2025,225859,Raast IBFT to OMAR ZAMAN,6951.96,22611.07,163181.02
08 Dec 2024,08 Dec 2024,,Raast IBFT to OMAR ZAMAN,1829.37,21941.75,174932.63
11 Nov 2024,11 Nov 2024,601069,Mobile App MARYAM BEGUM,4200.11,11153.17,232758.5
14 Nov 2024,14 Nov 2024,,INET Inter Bank Fund Transfer Charges,5689.37,14196.29,430006.67
13 Nov 2024,13 Nov 2024,,Raast IBFT to OMAR ZAMAN,3600.84,7372.91,218120.85
23 Nov 2024,23 Nov 2024,399611,Mobile App MARYAM BEGUM,19733.43,5894.61,21074.43
20 Dec 2024,20 Dec 2024,,Raast IBFT to OMAR ZAMAN,11355.48,7076.99,282848.24
29 Dec 2024,29 Dec 2024,,Raast IBFT to IQRA PARVEEN,16962.14,23509.85,204894.18
28 Dec 2024,28 Dec 2024,,Raast IBFT to IQRA PARVEEN,19210.23,21679.3,94638.88
01 Feb 2025,01 Feb 2025,,Mobile App MARYAM BEGUM,15019.75,12375.78,191129.83
11 Dec 2024,11 Dec 2024,,Raast IBFT to OMAR ZAMAN,18983.55,2647.35,411211.5
14 Nov 2024,14 Nov 2024,,Raast IBFT to OMAR ZAMAN,13427.0,7948.15,493473.56
18 Jan 2025,18 Jan 2025,347980,Raast IBFT to OMAR ZAMAN,12266.2,24885.69,303926.26
24 Jan 2025,24 Jan 2025,,INET Inter Bank Fund Transfer Charges,5047.95,10186.17,476063.41
24 Dec 2024,24 Dec 2024,258196,INET Inter Bank Fund Transfer Charges,8601.49,8958.36,171222.93
23 Nov 2024,23 Nov 2024,,Mobile App MARYAM BEGUM,2202.88,6114.98,126658.71
04 Dec 2024,04 Dec 2024,105939,Raast IBFT to IQRA PARVEEN,3447.76,5904.89,234077.39
02 Jan 2025,02 Jan 2025,473328,Mobile App MARYAM BEGUM,16791.55,15087.2,372667.56
16 Jan 2025,16 Jan 2025,,Mobile App MARYAM BEGUM,20180.69,9928.51,52986.26
01 Nov 2024,01 Nov 2024,,Raast IBFT to IQRA PARVEEN,23366.31,14903.06,276673.58
25 Nov 2024,25 Nov 2024,,Mobile App MARYAM BEGUM,12023.52,7143.89,476526.12
21 Dec 2024,21 Dec 2024,072409,Mobile App MARYAM BEGUM,9747.63,10979.88,78890.54
25 Dec 2024,25 Dec 2024,,Raast IBFT to OMAR ZAMAN,17509.2,12788.63,276385.6
24 Nov 2024,24 Nov 2024,913529,INET Inter Bank Fund Transfer Charges,7357.29,2155.04,299449.16
27 Dec 2024,27 Dec 2024,,Raast IBFT to IQRA PARVEEN,16717.25,14582.14,84766.51
28 Jan 2025,28 Jan 2025,442157,Raast IBFT to IQRA PARVEEN,23729.34,834.3,180826.83
14 Nov 2024,14 Nov 2024,121876,Mobile App MARYAM BEGUM,4396.58,665.12,465170.68
06 Nov 2024,06 Nov 2024,,Mobile App MARYAM BEGUM,13466.75,20410.69,259697.14
08 Nov 2024,08 Nov 2024,007865,Raast IBFT to IQRA PARVEEN,3392.64,23054.05,218281.83
28 Nov 2024,28 Nov 2024,,INET Inter Bank Fund Transfer Charges,10381.74,21973.99,411371.41
09 Nov 2024,09 Nov 2024,,Mobile App MARYAM BEGUM,4560.23,18675.88,231209.81
15 Dec 2024,15 Dec 2024,,Raast IBFT to OMAR ZAMAN,15922.13,8200.6,237273.35
19 Jan 2025,19 Jan 2025,104447,Raast IBFT to OMAR ZAMAN,15305.46,849.58,121021.35
17 Dec 2024,17 Dec 2024,,Raast IBFT to OMAR ZAMAN,9597.24,10187.89,329901.82
06 Dec 2024,06 Dec 2024,333556,Raast IBFT to IQRA PARVEEN,13054.14,14943.75,196311.61
04 Jan 2025,04 Jan 2025,,Raast IBFT to OMAR ZAMAN,21527.79,1699.9,362283.82
15 Nov 2024,15 Nov 2024,,Mobile App MARYAM BEGUM,20856.61,7664.89,449031.85
28 Dec 2024,28 Dec 2024,765008,INET Inter Bank Fund Transfer Charges,18517.43,23505.57,226397.3
08 Jan 2025,08 Jan 2025,,Raast IBFT to OMAR ZAMAN,2050.98,21453.11,288012.75
04 Jan 2025,04 Jan 2025,383595,INET Inter Bank Fund Transfer Charges,6012.88,8592.31,409604.61
23 Jan 2025,23 Jan 2025,,Raast IBFT to IQRA PARVEEN,13491.62,3327.02,311528.66
12 Dec 2024,12 Dec 2024,201080,Mobile App MARYAM BEGUM,18667.15,17140.64,462318.66
06 Dec 2024,06 Dec 2024,942412,Mobile App MARYAM BEGUM,16421.65,4944.39,299812.97
27 Nov 2024,27 Nov 2024,,Raast IBFT to OMAR ZAMAN,20967.46,19913.55,57270.65
08 Feb 2025,08 Feb 2025,712429,Raast IBFT to IQRA PARVEEN,24973.74,16731.1,386353.22
24 Dec 2024,24 Dec 2024,,Raast IBFT to OMAR ZAMAN,6647.22,17526.56,65771.38
09 Dec 2024,09 Dec 2024,494232,Mobile App MARYAM BEGUM,19928.94,8998.04,126841.3
04 Feb 2025,04 Feb 2025,,Mobile App MARYAM BEGUM,11620.21,7480.85,490751.62
21 Dec 2024,21 Dec 2024,,Mobile App MARYAM BEGUM,22161.63,15969.91,165711.25
04 Nov 2024,04 Nov 2024,148445,Raast IBFT to OMAR ZAMAN,23742.56,18268.35,448185.39
19 Nov 2024,19 Nov 2024,050512,Raast IBFT to IQRA PARVEEN,22643.24,12323.65,265775.46
09 Dec 2024,09 Dec 2024,596436,Raast IBFT to IQRA PARVEEN,3897.71,18719.46,356699.12
17 Jan 2025,17 Jan 2025,274446,Raast IBFT to OMAR ZAMAN,15750.33,18521.94,429377.77
22 Dec 2024,22 Dec 2024,,Raast IBFT to IQRA PARVEEN,12521.13,5883.59,371114.08
02 Jan 2025,02 Jan 2025,,Mobile App MARYAM BEGUM,3115.25,160.03,225936.15
16 Nov 2024,16 Nov 2024,,INET Inter Bank Fund Transfer Charges,9419.21,18813.52,386181.57
30 Dec 2024,30 Dec 2024,915369,Mobile App MARYAM BEGUM,15798.21,13549.93,452942.1
27 Dec 2024,27 Dec 2024,934426,Raast IBFT to IQRA PARVEEN,4470.7,19332.46,84754.2
05 Nov 2024,05 Nov 2024,,Raast IBFT to IQRA PARVEEN,9930.58,17385.91,419930.49
04 Feb 2025,04 Feb 2025,352104,Mobile App MARYAM BEGUM,18352.8,2254.64,308803.78
06 Feb 2025,06 Feb 2025,475312,INET Inter Bank Fund Transfer Charges,23039.24,12425.59,150693.46
26 Dec 2024,26 Dec 2024,,INET Inter Bank Fund Transfer Charges,16268.66,5434.22,130888.85
23 Jan 2025,23 Jan 2025,604952,Raast IBFT to IQRA PARVEEN,12121.63,14863.35,46247.63
03 Feb 2025,03 Feb 2025,,Raast IBFT to IQRA PARVEEN,6197.3,9261.08,171420.55
09 Dec 2024,09 Dec 2024,,Raast IBFT to IQRA PARVEEN,2763.17,14457.51,215983.92
12 Jan 2025,12 Jan 2025,478538,Raast IBFT to OMAR ZAMAN,5443.99,18352.23,307634.12
13 Dec 2024,13 Dec 2024,,INET Inter Bank Fund Transfer Charges,2070.21,21029.21,428695.76
13 Jan 2025,13 Jan 2025,534286,Raast IBFT to OMAR ZAMAN,21824.66,22003.51,265039.89
23 Nov 2024,23 Nov 2024,,Mobile App MARYAM BEGUM,11292.38,14546.3,407028.18
17 Dec 2024,17 Dec 2024,656803,Raast IBFT to IQRA PARVEEN,2496.93,6392.72,261049.64
30 Nov 2024,30 Nov 2024,,INET Inter Bank Fund Transfer Charges,9074.68,10476.16,164431.95
08 Feb 2025,08 Feb 2025,440723,Raast IBFT to OMAR ZAMAN,21836.26,23605.28,46169.83
13 Dec 2024,13 Dec 2024,,Raast IBFT to IQRA PARVEEN,6551.33,20343.02,273278.01
09 Feb 2025,09 Feb 2025,833134,INET Inter Bank Fund Transfer Charges,10860.12,17434.47,72569.71
23 Dec 2024,23 Dec 2024,,INET Inter Bank Fund Transfer Charges,7270.07,8909.2,388207.18
09 Nov 2024,09 Nov 2024,,Raast IBFT to OMAR ZAMAN,2199.24,1245.07,26726.94
16 Nov 2024,16 Nov 2024,151523,Mobile App MARYAM BEGUM,24753.25,18873.16,399214.08
19 Dec 2024,19 Dec 2024,864774,Raast IBFT to OMAR ZAMAN,3591.77,6117.89,18631.54
07 Jan 2025,07 Jan 2025,,INET Inter Bank Fund Transfer Charges,4588.97,1698.64,372107.38
18 Nov 2024,18 Nov 2024,970384,Mobile App MARYAM BEGUM,10324.29,6345.34,248812.42
30 Jan 2025,30 Jan 2025,298674,Raast IBFT to OMAR ZAMAN,3100.05,16663.39,402743.72
21 Nov 2024,21 Nov 2024,144231,Raast IBFT to OMAR ZAMAN,16612.35,13061.8,49098.54
03 Dec 2024,03 Dec 2024,154547,Raast IBFT to OMAR ZAMAN,11086.66,9724.14,451649.11
09 Jan 2025,09 Jan 2025,384361,Raast IBFT to OMAR ZAMAN,9022.45,3074.03,78522.24
20 Jan 2025,20 Jan 2025,,Raast IBFT to IQRA PARVEEN,15240.95,15617.19,262381.54
01 Nov 2024,01 Nov 2024,947551,Raast IBFT to IQRA PARVEEN,14117.13,24555.87,121380.96
18 Dec 2024,18 Dec 2024,566287,Mobile App MARYAM BEGUM,12601.81,678.58,189419.34
12 Nov 2024,12 Nov 2024,601526,Raast IBFT to IQRA PARVEEN,12661.54,22927.1,123127.87
07 Jan 2025,07 Jan 2025,,INET Inter Bank Fund Transfer Charges,7050.01,24134.23,401451.86
27 Dec 2024,27 Dec 2024,,Raast IBFT to OMAR ZAMAN,13370.88,11878.07,153663.24
11 Dec 2024,11 Dec 2024,473854,Mobile App MARYAM BEGUM,15033.8,11474.94,333454.05
29 Jan 2025,29 Jan 2025,,Mobile App MARYAM BEGUM,20429.59,14337.05,130671.09
21 Jan 2025,21 Jan 2025,,Raast IBFT to IQRA PARVEEN,1688.34,12791.17,28785.67
21 Jan 2025,21 Jan 2025,612867,Mobile App MARYAM BEGUM,8092.29,4059.26,437263.44
25 Nov 2024,25 Nov 2024,667143,Mobile App MARYAM BEGUM,4078.22,24702.49,272656.79
08 Feb 2025,08 Feb 2025,,Mobile App MARYAM BEGUM,15562.06,13130.24,138421.07
04 Jan 2025,04 Jan 2025,306946,INET Inter Bank Fund Transfer Charges,23548.71,20178.74,116323.6
08 Feb 2025,08 Feb 2025,927054,Raast IBFT to IQRA PARVEEN,18957.01,7015.09,342148.67
13 Dec 2024,13 Dec 2024,,INET Inter Bank Fund Transfer Charges,22020.57,11939.58,268854.03
23 Nov 2024,23 Nov 2024,,INET Inter Bank Fund Transfer Charges,6725.63,2700.54,13071.37
14 Jan 2025,14 Jan 2025,,INET Inter Bank Fund Transfer Charges,2965.29,6551.21,242438.68
01 Nov 2024,01 Nov 2024,013508,INET Inter Bank Fund Transfer Charges,15788.76,19556.47,419192.88
20 Nov 2024,20 Nov 2024,,INET Inter Bank Fund Transfer Charges,5299.32,14946.12,264099.75
19 Jan 2025,19 Jan 2025,,Mobile App MARYAM BEGUM,17542.78,23895.83,129448.75
16 Dec 2024,16 Dec 2024,944255,Mobile App MARYAM BEGUM,15285.16,19721.34,142330.62
31 Jan 2025,31 Jan 2025,287520,Mobile App MARYAM BEGUM,2997.08,12308.19,31148.56
05 Feb 2025,05 Feb 2025,,Mobile App MARYAM BEGUM,1557.34,12853.65,382067.05
01 Jan 2025,01 Jan 2025,,Raast IBFT to IQRA PARVEEN,14946.5,1364.08,119396.35
23 Nov 2024,23 Nov 2024,651177,INET Inter Bank Fund Transfer Charges,19049.72,23037.68,78023.51
21 Nov 2024,21 Nov 2024,,Mobile App MARYAM BEGUM,10146.88,14676.85,253419.16
18 Nov 2024,18 Nov 2024,,Mobile App MARYAM BEGUM,22185.45,16052.84,84838.75
01 Jan 2025,01 Jan 2025,,Raast IBFT to IQRA PARVEEN,11419.32,2410.5,448398.19
07 Nov 2024,07 Nov 2024,,Raast IBFT to IQRA PARVEEN,5595.92,5310.18,231988.81
22 Dec 2024,22 Dec 2024,,Raast IBFT to OMAR ZAMAN,13718.49,2617.01,338803.23
03 Feb 2025,03 Feb 2025,,Raast IBFT to IQRA PARVEEN,4096.55,21691.83,250162.16
23 Dec 2024,23 Dec 2024,,Mobile App MARYAM BEGUM,14553.9,17607.73,266142.71
13 Dec 2024,13 Dec 2024,359841,Raast IBFT to OMAR ZAMAN,11601.68,24995.95,358375.69
19 Jan 2025,19 Jan 2025,900464,Mobile App MARYAM BEGUM,21210.1,23495.04,199201.38
07 Jan 2025,07 Jan 2025,,INET Inter Bank Fund Transfer Charges,11928.28,13219.76,24628.66
23 Dec 2024,23 Dec 2024,,Raast IBFT to OMAR ZAMAN,9697.86,15145.41,331591.86
14 Jan 2025,14 Jan 2025,,Raast IBFT to IQRA PARVEEN,17202.52,10079.67,282981.94
23 Dec 2024,23 Dec 2024,,Raast IBFT to IQRA PARVEEN,14559.28,14220.94,42330.82
09 Feb 2025,09 Feb 2025,369522,INET Inter Bank Fund Transfer Charges,16244.24,867.72,133853.31
05 Nov 2024,05 Nov 2024,,Mobile App MARYAM BEGUM,13211.97,2665.94,36435.93
23 Nov 2024,23 Nov 2024,772025,INET Inter Bank Fund Transfer Charges,2364.81,4369.79,80735.9
02 Dec 2024,02 Dec 2024,414468,Raast IBFT to IQRA PARVEEN,13603.03,4933.74,271409.99
31 Jan 2025,31 Jan 2025,,Raast IBFT to IQRA PARVEEN,1113.93,13642.42,438527.51
08 Nov 2024,08 Nov 2024,,Mobile App MARYAM BEGUM,20693.69,22455.06,488332.23
10 Dec 2024,10 Dec 2024,,Raast IBFT to OMAR ZAMAN,9954.16,6139.08,210616.78
07 Nov 2024,07 Nov 2024,,Raast IBFT to IQRA PARVEEN,10219.61,7535.23,412138.51
27 Nov 2024,27 Nov 2024,,INET Inter Bank Fund Transfer Charges,22823.58,23816.13,387266.42
10 Dec 2024,10 Dec 2024,865568,Raast IBFT to IQRA PARVEEN,23520.53,21279.4,426176.79
04 Dec 2024,04 Dec 2024,918597,Raast IBFT to IQRA PARVEEN,10517.82,21506.33,361338.39
03 Feb 2025,03 Feb 2025,,Mobile App MARYAM BEGUM,3177.21,3315.18,468009.06
08 Nov 2024,08 Nov 2024,641174,Mobile App MARYAM BEGUM,10393.34,10840.93,148334.12
30 Nov 2024,30 Nov 2024,,Raast IBFT to OMAR ZAMAN,13710.37,9089.85,367550.43
30 Dec 2024,30 Dec 2024,856821,Raast IBFT to OMAR ZAMAN,15294.52,7786.25,192404.76
10 Nov 2024,10 Nov 2024,,Raast IBFT to OMAR ZAMAN,2473.77,21583.02,283025.01
25 Dec 2024,25 Dec 2024,890113,INET Inter Bank Fund Transfer Charges,13754.51,20468.25,397128.24
06 Feb 2025,06 Feb 2025,493710,Raast IBFT to IQRA PARVEEN,14840.95,3214.56,486281.92
04 Nov 2024,04 Nov 2024,,INET Inter Bank Fund Transfer Charges,22434.07,466.36,299793.89
25 Dec 2024,25 Dec 2024,,Raast IBFT to OMAR ZAMAN,6242.08,12098.67,186064.18
04 Dec 2024,04 Dec 2024,886991,Raast IBFT to IQRA PARVEEN,10728.27,4231.23,328519.94
23 Dec 2024,23 Dec 2024,381070,INET Inter Bank Fund Transfer Charges,6384.11,14268.05,481349.16
09 Jan 2025,09 Jan 2025,,Mobile App MARYAM BEGUM,6053.15,6059.81,484528.12
16 Dec 2024,16 Dec 2024,189000,Raast IBFT to IQRA PARVEEN,16807.66,14169.09,170866.0
02 Nov 2024,02 Nov 2024,,Mobile App MARYAM BEGUM,15556.62,11873.83,135321.01
30 Dec 2024,30 Dec 2024,438292,INET Inter Bank Fund Transfer Charges,15392.96,7545.61,499118.64
10 Nov 2024,10 Nov 2024,,INET Inter Bank Fund Transfer Charges,1345.64,16697.84,106149.01
07 Feb 2025,07 Feb 2025,182996,Raast IBFT to OMAR ZAMAN,9428.93,22476.53,482200.39
05 Jan 2025,05 Jan 2025,,Mobile App MARYAM BEGUM,8407.86,741.08,305265.77
14 Jan 2025,14 Jan 2025,949482,Raast IBFT to IQRA PARVEEN,24168.2,12639.25,414327.6
06 Dec 2024,06 Dec 2024,,Raast IBFT to OMAR ZAMAN,19847.41,6157.53,379675.25
30 Dec 2024,30 Dec 2024,,Raast IBFT to OMAR ZAMAN,16811.03,6547.0,115201.78
19 Dec 2024,19 Dec 2024,,Raast IBFT to OMAR ZAMAN,10039.76,9167.89,270039.91
06 Dec 2024,06 Dec 2024,037075,INET Inter Bank Fund Transfer Charges,3741.29,21061.62,493407.71
03 Feb 2025,03 Feb 2025,,Mobile App MARYAM BEGUM,13827.33,7530.09,195413.15
14 Jan 2025,14 Jan 2025,229685,Raast IBFT to OMAR ZAMAN,4682.07,11231.95,26628.66
29 Nov 2024,29 Nov 2024,,Mobile App MARYAM BEGUM,20771.4,4589.57,413830.79
21 Nov 2024,21 Nov 2024,070200,INET Inter Bank Fund Transfer Charges,15352.03,12577.55,107068.44
18 Nov 2024,18 Nov 2024,488427,INET Inter Bank Fund Transfer Charges,14718.09,14549.8,370464.4
11 Jan 2025,11 Jan 2025,,Raast IBFT to OMAR ZAMAN,15580.97,8820.82,335960.88
05 Dec 2024,05 Dec 2024,788843,Raast IBFT to IQRA PARVEEN,12887.63,4162.69,247165.92
19 Jan 2025,19 Jan 2025,,Raast IBFT to OMAR ZAMAN,4992.2,24950.23,31529.32
18 Jan 2025,18 Jan 2025,,Raast IBFT to IQRA PARVEEN,4953.92,1363.72,245700.92
28 Dec 2024,28 Dec 2024,917474,Raast IBFT to IQRA PARVEEN,20358.36,11135.58,207736.15
02 Jan 2025,02 Jan 2025,,INET Inter Bank Fund Transfer Charges,7339.32,9858.79,255882.79
25 Dec 2024,25 Dec 2024,,Raast IBFT to OMAR ZAMAN,8474.95,5062.28,465514.46
28 Jan 2025,28 Jan 2025,266589,Raast IBFT to IQRA PARVEEN,11039.67,13125.76,464170.16
04 Nov 2024,04 Nov 2024,532789,Raast IBFT to OMAR ZAMAN,12024.87,23789.66,304784.88
23 Jan 2025,23 Jan 2025,366360,INET Inter Bank Fund Transfer Charges,12688.35,2658.41,276162.85
22 Nov 2024,22 Nov 2024,435918,INET Inter Bank Fund Transfer Charges,3680.64,831.91,383414.22
28 Nov 2024,28 Nov 2024,,Mobile App MARYAM BEGUM,4369.56,9114.38,181112.38
23 Dec 2024,23 Dec 2024,254092,Raast IBFT to OMAR ZAMAN,3713.47,18057.6,267639.81
31 Jan 2025,31 Jan 2025,,INET Inter Bank Fund Transfer Charges,9317.96,6877.99,69473.22
05 Nov 2024,05 Nov 2024,,Mobile App MARYAM BEGUM,11158.87,17762.9,450861.03
18 Dec 2024,18 Dec 2024,,Mobile App MARYAM BEGUM,12121.33,16791.93,168762.97
23 Nov 2024,23 Nov 2024,353464,INET Inter Bank Fund Transfer Charges,22957.03,18756.76,259961.55
13 Dec 2024,13 Dec 2024,,Raast IBFT to IQRA PARVEEN,19004.99,5858.64,325622.76
01 Nov 2024,01 Nov 2024,172336,Raast IBFT to IQRA PARVEEN,14983.59,3155.88,354032.37
26 Nov 2024,26 Nov 2024,,Raast IBFT to IQRA PARVEEN,24167.52,9863.99,355882.76
29 Dec 2024,29 Dec 2024,,INET Inter Bank Fund Transfer Charges,16027.8,1818.53,371760.86
29 Nov 2024,29 Nov 2024,,Raast IBFT to OMAR ZAMAN,3236.68,18555.06,103463.87
06 Dec 2024,06 Dec 2024,711655,Raast IBFT to OMAR ZAMAN,19779.68,6027.91,351601.52
03 Dec 2024,03 Dec 2024,230754,Raast IBFT to OMAR ZAMAN,6478.97,247.71,276246.88
22 Jan 2025,22 Jan 2025,,Raast IBFT to IQRA PARVEEN,16496.63,9857.29,67536.0
06 Jan 2025,06 Jan 2025,142917,Raast IBFT to IQRA PARVEEN,2533.22,13373.91,423553.57
31 Dec 2024,31 Dec 2024,043088,Mobile App MARYAM BEGUM,14883.53,9676.35,141959.7
12 Nov 2024,12 Nov 2024,,Raast IBFT to OMAR ZAMAN,2420.3,13286.16,345155.27
16 Dec 2024,16 Dec 2024,946064,Raast IBFT to IQRA PARVEEN,19606.82,1845.47,347400.41
23 Dec 2024,23 Dec 2024,,Mobile App MARYAM BEGUM,13757.67,22947.73,211434.55
20 Nov 2024,20 Nov 2024,431461,Raast IBFT to OMAR ZAMAN,4171.34,23619.57,304030.87
26 Jan 2025,26 Jan 2025,,Raast IBFT to IQRA PARVEEN,20027.07,13754.79,323276.14
27 Jan 2025,27 Jan 2025,,Raast IBFT to IQRA PARVEEN,8145.78,225.28,241332.7
03 Feb 2025,03 Feb 2025,468293,Raast IBFT to IQRA PARVEEN,5798.43,20259.24,455155.5
19 Jan 2025,19 Jan 2025,775166,Raast IBFT to IQRA PARVEEN,12927.07,8014.09,459013.23
30 Nov 2024,30 Nov 2024,,INET Inter Bank Fund Transfer Charges,9907.54,16806.63,281113.09
07 Feb 2025,07 Feb 2025,,Mobile App MARYAM BEGUM,22537.44,1731.71,134266.79
08 Feb 2025,08 Feb 2025,,Mobile App MARYAM BEGUM,18236.85,5682.24,173747.37
03 Feb 2025,03 Feb 2025,103863,Raast IBFT to IQRA PARVEEN,10585.44,5499.63,140932.73
22 Jan 2025,22 Jan 2025,,INET Inter Bank Fund Transfer Charges,14576.52,21485.92,407250.37
07 Nov 2024,07 Nov 2024,208688,Raast IBFT to OMAR ZAMAN,3744.53,24371.4,331363.64
26 Jan 2025,26 Jan 2025,,Raast IBFT to OMAR ZAMAN,10220.92,7496.29,126974.36
31 Dec 2024,31 Dec 2024,,Raast IBFT to IQRA PARVEEN,10700.66,19687.39,226246.85
19 Dec 2024,19 Dec 2024,046978,INET Inter Bank Fund Transfer Charges,9763.97,9735.38,271108.59
15 Nov 2024,15 Nov 2024,,Mobile App MARYAM BEGUM,18232.2,23439.04,316274.82
03 Feb 2025,03 Feb 2025,299187,Raast IBFT to IQRA PARVEEN,2550.44,10966.68,313969.94
14 Jan 2025,14 Jan 2025,702354,Raast IBFT to OMAR ZAMAN,12791.38,2028.43,71659.36
18 Dec 2024,18 Dec 2024,256634,Raast IBFT to IQRA PARVEEN,10403.69,24457.65,86025.89
06 Feb 2025,06 Feb 2025,089690,Mobile App MARYAM BEGUM,14224.01,7580.81,287483.52
06 Feb 2025,06 Feb 2025,210550,Mobile App MARYAM BEGUM,4268.08,8627.01,251117.62
19 Nov 2024,19 Nov 2024,,Raast IBFT to OMAR ZAMAN,12538.03,12048.82,245294.38
09 Dec 2024,09 Dec 2024,969883,INET Inter Bank Fund Transfer Charges,15743.6,7257.92,319260.21
04 Jan 2025,04 Jan 2025,,Raast IBFT to OMAR ZAMAN,17278.99,14223.59,161925.96
28 Nov 2024,28 Nov 2024,,Raast IBFT to IQRA PARVEEN,12688.41,19953.86,100187.17
16 Dec 2024,16 Dec 2024,,Raast IBFT to IQRA PARVEEN,3481.71,21781.77,204764.9
19 Nov 2024,19 Nov 2024,,INET Inter Bank Fund Transfer Charges,4958.68,24847.2,81818.01
12 Jan 2025,12 Jan 2025,,INET Inter Bank Fund Transfer Charges,24258.33,1668.41,316724.01
26 Nov 2024,26 Nov 2024,980257,Raast IBFT to OMAR ZAMAN,23718.01,3608.49,335022.64
19 Dec 2024,19 Dec 2024,,Mobile App MARYAM BEGUM,4070.32,8440.26,449909.89
23 Nov 2024,23 Nov 2024,,Mobile App MARYAM BEGUM,20002.59,20454.2,462969.31
01 Nov 2024,01 Nov 2024,499967,Mobile App MARYAM BEGUM,16276.1,14592.97,112848.58
10 Dec 2024,10 Dec 2024,623027,Mobile App MARYAM BEGUM,7340.83,11769.5,376226.87
30 Dec 2024,30 Dec 2024,966858,INET Inter Bank Fund Transfer Charges,1536.46,8468.64,223343.04
06 Dec 2024,06 Dec 2024,,Raast IBFT to OMAR ZAMAN,7929.8,18493.32,41085.78
14 Dec 2024,14 Dec 2024,,Raast IBFT to OMAR ZAMAN,21379.85,23103.0,406701.96
20 Dec 2024,20 Dec 2024,609176,INET Inter Bank Fund Transfer Charges,20613.21,298.0,201644.69
25 Jan 2025,25 Jan 2025,,Mobile App MARYAM BEGUM,9147.4,10830.03,145027.56
04 Feb 2025,04 Feb 2025,,INET Inter Bank Fund Transfer Charges,7896.27,23612.93,400125.83
20 Jan 2025,20 Jan 2025,036984,Mobile App MARYAM BEGUM,22047.11,11633.59,223034.09
31 Dec 2024,31 Dec 2024,,INET Inter Bank Fund Transfer Charges,7122.34,24560.52,244899.92
19 Nov 2024,19 Nov 2024,,Raast IBFT to OMAR ZAMAN,15638.11,15543.36,241878.6
11 Nov 2024,11 Nov 2024,,Raast IBFT to OMAR ZAMAN,7616.34,1558.52,208949.76
08 Dec 2024,08 Dec 2024,081250,Raast IBFT to OMAR ZAMAN,6794.15,24392.65,353317.82
01 Dec 2024,01 Dec 2024,,Mobile App MARYAM BEGUM,20245.29,17770.42,215959.95
29 Nov 2024,29 Nov 2024,,Raast IBFT to OMAR ZAMAN,8249.16,18492.23,49750.12
21 Dec 2024,21 Dec 2024,,Raast IBFT to IQRA PARVEEN,19415.86,11424.54,247474.8
07 Nov 2024,07 Nov 2024,,Raast IBFT to IQRA PARVEEN,14230.39,20020.02,32076.84
24 Dec 2024,24 Dec 2024,,Raast IBFT to OMAR ZAMAN,4608.4,14471.33,425811.86
03 Feb 2025,03 Feb 2025,,Raast IBFT to IQRA PARVEEN,11715.89,15026.63,262972.17
26 Nov 2024,26 Nov 2024,,Raast IBFT to OMAR ZAMAN,3251.4,7084.96,399260.14
15 Jan 2025,15 Jan 2025,,Mobile App MARYAM BEGUM,17317.48,16801.47,81387.0
05 Nov 2024,05 Nov 2024,,Mobile App MARYAM BEGUM,12231.17,11048.06,312999.88
27 Nov 2024,27 Nov 2024,005566,Raast IBFT to IQRA PARVEEN,14815.21,3846.5,182370.04
29 Jan 2025,29 Jan 2025,,Raast IBFT to OMAR ZAMAN,4506.36,4495.19,394936.34
10 Dec 2024,10 Dec 2024,,Mobile App MARYAM BEGUM,19457.05,4917.32,73985.27
16 Dec 2024,16 Dec 2024,707288,Raast IBFT to IQRA PARVEEN,17598.49,19499.22,491832.07
11 Dec 2024,11 Dec 2024,,INET Inter Bank Fund Transfer Charges,16109.98,5914.84,226859.99
26 Jan 2025,26 Jan 2025,993460,INET Inter Bank Fund Transfer Charges,3968.23,16503.33,334738.81
11 Dec 2024,11 Dec 2024,,INET Inter Bank Fund Transfer Charges,20901.89,10872.22,440800.37
19 Dec 2024,19 Dec 2024,,Mobile App MARYAM BEGUM,19633.59,15975.94,262468.47
13 Jan 2025,13 Jan 2025,545810,Raast IBFT to OMAR ZAMAN,4095.65,18462.26,281070.62
16 Jan 2025,16 Jan 2025,,Raast IBFT to OMAR ZAMAN,10808.33,21880.41,348619.77
28 Jan 2025,28 Jan 2025,713939,Mobile App MARYAM BEGUM,13283.9,11920.37,239217.28
29 Nov 2024,29 Nov 2024,612675,Mobile App MARYAM BEGUM,15456.66,1194.05,154956.27
24 Nov 2024,24 Nov 2024,,INET Inter Bank Fund Transfer Charges,14369.17,23676.42,206126.93
23 Jan 2025,23 Jan 2025,557434,Mobile App MARYAM BEGUM,1531.37,4143.46,70425.59
09 Jan 2025,09 Jan 2025,712546,Raast IBFT to IQRA PARVEEN,23526.25,5399.91,343580.54
05 Feb 2025,05 Feb 2025,,Raast IBFT to OMAR ZAMAN,11548.19,3565.75,448425.35
02 Dec 2024,02 Dec 2024,,Raast IBFT to IQRA PARVEEN,23172.32,24371.64,120202.14
17 Nov 2024,17 Nov 2024,,Raast IBFT to OMAR ZAMAN,12311.8,22728.76,162450.96
23 Jan 2025,23 Jan 2025,214806,INET Inter Bank Fund Transfer Charges,5792.96,223.19,68767.41
30 Nov 2024,30 Nov 2024,,Mobile App MARYAM BEGUM,21132.26,6698.24,18975.12
17 Dec 2024,17 Dec 2024,754379,Raast IBFT to OMAR ZAMAN,1840.0,21029.77,476209.1
21 Nov 2024,21 Nov 2024,,Mobile App MARYAM BEGUM,23563.26,18081.19,175711.1
26 Jan 2025,26 Jan 2025,812975,Raast IBFT to IQRA PARVEEN,13644.44,23338.07,36321.19
01 Nov 2024,01 Nov 2024,,Raast IBFT to OMAR ZAMAN,18999.52,10341.1,105859.44
16 Nov 2024,16 Nov 2024,,INET Inter Bank Fund Transfer Charges,9133.41,7406.85,183144.21
17 Dec 2024,17 Dec 2024,071700,Mobile App MARYAM BEGUM,12580.79,22012.37,129215.24
30 Nov 2024,30 Nov 2024,529680,Raast IBFT to OMAR ZAMAN,15932.28,23138.56,61312.85
05 Feb 2025,05 Feb 2025,,Mobile App MARYAM BEGUM,14226.98,19809.76,330246.58
12 Jan 2025,12 Jan 2025,,Mobile App MARYAM BEGUM,6640.98,7194.52,175347.53
02 Jan 2025,02 Jan 2025,,Raast IBFT to OMAR ZAMAN,23180.89,19098.9,183860.82
14 Dec 2024,14 Dec 2024,599926,INET Inter Bank Fund Transfer Charges,5955.81,3871.96,118933.03
24 Jan 2025,24 Jan 2025,413991,Raast IBFT to IQRA PARVEEN,16092.57,4890.3,497979.13
21 Dec 2024,21 Dec 2024,,INET Inter Bank Fund Transfer Charges,15496.12,7494.3,225716.15
18 Dec 2024,18 Dec 2024,,INET Inter Bank Fund Transfer Charges,19052.96,18538.91,235776.6
01 Dec 2024,01 Dec 2024,900187,Raast IBFT to OMAR ZAMAN,13027.48,20442.18,160741.59
02 Jan 2025,02 Jan 2025,363414,Raast IBFT to IQRA PARVEEN,14926.32,3763.33,477021.62
03 Dec 2024,03 Dec 2024,,Mobile App MARYAM BEGUM,23942.36,24829.6,247696.33
31 Dec 2024,31 Dec 2024,346176,Raast IBFT to IQRA PARVEEN,7928.48,1898.05,311020.67
30 Dec 2024,30 Dec 2024,,Raast IBFT to IQRA PARVEEN,21021.76,5916.95,258310.89
07 Dec 2024,07 Dec 2024,326112,Raast IBFT to OMAR ZAMAN,21565.19,24286.74,209300.85
06 Nov 2024,06 Nov 2024,263364,INET Inter Bank Fund Transfer Charges,5380.3,16586.09,136261.77
03 Nov 2024,03 Nov 2024,,Raast IBFT to OMAR ZAMAN,1577.84,15375.36,417882.12
18 Nov 2024,18 Nov 2024,,Raast IBFT to OMAR ZAMAN,12592.29,24936.4,480039.02
11 Dec 2024,11 Dec 2024,449170,Mobile App MARYAM BEGUM,22694.05,20257.51,336866.64
26 Jan 2025,26 Jan 2025,,INET Inter Bank Fund Transfer Charges,5415.94,13245.86,497524.75
19 Dec 2024,19 Dec 2024,,Mobile App MARYAM BEGUM,5310.13,4499.49,182534.75
12 Nov 2024,12 Nov 2024,829554,Mobile App MARYAM BEGUM,14766.56,2675.18,470646.01
03 Feb 2025,03 Feb 2025,765354,INET Inter Bank Fund Transfer Charges,17223.65,21303.43,130352.58
19 Dec 2024,19 Dec 2024,,Raast IBFT to OMAR ZAMAN,1055.14,8771.42,16526.42
22 Dec 2024,22 Dec 2024,,INET Inter Bank Fund Transfer Charges,23017.85,16458.31,423827.24
21 Jan 2025,21 Jan 2025,,Mobile App MARYAM BEGUM,6096.16,24635.74,334813.57
10 Nov 2024,10 Nov 2024,,INET Inter Bank Fund Transfer Charges,4164.52,15154.36,424960.83
25 Jan 2025,25 Jan 2025,651275,Raast IBFT to OMAR ZAMAN,21853.82,2768.59,423701.05
05 Feb 2025,05 Feb 2025,,Mobile App MARYAM BEGUM,17101.4,2911.57,99233.45
10 Jan 2025,10 Jan 2025,974797,Mobile App MARYAM BEGUM,18354.75,3696.84,185850.78
20 Dec 2024,20 Dec 2024,392295,Raast IBFT to IQRA PARVEEN,11372.73,7685.03,33429.23
03 Nov 2024,03 Nov 2024,506975,INET Inter Bank Fund Transfer Charges,19562.49,10402.32,321157.91
19 Jan 2025,19 Jan 2025,,Mobile App MARYAM BEGUM,4351.28,20371.12,161147.32
01 Dec 2024,01 Dec 2024,,INET Inter Bank Fund Transfer Charges,5589.56,11818.63,456536.0
11 Jan 2025,11 Jan 2025,395106,Mobile App MARYAM BEGUM,6120.75,38.91,385506.89
12 Nov 2024,12 Nov 2024,519402,INET Inter Bank Fund Transfer Charges,21023.02,13262.2,232292.72
04 Feb 2025,04 Feb 2025,512383,Raast IBFT to OMAR ZAMAN,22984.61,7201.12,490284.4
02 Jan 2025,02 Jan 2025,276857,Mobile App MARYAM BEGUM,6095.58,24311.16,446092.67
07 Jan 2025,07 Jan 2025,859794,Raast IBFT to IQRA PARVEEN,6168.23,22189.71,30970.9
17 Nov 2024,17 Nov 2024,267262,Mobile App MARYAM BEGUM,8922.96,1358.7,167564.3
09 Jan 2025,09 Jan 2025,,Raast IBFT to IQRA PARVEEN,18819.15,8613.22,499403.75
05 Feb 2025,05 Feb 2025,226894,Raast IBFT to OMAR ZAMAN,16800.57,5960.37,28596.03
30 Nov 2024,30 Nov 2024,096022,Raast IBFT to OMAR ZAMAN,19877.17,16774.73,364556.2
13 Nov 2024,13 Nov 2024,347373,Mobile App MARYAM BEGUM,9235.98,559.84,307491.34
24 Nov 2024,24 Nov 2024,830552,Raast IBFT to OMAR ZAMAN,16348.99,13479.85,136574.87
25 Nov 2024,25 Nov 2024,187056,Raast IBFT to IQRA PARVEEN,18775.63,16351.03,226670.99
06 Dec 2024,06 Dec 2024,297063,Raast IBFT to IQRA PARVEEN,1441.76,1619.53,412605.22
23 Nov 2024,23 Nov 2024,589738,Mobile App MARYAM BEGUM,13432.87,6202.25,131806.27
09 Jan 2025,09 Jan 2025,702524,Raast IBFT to IQRA PARVEEN,4417.79,21114.66,39871.44
08 Dec 2024,08 Dec 2024,,INET Inter Bank Fund Transfer Charges,17592.19,22256.25,402623.38
06 Nov 2024,06 Nov 2024,503719,Mobile App MARYAM BEGUM,12951.09,11095.94,81707.96
06 Nov 2024,06 Nov 2024,959260,Raast IBFT to IQRA PARVEEN,2980.31,23555.7,143409.01
27 Nov 2024,27 Nov 2024,,INET Inter Bank Fund Transfer Charges,15314.33,265.94,21152.09
26 Dec 2024,26 Dec 2024,,Raast IBFT to OMAR ZAMAN,19686.38,14599.55,418974.64
11 Dec 2024,11 Dec 2024,825780,Mobile App MARYAM BEGUM,2547.18,24306.21,452689.15
21 Nov 2024,21 Nov 2024,732674,Raast IBFT to OMAR ZAMAN,12040.57,15819.3,222400.24
18 Jan 2025,18 Jan 2025,,Raast IBFT to OMAR ZAMAN,9187.75,1270.57,471786.15
02 Dec 2024,02 Dec 2024,,Mobile App MARYAM BEGUM,11233.01,6721.65,368187.09
22 Nov 2024,22 Nov 2024,487727,Raast IBFT to OMAR ZAMAN,24151.52,11038.1,70425.18
20 Dec 2024,20 Dec 2024,763268,Mobile App MARYAM BEGUM,23491.81,9072.51,126916.38
02 Feb 2025,02 Feb 2025,448955,Raast IBFT to IQRA PARVEEN,9225.1,14017.52,319613.24
11 Nov 2024,11 Nov 2024,,Raast IBFT to OMAR ZAMAN,21630.4,17020.6,441257.04
08 Dec 2024,08 Dec 2024,629351,Raast IBFT to IQRA PARVEEN,13633.77,24806.96,122860.85
12 Dec 2024,12 Dec 2024,133809,Raast IBFT to IQRA PARVEEN,11675.68,23586.4,367037.6
18 Nov 2024,18 Nov 2024,,INET Inter Bank Fund Transfer Charges,16160.88,8992.5,189682.59
18 Dec 2024,18 Dec 2024,,INET Inter Bank Fund Transfer Charges,22203.89,7780.22,306789.81
13 Jan 2025,13 Jan 2025,353500,Mobile App MARYAM BEGUM,16192.35,21901.37,443533.29
05 Dec 2024,05 Dec 2024,299311,INET Inter Bank Fund Transfer Charges,16736.49,548.49,407858.75
23 Dec 2024,23 Dec 2024,179531,Raast IBFT to IQRA PARVEEN,17320.73,2490.9,461085.45
25 Dec 2024,25 Dec 2024,,Mobile App MARYAM BEGUM,16984.08,7403.44,369128.85
23 Jan 2025,23 Jan 2025,099327,Raast IBFT to IQRA PARVEEN,18533.51,3883.94,252823.63
13 Dec 2024,13 Dec 2024,171280,INET Inter Bank Fund Transfer Charges,16321.06,24363.16,116467.62
14 Dec 2024,14 Dec 2024,070685,Raast IBFT to IQRA PARVEEN,7733.75,14565.16,399595.29
21 Dec 2024,21 Dec 2024,,Raast IBFT to OMAR ZAMAN,24142.47,7441.25,407612.13
24 Nov 2024,24 Nov 2024,,Raast IBFT to OMAR ZAMAN,7888.4,4097.84,320029.39
24 Jan 2025,24 Jan 2025,139813,INET Inter Bank Fund Transfer Charges,24738.94,17201.12,166433.75
12 Jan 2025,12 Jan 2025,930977,Mobile App MARYAM BEGUM,1905.05,11076.44,400074.79
27 Dec 2024,27 Dec 2024,,Mobile App MARYAM BEGUM,16480.21,14155.96,146884.82
12 Nov 2024,12 Nov 2024,959137,INET Inter Bank Fund Transfer Charges,18013.55,22214.68,316806.52
12 Nov 2024,12 Nov 2024,342748,INET Inter Bank Fund Transfer Charges,1174.25,15545.51,455344.21
16 Dec 2024,16 Dec 2024,973912,Mobile App MARYAM BEGUM,10162.69,14872.22,98639.46
31 Dec 2024,31 Dec 2024,,Raast IBFT to OMAR ZAMAN,22267.69,23785.87,203284.77
19 Dec 2024,19 Dec 2024,942583,INET Inter Bank Fund Transfer Charges,15401.88,16718.63,342260.9
22 Nov 2024,22 Nov 2024,785378,Raast IBFT to OMAR ZAMAN,3535.28,9007.81,331351.83
28 Nov 2024,28 Nov 2024,200572,Mobile App MARYAM BEGUM,9852.4,22504.59,280404.07
04 Nov 2024,04 Nov 2024,894708,Raast IBFT to OMAR ZAMAN,3841.74,2184.12,296758.94
06 Nov 2024,06 Nov 2024,364322,INET Inter Bank Fund Transfer Charges,23674.84,3360.53,228594.63
09 Nov 2024,09 Nov 2024,,Mobile App MARYAM BEGUM,18393.51,16822.59,135505.3
17 Jan 2025,17 Jan 2025,,INET Inter Bank Fund Transfer Charges,12141.45,9197.04,105063.34
09 Jan 2025,09 Jan 2025,,Mobile App MARYAM BEGUM,8798.13,2520.51,214249.01
16 Nov 2024,16 Nov 2024,,Raast IBFT to OMAR ZAMAN,3670.22,12248.69,489893.88
27 Jan 2025,27 Jan 2025,,Raast IBFT to OMAR ZAMAN,19560.66,21791.12,182286.54
25 Jan 2025,25 Jan 2025,578601,INET Inter Bank Fund Transfer Charges,6762.58,10676.36,45440.53
29 Jan 2025,29 Jan 2025,588549,INET Inter Bank Fund Transfer Charges,2712.71,15502.16,255615.2
10 Dec 2024,10 Dec 2024,948827,Mobile App MARYAM BEGUM,7757.43,9623.65,254379.95
05 Feb 2025,05 Feb 2025,,Mobile App MARYAM BEGUM,24080.46,18913.97,55187.71
11 Jan 2025,11 Jan 2025,,Mobile App MARYAM BEGUM,9775.97,21735.07,60674.2
30 Jan 2025,30 Jan 2025,342206,Mobile App MARYAM BEGUM,21249.22,12686.83,117677.09
04 Nov 2024,04 Nov 2024,913486,INET Inter Bank Fund Transfer Charges,21051.18,13812.98,413735.46
26 Dec 2024,26 Dec 2024,818065,INET Inter Bank Fund Transfer Charges,22622.38,6456.75,104724.23
08 Nov 2024,08 Nov 2024,,INET Inter Bank Fund Transfer Charges,7065.37,15197.58,220566.94
03 Nov 2024,03 Nov 2024,259859,INET Inter Bank Fund Transfer Charges,8127.99,6013.69,179345.47
10 Dec 2024,10 Dec 2024,156501,Mobile App MARYAM BEGUM,3450.59,19536.65,457004.98
12 Dec 2024,12 Dec 2024,578049,INET Inter Bank Fund Transfer Charges,18669.31,13073.87,270602.34
02 Nov 2024,02 Nov 2024,556981,INET Inter Bank Fund Transfer Charges,11705.68,10798.75,444829.0
17 Nov 2024,17 Nov 2024,,Raast IBFT to IQRA PARVEEN,12893.22,5905.06,179661.74
23 Nov 2024,23 Nov 2024,,Raast IBFT to IQRA PARVEEN,15280.41,15786.88,129197.17
30 Dec 2024,30 Dec 2024,822035,Raast IBFT to OMAR ZAMAN,3340.87,15913.35,220564.69
08 Nov 2024,08 Nov 2024,,Mobile App MARYAM BEGUM,8217.26,4032.64,52577.06
10 Nov 2024,10 Nov 2024,,Raast IBFT to OMAR ZAMAN,2428.71,8280.78,493544.45
13 Jan 2025,13 Jan 2025,367302,Mobile App MARYAM BEGUM,16449.29,8282.55,443111.49
18 Nov 2024,18 Nov 2024,,Raast IBFT to OMAR ZAMAN,19648.49,4478.55,476996.79
04 Feb 2025,04 Feb 2025,,Raast IBFT to OMAR ZAMAN,22423.97,10697.77,35700.94
10 Jan 2025,10 Jan 2025,657896,Raast IBFT to OMAR ZAMAN,10266.36,23442.59,338049.0
01 Jan 2025,01 Jan 2025,265731,Raast IBFT to IQRA PARVEEN,13709.89,3947.51,64399.25
08 Feb 2025,08 Feb 2025,841421,INET Inter Bank Fund Transfer Charges,22354.11,16654.06,38461.19
03 Feb 2025,03 Feb 2025,,Mobile App MARYAM BEGUM,14836.23,965.37,180603.6
02 Nov 2024,02 Nov 2024,358139,Raast IBFT to IQRA PARVEEN,8948.63,3542.81,362396.4
02 Jan 2025,02 Jan 2025,,Raast IBFT to IQRA PARVEEN,17635.95,13140.2,408261.36
11 Dec 2024,11 Dec 2024,,Raast IBFT to IQRA PARVEEN,20595.47,14435.43,307810.31
06 Nov 2024,06 Nov 2024,,Raast IBFT to OMAR ZAMAN,4926.97,1644.01,498172.46
19 Nov 2024,19 Nov 2024,258706,Raast IBFT to OMAR ZAMAN,10914.1,17939.66,153049.19
08 Nov 2024,08 Nov 2024,514000,Raast IBFT to OMAR ZAMAN,4509.64,15596.8,129599.13
11 Dec 2024,11 Dec 2024,,INET Inter Bank Fund Transfer Charges,8238.03,3225.3,140995.06
06 Jan 2025,06 Jan 2025,,Raast IBFT to OMAR ZAMAN,2685.34,546.7,328304.51
27 Nov 2024,27 Nov 2024,,INET Inter Bank Fund Transfer Charges,21850.51,9369.13,237196.29
12 Jan 2025,12 Jan 2025,,Mobile App MARYAM BEGUM,1107.45,1505.74,258054.07
20 Nov 2024,20 Nov 2024,922058,INET Inter Bank Fund Transfer Charges,6642.13,10799.64,400414.48
01 Nov 2024,01 Nov 2024,,INET Inter Bank Fund Transfer Charges,22486.52,12688.95,481923.55
16 Jan 2025,16 Jan 2025,,Raast IBFT to OMAR ZAMAN,24529.81,6899.87,326738.02
23 Jan 2025,23 Jan 2025,028070,Mobile App MARYAM BEGUM,3983.49,21866.95,133247.67
02 Nov 2024,02 Nov 2024,141818,INET Inter Bank Fund Transfer Charges,18093.68,24510.43,76584.74
24 Nov 2024,24 Nov 2024,053661,Mobile App MARYAM BEGUM,12279.06,23894.09,470756.09
02 Nov 2024,02 Nov 2024,,INET Inter Bank Fund Transfer Charges,5622.6,15006.84,458564.58
07 Nov 2024,07 Nov 2024,,INET Inter Bank Fund Transfer Charges,6049.1,12069.7,466905.36
14 Nov 2024,14 Nov 2024,,INET Inter Bank Fund Transfer Charges,11877.83,4480.79,228283.99
23 Jan 2025,23 Jan 2025,286435,INET Inter Bank Fund Transfer Charges,17000.63,4898.87,239942.57
11 Dec 2024,11 Dec 2024,680314,Raast IBFT to IQRA PARVEEN,7770.81,2193.77,201150.89
27 Jan 2025,27 Jan 2025,606118,Raast IBFT to OMAR ZAMAN,17126.83,16607.98,394939.04
15 Dec 2024,15 Dec 2024,,INET Inter Bank Fund Transfer Charges,5471.27,23156.35,34799.26
31 Dec 2024,31 Dec 2024,964511,Raast IBFT to IQRA PARVEEN,2206.25,19130.83,227944.08
20 Dec 2024,20 Dec 2024,309811,Raast IBFT to OMAR ZAMAN,11162.43,2664.38,109432.37
27 Dec 2024,27 Dec 2024,,Raast IBFT to OMAR ZAMAN,15919.55,20297.72,335538.15
31 Dec 2024,31 Dec 2024,829658,INET Inter Bank Fund Transfer Charges,20972.58,23110.68,252128.28
25 Nov 2024,25 Nov 2024,432376,Raast IBFT to IQRA PARVEEN,17871.55,6058.83,42443.58
28 Dec 2024,28 Dec 2024,,Raast IBFT to OMAR ZAMAN,9587.97,24372.13,96678.21
01 Jan 2025,01 Jan 2025,262870,INET Inter Bank Fund Transfer Charges,10343.26,21041.1,334537.86
26 Nov 2024,26 Nov 2024,,Raast IBFT to IQRA PARVEEN,11750.35,17439.26,394219.29
12 Jan 2025,12 Jan 2025,301631,Raast IBFT to OMAR ZAMAN,21312.6,1160.22,211910.56
24 Nov 2024,24 Nov 2024,641370,INET Inter Bank Fund Transfer Charges,17411.12,15067.52,134711.24
15 Jan 2025,15 Jan 2025,496090,Raast IBFT to OMAR ZAMAN,22503.25,22283.67,398995.46
26 Dec 2024,26 Dec 2024,,Raast IBFT to OMAR ZAMAN,22640.94,22240.12,430968.35
10 Dec 2024,10 Dec 2024,,Mobile App MARYAM BEGUM,12002.75,22973.6,16463.08
05 Jan 2025,05 Jan 2025,987602,Raast IBFT to IQRA PARVEEN,6037.45,6754.22,144341.64
24 Dec 2024,24 Dec 2024,280460,Mobile App MARYAM BEGUM,14002.04,17643.01,106407.97
11 Jan 2025,11 Jan 2025,958303,Raast IBFT to OMAR ZAMAN,3280.87,9302.67,392280.85
23 Nov 2024,23 Nov 2024,781941,INET Inter Bank Fund Transfer Charges,21958.9,14378.9,335646.16
05 Jan 2025,05 Jan 2025,,Raast IBFT to OMAR ZAMAN,20746.8,10409.2,140688.09
28 Jan 2025,28 Jan 2025,,INET Inter Bank Fund Transfer Charges,20443.09,15478.81,67977.88
05 Dec 2024,05 Dec 2024,,Raast IBFT to IQRA PARVEEN,13287.63,7460.9,428881.69
16 Dec 2024,16 Dec 2024,,INET Inter Bank Fund Transfer Charges,8621.06,20178.75,336309.71
30 Dec 2024,30 Dec 2024,,Mobile App MARYAM BEGUM,20130.9,13777.25,419401.31
30 Nov 2024,30 Nov 2024,,INET Inter Bank Fund Transfer Charges,22173.25,16811.93,486904.28
13 Dec 2024,13 Dec 2024,,INET Inter Bank Fund Transfer Charges,5783.11,12493.38,318958.26
31 Dec 2024,31 Dec 2024,,INET Inter Bank Fund Transfer Charges,9513.2,4873.34,56652.25
02 Nov 2024,02 Nov 2024,,Raast IBFT to OMAR ZAMAN,5222.41,24529.68,227191.18
30 Dec 2024,30 Dec 2024,088203,Raast IBFT to OMAR ZAMAN,15412.4,5353.01,102754.55
06 Nov 2024,06 Nov 2024,,Raast IBFT to IQRA PARVEEN,14746.33,5108.85,424353.4
12 Dec 2024,12 Dec 2024,342083,Raast IBFT to IQRA PARVEEN,14522.65,6677.73,208076.12
26 Jan 2025,26 Jan 2025,,INET Inter Bank Fund Transfer Charges,22502.47,3435.22,236611.51
26 Nov 2024,26 Nov 2024,,Raast IBFT to OMAR ZAMAN,23081.55,5777.17,373082.22
19 Nov 2024,19 Nov 2024,370301,Raast IBFT to IQRA PARVEEN,10956.1,23359.96,107001.82
13 Jan 2025,13 Jan 2025,598146,Raast IBFT to OMAR ZAMAN,4612.09,8224.91,120940.78
27 Nov 2024,27 Nov 2024,,Mobile App MARYAM BEGUM,18846.08,8580.72,117322.12
12 Nov 2024,12 Nov 2024,969613,INET Inter Bank Fund Transfer Charges,16926.32,8436.77,367306.68
31 Dec 2024,31 Dec 2024,551726,Raast IBFT to IQRA PARVEEN,23488.97,3022.09,82906.19
02 Nov 2024,02 Nov 2024,517414,Raast IBFT to IQRA PARVEEN,5829.85,8386.81,246140.49
20 Nov 2024,20 Nov 2024,,Mobile App MARYAM BEGUM,22488.9,8352.56,383342.48
28 Dec 2024,28 Dec 2024,,Raast IBFT to OMAR ZAMAN,19551.9,18894.17,452474.78
17 Jan 2025,17 Jan 2025,264037,Mobile App MARYAM BEGUM,22136.67,13365.81,118929.56
10 Jan 2025,10 Jan 2025,922160,Mobile App MARYAM BEGUM,9718.12,2439.97,72401.05
01 Dec 2024,01 Dec 2024,,Mobile App MARYAM BEGUM,7295.22,1774.92,305295.97
21 Dec 2024,21 Dec 2024,937250,Raast IBFT to OMAR ZAMAN,24448.55,9086.48,210158.33
13 Dec 2024,13 Dec 2024,530222,Raast IBFT to OMAR ZAMAN,24289.18,2677.65,407261.29
05 Feb 2025,05 Feb 2025,,Mobile App MARYAM BEGUM,16100.55,21935.81,83627.64
05 Feb 2025,05 Feb 2025,525742,Mobile App MARYAM BEGUM,22685.76,14732.81,239251.53
27 Dec 2024,27 Dec 2024,,Raast IBFT to OMAR ZAMAN,1399.47,17176.49,119848.62
21 Jan 2025,21 Jan 2025,065051,INET Inter Bank Fund Transfer Charges,5174.55,9315.66,467586.07
21 Nov 2024,21 Nov 2024,325215,INET Inter Bank Fund Transfer Charges,22207.35,20578.08,50284.12
05 Dec 2024,05 Dec 2024,962143,Raast IBFT to OMAR ZAMAN,8336.77,21042.46,349893.63
09 Nov 2024,09 Nov 2024,,Mobile App MARYAM BEGUM,8026.08,4804.71,245421.68
24 Nov 2024,24 Nov 2024,897283,INET Inter Bank Fund Transfer Charges,11024.87,11041.76,67553.71
26 Jan 2025,26 Jan 2025,437832,Raast IBFT to IQRA PARVEEN,12509.78,9862.41,358776.42
05 Dec 2024,05 Dec 2024,361552,INET Inter Bank Fund Transfer Charges,22316.97,17749.67,185821.93
29 Jan 2025,29 Jan 2025,854194,Mobile App MARYAM BEGUM,22824.1,8058.9,308491.16
28 Nov 2024,28 Nov 2024,,Raast IBFT to IQRA PARVEEN,14964.17,7800.06,25544.0
06 Feb 2025,06 Feb 2025,,Raast IBFT to IQRA PARVEEN,3298.75,8152.17,118492.38
26 Nov 2024,26 Nov 2024,627878,Raast IBFT to OMAR ZAMAN,7183.03,15412.71,61551.48
09 Dec 2024,09 Dec 2024,943802,Raast IBFT to OMAR ZAMAN,23471.45,6578.83,447145.8
23 Jan 2025,23 Jan 2025,,INET Inter Bank Fund Transfer Charges,24459.18,2393.23,52821.38
08 Jan 2025,08 Jan 2025,740611,INET Inter Bank Fund Transfer Charges,22648.34,2476.66,383419.97
05 Nov 2024,05 Nov 2024,203033,Mobile App MARYAM BEGUM,22414.77,12315.09,275834.23
12 Nov 2024,12 Nov 2024,,INET Inter Bank Fund Transfer Charges,17791.78,19525.55,184770.36
01 Dec 2024,01 Dec 2024,,Mobile App MARYAM BEGUM,19863.23,10431.33,332450.68
27 Dec 2024,27 Dec 2024,797198,INET Inter Bank Fund Transfer Charges,10180.53,22368.39,480439.64
09 Nov 2024,09 Nov 2024,,Raast IBFT to OMAR ZAMAN,11856.66,920.4,370905.93
24 Dec 2024,24 Dec 2024,,Raast IBFT to OMAR ZAMAN,23419.11,15812.2,417019.32
02 Jan 2025,02 Jan 2025,,Mobile App MARYAM BEGUM,6863.74,13423.33,227882.86
26 Nov 2024,26 Nov 2024,472313,Raast IBFT to OMAR ZAMAN,22392.35,14102.79,388350.27
21 Dec 2024,21 Dec 2024,629212,Raast IBFT to IQRA PARVEEN,2724.42,23223.03,491794.07
13 Dec 2024,13 Dec 2024,,Raast IBFT to OMAR ZAMAN,16124.11,1016.91,396695.11
19 Jan 2025,19 Jan 2025,,INET Inter Bank Fund Transfer Charges,20701.06,16835.74,187082.94
19 Nov 2024,19 Nov 2024,563192,Raast IBFT to IQRA PARVEEN,10735.17,15723.94,71961.7
31 Jan 2025,31 Jan 2025,,Raast IBFT to OMAR ZAMAN,21935.23,2572.95,238341.65
26 Jan 2025,26 Jan 2025,510067,Raast IBFT to IQRA PARVEEN,2603.5,24786.77,163117.27
01 Nov 2024,01 Nov 2024,,Raast IBFT to IQRA PARVEEN,6183.14,14099.55,421698.17
22 Jan 2025,22 Jan 2025,819836,INET Inter Bank Fund Transfer Charges,17779.33,19540.81,82627.89
27 Jan 2025,27 Jan 2025,,Raast IBFT to OMAR ZAMAN,3686.89,15805.0,377067.3
01 Dec 2024,01 Dec 2024,,INET Inter Bank Fund Transfer Charges,8605.24,3323.1,270440.3
16 Dec 2024,16 Dec 2024,152098,INET Inter Bank Fund Transfer Charges,4837.38,22175.56,487720.36
05 Feb 2025,05 Feb 2025,580385,INET Inter Bank Fund Transfer Charges,1703.4,14802.8,106202.03
14 Jan 2025,14 Jan 2025,,Raast IBFT to OMAR ZAMAN,21931.71,12155.61,434418.33
28 Jan 2025,28 Jan 2025,720336,Mobile App MARYAM BEGUM,13864.65,17920.13,263300.18
01 Jan 2025,01 Jan 2025,303428,Mobile App MARYAM BEGUM,8519.11,6258.02,325665.73
16 Jan 2025,16 Jan 2025,128237,Raast IBFT to OMAR ZAMAN,20751.86,1740.82,239945.66
15 Dec 2024,15 Dec 2024,824431,Mobile App MARYAM BEGUM,6907.32,981.61,266676.54
05 Nov 2024,05 Nov 2024,,INET Inter Bank Fund Transfer Charges,5225.53,5809.55,426914.87
29 Dec 2024,29 Dec 2024,,Raast IBFT to IQRA PARVEEN,12866.37,22830.24,469793.17
07 Jan 2025,07 Jan 2025,667545,INET Inter Bank Fund Transfer Charges,23039.35,6415.89,406537.76
22 Nov 2024,22 Nov 2024,,Raast IBFT to OMAR ZAMAN,22741.17,13846.62,265312.43
09 Jan 2025,09 Jan 2025,683645,Mobile App MARYAM BEGUM,16049.13,2556.38,399953.72
23 Jan 2025,23 Jan 2025,,INET Inter Bank Fund Transfer Charges,12656.27,17919.14,189497.84
15 Nov 2024,15 Nov 2024,,Raast IBFT to IQRA PARVEEN,3725.31,2727.89,56564.37
29 Dec 2024,29 Dec 2024,569265,Mobile App MARYAM BEGUM,20997.41,15123.77,251203.31
23 Jan 2025,23 Jan 2025,869926,Mobile App MARYAM BEGUM,20779.93,598.28,127356.76
13 Dec 2024,13 Dec 2024,592523,Mobile App MARYAM BEGUM,18388.24,3382.66,289286.37
27 Dec 2024,27 Dec 2024,391319,INET Inter Bank Fund Transfer Charges,1613.72,11236.95,34757.08
05 Nov 2024,05 Nov 2024,,Raast IBFT to OMAR ZAMAN,21113.38,12062.15,376961.61
14 Nov 2024,14 Nov 2024,165705,INET Inter Bank Fund Transfer Charges,18078.41,4202.78,19274.04
27 Nov 2024,27 Nov 2024,,Mobile App MARYAM BEGUM,15931.0,14152.66,113444.08
22 Jan 2025,22 Jan 2025,,Mobile App MARYAM BEGUM,21056.72,1804.08,257285.65
18 Jan 2025,18 Jan 2025,108344,INET Inter Bank Fund Transfer Charges,19245.8,20894.72,127260.81
22 Nov 2024,22 Nov 2024,,Raast IBFT to IQRA PARVEEN,23119.91,6139.59,39927.93
05 Nov 2024,05 Nov 2024,681994,Raast IBFT to IQRA PARVEEN,19282.73,6380.79,490607.11
27 Nov 2024,27 Nov 2024,990282,Raast IBFT to IQRA PARVEEN,22175.59,5591.45,451344.31
14 Nov 2024,14 Nov 2024,,Raast IBFT to OMAR ZAMAN,7498.52,5223.38,197109.54
09 Dec 2024,09 Dec 2024,639478,Raast IBFT to IQRA PARVEEN,11903.28,5867.24,484776.69
13 Jan 2025,13 Jan 2025,066740,Raast IBFT to OMAR ZAMAN,21244.48,10451.38,335233.34
21 Nov 2024,21 Nov 2024,,Raast IBFT to IQRA PARVEEN,13741.25,14713.61,432007.31
16 Nov 2024,16 Nov 2024,637212,Raast IBFT to IQRA PARVEEN,19109.4,5077.21,322787.26
14 Nov 2024,14 Nov 2024,307872,Raast IBFT to IQRA PARVEEN,11657.85,15736.7,402103.38
30 Dec 2024,30 Dec 2024,535605,INET Inter Bank Fund Transfer Charges,13386.02,2435.91,453173.2
25 Dec 2024,25 Dec 2024,,INET Inter Bank Fund Transfer Charges,23295.47,17294.39,236407.81
06 Feb 2025,06 Feb 2025,,INET Inter Bank Fund Transfer Charges,4648.64,2976.96,313664.36
10 Nov 2024,10 Nov 2024,927546,INET Inter Bank Fund Transfer Charges,8316.69,3323.54,130630.02
11 Dec 2024,11 Dec 2024,,Raast IBFT to OMAR ZAMAN,4622.67,25.49,358271.97
04 Feb 2025,04 Feb 2025,,INET Inter Bank Fund Transfer Charges,11881.64,1586.16,133127.41
10 Dec 2024,10 Dec 2024,671216,Raast IBFT to OMAR ZAMAN,3182.16,7871.13,184665.35
09 Nov 2024,09 Nov 2024,,Raast IBFT to OMAR ZAMAN,23318.67,8958.43,313559.03
04 Dec 2024,04 Dec 2024,,Raast IBFT to OMAR ZAMAN,23391.33,19040.57,387470.13
18 Nov 2024,18 Nov 2024,,INET Inter Bank Fund Transfer Charges,19070.19,18151.25,345534.65
24 Dec 2024,24 Dec 2024,,Raast IBFT to OMAR ZAMAN,21033.65,14522.83,141288.87
12 Nov 2024,12 Nov 2024,,Raast IBFT to IQRA PARVEEN,21005.05,4273.9,183970.33
02 Feb 2025,02 Feb 2025,989469,Raast IBFT to IQRA PARVEEN,21880.91,19447.49,320019.28
12 Dec 2024,12 Dec 2024,513509,Raast IBFT to OMAR ZAMAN,8703.56,8696.02,428829.01
19 Nov 2024,19 Nov 2024,903711,Raast IBFT to IQRA PARVEEN,5423.37,19981.76,271251.19
09 Dec 2024,09 Dec 2024,503593,Raast IBFT to OMAR ZAMAN,10244.39,13345.79,295618.85
20 Nov 2024,20 Nov 2024,,Mobile App MARYAM BEGUM,20020.17,16761.82,349354.13
04 Jan 2025,04 Jan 2025,821733,Mobile App MARYAM BEGUM,24450.92,50.7,120357.47
09 Dec 2024,09 Dec 2024,829005,Raast IBFT to OMAR ZAMAN,20910.27,23165.85,80160.26
23 Dec 2024,23 Dec 2024,695009,Raast IBFT to IQRA PARVEEN,3647.34,7631.59,43349.92
24 Dec 2024,24 Dec 2024,,Raast IBFT to IQRA PARVEEN,6857.47,3129.99,115598.73
03 Jan 2025,03 Jan 2025,422973,Raast IBFT to OMAR ZAMAN,4205.82,5007.75,239817.55
27 Jan 2025,27 Jan 2025,627965,Raast IBFT to IQRA PARVEEN,1756.13,16528.41,155910.24
25 Dec 2024,25 Dec 2024,493610,INET Inter Bank Fund Transfer Charges,15668.48,17829.4,218967.05
12 Dec 2024,12 Dec 2024,656438,Raast IBFT to IQRA PARVEEN,9077.89,2460.84,134522.26
31 Jan 2025,31 Jan 2025,824093,INET Inter Bank Fund Transfer Charges,5561.35,9675.69,118712.04
30 Nov 2024,30 Nov 2024,124205,Raast IBFT to IQRA PARVEEN,24806.77,3960.1,25404.3
06 Feb 2025,06 Feb 2025,,Raast IBFT to OMAR ZAMAN,24483.54,198.12,439446.63
18 Jan 2025,18 Jan 2025,291521,Mobile App MARYAM BEGUM,22001.28,15875.29,278346.02
14 Nov 2024,14 Nov 2024,,INET Inter Bank Fund Transfer Charges,10928.82,24169.21,142653.84
06 Nov 2024,06 Nov 2024,,Raast IBFT to OMAR ZAMAN,20467.48,24010.96,16425.41
23 Nov 2024,23 Nov 2024,775080,INET Inter Bank Fund Transfer Charges,14146.69,3913.37,363438.45
10 Nov 2024,10 Nov 2024,,Raast IBFT to OMAR ZAMAN,7417.27,22045.51,44125.07
04 Nov 2024,04 Nov 2024,926789,Raast IBFT to IQRA PARVEEN,20253.43,19571.03,38159.82
14 Dec 2024,14 Dec 2024,140703,Raast IBFT to OMAR ZAMAN,17973.76,12788.09,103350.23
13 Dec 2024,13 Dec 2024,,Raast IBFT to IQRA PARVEEN,2026.08,19246.3,218935.49
18 Jan 2025,18 Jan 2025,,Raast IBFT to IQRA PARVEEN,23656.1,5658.41,466854.25
05 Jan 2025,05 Jan 2025,,Mobile App MARYAM BEGUM,12639.57,22201.83,296187.13
03 Jan 2025,03 Jan 2025,,INET Inter Bank Fund Transfer Charges,10422.81,13108.93,112798.15
14 Nov 2024,14 Nov 2024,391064,Raast IBFT to IQRA PARVEEN,19659.84,7973.37,457368.94
21 Dec 2024,21 Dec 2024,,INET Inter Bank Fund Transfer Charges,21331.58,22715.93,183348.64
16 Dec 2024,16 Dec 2024,,Raast IBFT to OMAR ZAMAN,3463.63,8635.12,276211.67
08 Feb 2025,08 Feb 2025,,Mobile App MARYAM BEGUM,9837.8,10635.68,206578.57
20 Nov 2024,20 Nov 2024,,INET Inter Bank Fund Transfer Charges,8464.91,2244.66,405349.6
06 Dec 2024,06 Dec 2024,211592,Raast IBFT to OMAR ZAMAN,6585.88,12545.72,50124.79
13 Dec 2024,13 Dec 2024,,Raast IBFT to OMAR ZAMAN,16781.12,4253.05,434056.25
05 Jan 2025,05 Jan 2025,508441,Mobile App MARYAM BEGUM,24241.22,3275.33,444830.36
21 Jan 2025,21 Jan 2025,112418,Mobile App MARYAM BEGUM,18515.74,14758.89,327635.79
27 Dec 2024,27 Dec 2024,358490,Mobile App MARYAM BEGUM,22144.93,7521.73,401685.6
03 Dec 2024,03 Dec 2024,,INET Inter Bank Fund Transfer Charges,3332.23,1693.34,178749.24
20 Dec 2024,20 Dec 2024,,Raast IBFT to IQRA PARVEEN,12792.53,5163.4,297709.66
15 Nov 2024,15 Nov 2024,,Mobile App MARYAM BEGUM,18087.7,21745.25,393704.48
13 Nov 2024,13 Nov 2024,756298,Raast IBFT to IQRA PARVEEN,6933.76,11972.32,327434.41
11 Nov 2024,11 Nov 2024,314357,Raast IBFT to IQRA PARVEEN,18787.03,2167.73,76061.18
21 Jan 2025,21 Jan 2025,422533,Raast IBFT to OMAR ZAMAN,24401.3,7549.19,364181.61
19 Nov 2024,19 Nov 2024,623879,Raast IBFT to IQRA PARVEEN,22849.04,14539.08,499118.75
08 Feb 2025,08 Feb 2025,154026,Raast IBFT to OMAR ZAMAN,23405.11,9557.0,482661.39
26 Nov 2024,26 Nov 2024,305203,Mobile App MARYAM BEGUM,17307.26,17441.98,62029.23
27 Dec 2024,27 Dec 2024,,INET Inter Bank Fund Transfer Charges,1736.15,5222.14,473842.11
27 Dec 2024,27 Dec 2024,,Raast IBFT to OMAR ZAMAN,11021.2,10458.84,236242.64
10 Dec 2024,10 Dec 2024,,Raast IBFT to OMAR ZAMAN,11192.69,23114.79,434568.98
22 Dec 2024,22 Dec 2024,,Raast IBFT to OMAR ZAMAN,23474.28,16372.14,241455.85
11 Dec 2024,11 Dec 2024,510170,Raast IBFT to OMAR ZAMAN,17381.76,7996.51,231189.37
31 Jan 2025,31 Jan 2025,519803,Raast IBFT to IQRA PARVEEN,14488.96,9290.04,430138.36
07 Feb 2025,07 Feb 2025,,INET Inter Bank Fund Transfer Charges,14317.75,8683.96,201649.15
10 Jan 2025,10 Jan 2025,,Raast IBFT to OMAR ZAMAN,6187.65,7758.56,417313.23
11 Jan 2025,11 Jan 2025,,Mobile App MARYAM BEGUM,5684.01,3295.36,218694.05
11 Jan 2025,11 Jan 2025,,Mobile App MARYAM BEGUM,23313.45,19703.27,398431.04
25 Nov 2024,25 Nov 2024,,Raast IBFT to OMAR ZAMAN,18875.49,10162.54,42867.63
05 Jan 2025,05 Jan 2025,845672,Mobile App MARYAM BEGUM,23682.43,21251.9,427662.72
07 Feb 2025,07 Feb 2025,349614,INET Inter Bank Fund Transfer Charges,18083.48,10559.62,395667.79
09 Dec 2024,09 Dec 2024,,Raast IBFT to IQRA PARVEEN,13038.94,11838.62,226914.51
08 Jan 2025,08 Jan 2025,896522,INET Inter Bank Fund Transfer Charges,7978.07,4671.62,198579.3
28 Nov 2024,28 Nov 2024,320331,Raast IBFT to IQRA PARVEEN,22260.46,11415.61,197708.26
01 Dec 2024,01 Dec 2024,720711,Mobile App MARYAM BEGUM,17467.43,19400.89,257901.5
15 Nov 2024,15 Nov 2024,761567,Raast IBFT to IQRA PARVEEN,3433.02,12799.41,432995.9
02 Dec 2024,02 Dec 2024,358657,INET Inter Bank Fund Transfer Charges,18792.85,3623.62,462986.2
16 Nov 2024,16 Nov 2024,047080,Raast IBFT to OMAR ZAMAN,6312.34,1460.39,460903.03
01 Dec 2024,01 Dec 2024,290905,Raast IBFT to OMAR ZAMAN,20101.27,8958.05,449609.27
29 Dec 2024,29 Dec 2024,387759,INET Inter Bank Fund Transfer Charges,10560.5,24605.45,384545.56
24 Nov 2024,24 Nov 2024,020669,Raast IBFT to IQRA PARVEEN,9427.6,20482.67,255585.02
14 Nov 2024,14 Nov 2024,,Mobile App MARYAM BEGUM,17809.33,11789.54,217091.95
30 Dec 2024,30 Dec 2024,,Mobile App MARYAM BEGUM,11043.67,19815.45,93773.7
08 Jan 2025,08 Jan 2025,040703,INET Inter Bank Fund Transfer Charges,8207.26,20699.54,300994.53
09 Nov 2024,09 Nov 2024,753366,Raast IBFT to IQRA PARVEEN,8785.21,3740.74,122639.69
10 Nov 2024,10 Nov 2024,,Mobile App MARYAM BEGUM,17160.38,20876.21,171796.7
06 Nov 2024,06 Nov 2024,478092,Mobile App MARYAM BEGUM,17134.76,3336.02,88430.39
16 Dec 2024,16 Dec 2024,808630,Mobile App MARYAM BEGUM,16258.71,13997.53,190933.48
23 Nov 2024,23 Nov 2024,,Raast IBFT to IQRA PARVEEN,13578.4,23742.15,179640.69
09 Nov 2024,09 Nov 2024,383094,INET Inter Bank Fund Transfer Charges,3028.43,1617.29,479339.91
26 Jan 2025,26 Jan 2025,,Raast IBFT to OMAR ZAMAN,13065.21,10806.22,137441.05
21 Dec 2024,21 Dec 2024,717274,Raast IBFT to OMAR ZAMAN,1846.04,24924.33,33720.0
05 Jan 2025,05 Jan 2025,514573,Mobile App MARYAM BEGUM,24332.38,21324.41,352167.8
27 Jan 2025,27 Jan 2025,,INET Inter Bank Fund Transfer Charges,19882.8,7677.87,245429.18
07 Feb 2025,07 Feb 2025,,INET Inter Bank Fund Transfer Charges,12132.14,13256.24,68661.11
05 Dec 2024,05 Dec 2024,366501,Mobile App MARYAM BEGUM,6880.97,12401.78,64071.65
17 Nov 2024,17 Nov 2024,559232,INET Inter Bank Fund Transfer Charges,17515.98,5177.59,399175.92
08 Nov 2024,08 Nov 2024,,Mobile App MARYAM BEGUM,18046.56,19990.87,285226.39
06 Nov 2024,06 Nov 2024,019947,Mobile App MARYAM BEGUM,16507.16,8091.01,171201.91
09 Feb 2025,09 Feb 2025,,Mobile App MARYAM BEGUM,3207.69,17534.2,385127.63
19 Dec 2024,19 Dec 2024,256090,Raast IBFT to OMAR ZAMAN,21172.52,1600.34,143779.61
13 Dec 2024,13 Dec 2024,,Mobile App MARYAM BEGUM,19442.44,16851.81,136451.06
17 Dec 2024,17 Dec 2024,181135,Raast IBFT to IQRA PARVEEN,3039.12,13210.96,249581.09
23 Jan 2025,23 Jan 2025,,Raast IBFT to IQRA PARVEEN,9925.26,22529.56,286590.69
06 Jan 2025,06 Jan 2025,,Raast IBFT to IQRA PARVEEN,15200.83,7930.54,396727.9
09 Jan 2025,09 Jan 2025,,Raast IBFT to OMAR ZAMAN,21444.44,21368.12,246474.76
08 Nov 2024,08 Nov 2024,,Mobile App MARYAM BEGUM,17320.84,22090.19,287892.39
13 Jan 2025,13 Jan 2025,,Raast IBFT to OMAR ZAMAN,16570.58,11129.55,285562.95
03 Dec 2024,03 Dec 2024,314830,Raast IBFT to IQRA PARVEEN,22263.8,3895.07,436902.96
01 Dec 2024,01 Dec 2024,,INET Inter Bank Fund Transfer Charges,6201.63,6401.57,339805.48
06 Feb 2025,06 Feb 2025,616220,INET Inter Bank Fund Transfer Charges,6550.14,19508.03,362667.18
23 Nov 2024,23 Nov 2024,671323,Raast IBFT to OMAR ZAMAN,8245.73,13438.1,447088.98
01 Feb 2025,01 Feb 2025,,Raast IBFT to OMAR ZAMAN,12791.41,9256.53,318016.97
21 Dec 2024,21 Dec 2024,,Mobile App MARYAM BEGUM,7112.02,3780.81,204917.51
17 Dec 2024,17 Dec 2024,,Mobile App MARYAM BEGUM,6091.93,4110.13,252661.49
26 Nov 2024,26 Nov 2024,078467,Raast IBFT to IQRA PARVEEN,22365.87,2352.32,270698.18
13 Jan 2025,13 Jan 2025,023894,INET Inter Bank Fund Transfer Charges,18567.03,2318.04,199430.31
02 Jan 2025,02 Jan 2025,,Raast IBFT to IQRA PARVEEN,17822.15,19730.39,315426.14
14 Jan 2025,14 Jan 2025,603386,Raast IBFT to IQRA PARVEEN,7531.26,8809.43,380353.92
12 Dec 2024,12 Dec 2024,095148,Raast IBFT to OMAR ZAMAN,20873.6,24941.72,329044.74
11 Nov 2024,11 Nov 2024,808840,Raast IBFT to OMAR ZAMAN,12008.5,18055.84,193682.0
24 Dec 2024,24 Dec 2024,,Raast IBFT to OMAR ZAMAN,19712.48,762.76,450257.49
20 Dec 2024,20 Dec 2024,828179,Mobile App MARYAM BEGUM,1069.82,12496.65,394937.67
23 Jan 2025,23 Jan 2025,266698,INET Inter Bank Fund Transfer Charges,2793.04,22498.3,120723.04
05 Feb 2025,05 Feb 2025,,Raast IBFT to IQRA PARVEEN,12965.73,24912.71,315650.84
13 Nov 2024,13 Nov 2024,108502,Mobile App MARYAM BEGUM,6855.52,15032.44,150982.75
30 Dec 2024,30 Dec 2024,179512,INET Inter Bank Fund Transfer Charges,22973.82,18112.88,193925.54
01 Nov 2024,01 Nov 2024,,Raast IBFT to OMAR ZAMAN,10452.34,20119.57,361007.84
17 Jan 2025,17 Jan 2025,,Mobile App MARYAM BEGUM,8724.58,863.45,325770.92
11 Nov 2024,11 Nov 2024,,INET Inter Bank Fund Transfer Charges,2531.7,20399.45,287562.12
10 Jan 2025,10 Jan 2025,,Raast IBFT to IQRA PARVEEN,14743.49,22588.15,302537.04
18 Jan 2025,18 Jan 2025,565818,INET Inter Bank Fund Transfer Charges,8399.23,9449.65,54989.43
24 Dec 2024,24 Dec 2024,553351,INET Inter Bank Fund Transfer Charges,21687.33,15588.8,329646.37
22 Jan 2025,22 Jan 2025,089064,Raast IBFT to IQRA PARVEEN,2117.95,4821.24,336104.87
31 Jan 2025,31 Jan 2025,320402,Mobile App MARYAM BEGUM,6618.89,3129.39,271992.96
27 Dec 2024,27 Dec 2024,,Mobile App MARYAM BEGUM,22943.16,11009.87,451057.43
13 Jan 2025,13 Jan 2025,,INET Inter Bank Fund Transfer Charges,9937.12,17283.72,279990.25
05 Jan 2025,05 Jan 2025,434080,Mobile App MARYAM BEGUM,2674.23,5950.74,218975.09
02 Feb 2025,02 Feb 2025,,Mobile App MARYAM BEGUM,12420.11,4748.81,286589.82
19 Dec 2024,19 Dec 2024,813270,Raast IBFT to IQRA PARVEEN,17689.42,9786.89,255913.58
14 Jan 2025,14 Jan 2025,,INET Inter Bank Fund Transfer Charges,11660.75,18338.87,223946.84
27 Jan 2025,27 Jan 2025,,Raast IBFT to IQRA PARVEEN,4811.08,4568.59,205758.11
11 Dec 2024,11 Dec 2024,850177,Raast IBFT to OMAR ZAMAN,17738.62,8640.16,262211.46
28 Nov 2024,28 Nov 2024,515651,Raast IBFT to OMAR ZAMAN,1940.89,3801.05,63188.2
11 Nov 2024,11 Nov 2024,569690,Raast IBFT to OMAR ZAMAN,21201.04,16242.06,31528.34
07 Dec 2024,07 Dec 2024,361357,Raast IBFT to IQRA PARVEEN,20567.5,24303.24,219947.02
04 Jan 2025,04 Jan 2025,702603,Raast IBFT to OMAR ZAMAN,16910.23,12273.6,289685.79
12 Nov 2024,12 Nov 2024,,INET Inter Bank Fund Transfer Charges,5393.95,19786.9,456959.61
09 Dec 2024,09 Dec 2024,949851,Raast IBFT to OMAR ZAMAN,19560.58,7920.45,436707.92
31 Dec 2024,31 Dec 2024,,Raast IBFT to IQRA PARVEEN,5909.81,12947.64,493023.0
15 Jan 2025,15 Jan 2025,,Raast IBFT to OMAR ZAMAN,10785.54,21004.66,56303.51
22 Nov 2024,22 Nov 2024,,INET Inter Bank Fund Transfer Charges,11457.55,2684.62,484937.33
04 Dec 2024,04 Dec 2024,,Mobile App MARYAM BEGUM,24336.22,8032.44,252824.18
07 Nov 2024,07 Nov 2024,388852,INET Inter Bank Fund Transfer Charges,23261.22,15954.54,390591.75
01 Jan 2025,01 Jan 2025,,Raast IBFT to OMAR ZAMAN,14437.53,15343.88,101814.93
27 Nov 2024,27 Nov 2024,602381,INET Inter Bank Fund Transfer Charges,3642.97,22179.96,366080.58
01 Jan 2025,01 Jan 2025,,INET Inter Bank Fund Transfer Charges,20802.4,15485.96,219423.35
01 Nov 2024,01 Nov 2024,437005,Raast IBFT to IQRA PARVEEN,13686.33,8074.74,468601.56
18 Jan 2025,18 Jan 2025,269912,Mobile App MARYAM BEGUM,23703.53,18578.18,57554.47
12 Dec 2024,12 Dec 2024,,INET Inter Bank Fund Transfer Charges,15304.83,1410.86,369109.4
27 Dec 2024,27 Dec 2024,232777,Raast IBFT to IQRA PARVEEN,12166.74,18687.31,129823.33
21 Dec 2024,21 Dec 2024,,Raast IBFT to OMAR ZAMAN,12913.97,3476.41,339146.02
09 Jan 2025,09 Jan 2025,,Mobile App MARYAM BEGUM,20172.66,11982.04,260782.48
12 Dec 2024,12 Dec 2024,,INET Inter Bank Fund Transfer Charges,15211.37,18554.58,74800.08
01 Feb 2025,01 Feb 2025,547098,Mobile App MARYAM BEGUM,12773.3,23631.33,55619.51
28 Nov 2024,28 Nov 2024,,INET Inter Bank Fund Transfer Charges,4286.0,24445.1,156458.26
15 Nov 2024,15 Nov 2024,447019,Raast IBFT to IQRA PARVEEN,15939.91,406.87,194814.85
02 Dec 2024,02 Dec 2024,786512,Raast IBFT to IQRA PARVEEN,19749.15,7599.66,364761.97
31 Jan 2025,31 Jan 2025,924969,Raast IBFT to IQRA PARVEEN,15860.97,7256.06,179941.39
13 Jan 2025,13 Jan 2025,209367,Raast IBFT to IQRA PARVEEN,13150.23,2299.71,337165.88
16 Nov 2024,16 Nov 2024,,INET Inter Bank Fund Transfer Charges,1535.88,10982.29,247058.64
01 Feb 2025,01 Feb 2025,,INET Inter Bank Fund Transfer Charges,2067.18,16922.96,242672.73
17 Jan 2025,17 Jan 2025,,Raast IBFT to OMAR ZAMAN,5479.48,4808.16,363198.59
28 Jan 2025,28 Jan 2025,260732,Raast IBFT to OMAR ZAMAN,1112.93,14990.88,457548.5
19 Nov 2024,19 Nov 2024,896273,Mobile App MARYAM BEGUM,8707.42,10330.19,421381.18
20 Nov 2024,20 Nov 2024,655964,Raast IBFT to OMAR ZAMAN,20293.8,3713.6,28424.4
15 Jan 2025,15 Jan 2025,325318,Raast IBFT to OMAR ZAMAN,20462.37,14389.97,157788.72
18 Dec 2024,18 Dec 2024,394917,Raast IBFT to IQRA PARVEEN,2779.12,7916.75,177633.6
02 Dec 2024,02 Dec 2024,,Raast IBFT to IQRA PARVEEN,6135.11,16178.16,346063.61
18 Dec 2024,18 Dec 2024,567942,Raast IBFT to OMAR ZAMAN,17481.88,20235.81,332722.66
19 Jan 2025,19 Jan 2025,,Raast IBFT to IQRA PARVEEN,2558.83,16317.16,272105.83
05 Jan 2025,05 Jan 2025,942739,INET Inter Bank Fund Transfer Charges,20200.26,2662.38,250449.91
28 Nov 2024,28 Nov 2024,076084,Raast IBFT to IQRA PARVEEN,3639.51,14065.64,51070.57
18 Nov 2024,18 Nov 2024,,INET Inter Bank Fund Transfer Charges,11603.13,21479.78,74445.18
19 Dec 2024,19 Dec 2024,,Raast IBFT to IQRA PARVEEN,16037.4,3786.14,19833.43
27 Jan 2025,27 Jan 2025,886236,Raast IBFT to IQRA PARVEEN,16791.63,12336.02,86418.07
18 Dec 2024,18 Dec 2024,,Raast IBFT to OMAR ZAMAN,2890.81,20013.3,457821.34
17 Nov 2024,17 Nov 2024,566070,INET Inter Bank Fund Transfer Charges,8336.04,7504.81,60631.0
25 Nov 2024,25 Nov 2024,836348,Mobile App MARYAM BEGUM,12521.67,11115.6,465298.02
25 Nov 2024,25 Nov 2024,,INET Inter Bank Fund Transfer Charges,13416.88,9189.7,112712.64
18 Nov 2024,18 Nov 2024,243099,INET Inter Bank Fund Transfer Charges,2548.2,9345.22,214728.08
02 Feb 2025,02 Feb 2025,048062,Raast IBFT to OMAR ZAMAN,8780.51,12636.28,431520.89
16 Nov 2024,16 Nov 2024,018041,Raast IBFT to IQRA PARVEEN,21096.78,13455.02,91735.03
03 Dec 2024,03 Dec 2024,,Raast IBFT to OMAR ZAMAN,11639.92,4327.89,171525.73
09 Feb 2025,09 Feb 2025,369836,Raast IBFT to IQRA PARVEEN,9714.83,1143.57,254946.35
11 Nov 2024,11 Nov 2024,900422,Mobile App MARYAM BEGUM,2037.28,7173.02,239969.22
23 Dec 2024,23 Dec 2024,,Raast IBFT to IQRA PARVEEN,19430.2,24242.4,114693.77
26 Nov 2024,26 Nov 2024,504669,INET Inter Bank Fund Transfer Charges,22031.67,10986.75,182493.44
31 Jan 2025,31 Jan 2025,,Raast IBFT to OMAR ZAMAN,14317.66,73.5,121372.04
13 Nov 2024,13 Nov 2024,,INET Inter Bank Fund Transfer Charges,4572.35,19476.38,443058.97
14 Nov 2024,14 Nov 2024,,Raast IBFT to OMAR ZAMAN,21869.19,9505.65,386649.66
06 Dec 2024,06 Dec 2024,,Raast IBFT to OMAR ZAMAN,17746.68,11457.38,271811.85
17 Nov 2024,17 Nov 2024,,Mobile App MARYAM BEGUM,22742.72,22267.31,392245.09
18 Dec 2024,18 Dec 2024,941624,Raast IBFT to IQRA PARVEEN,7621.1,6325.09,220059.93
19 Jan 2025,19 Jan 2025,930592,Raast IBFT to OMAR ZAMAN,4415.25,9593.11,461381.27
01 Dec 2024,01 Dec 2024,963757,Raast IBFT to OMAR ZAMAN,13728.45,12050.71,206046.5
23 Dec 2024,23 Dec 2024,,INET Inter Bank Fund Transfer Charges,16107.59,6386.42,202721.9
21 Jan 2025,21 Jan 2025,,Raast IBFT to IQRA PARVEEN,9543.14,13833.13,95899.38
05 Dec 2024,05 Dec 2024,634998,Raast IBFT to IQRA PARVEEN,4678.47,17892.85,281699.21
19 Jan 2025,19 Jan 2025,,INET Inter Bank Fund Transfer Charges,13125.02,8800.83,111424.97
26 Jan 2025,26 Jan 2025,974709,Mobile App MARYAM BEGUM,7362.06,15795.29,350668.54
20 Jan 2025,20 Jan 2025,,INET Inter Bank Fund Transfer Charges,16236.1,13079.39,459012.52
24 Jan 2025,24 Jan 2025,,Mobile App MARYAM BEGUM,2959.36,1683.39,460202.41
13 Dec 2024,13 Dec 2024,,Raast IBFT to IQRA PARVEEN,11582.82,13991.29,60733.64
27 Nov 2024,27 Nov 2024,445178,Raast IBFT to OMAR ZAMAN,24081.82,23405.28,146880.65
10 Nov 2024,10 Nov 2024,,Mobile App MARYAM BEGUM,20188.19,19147.28,131336.8
20 Jan 2025,20 Jan 2025,,Raast IBFT to IQRA PARVEEN,20195.12,22893.12,379570.61
09 Jan 2025,09 Jan 2025,,INET Inter Bank Fund Transfer Charges,19671.5,13942.12,287154.61
19 Dec 2024,19 Dec 2024,,INET Inter Bank Fund Transfer Charges,9169.9,7759.03,118179.99
23 Nov 2024,23 Nov 2024,,Mobile App MARYAM BEGUM,6525.94,15943.74,32702.2
12 Nov 2024,12 Nov 2024,012675,Raast IBFT to OMAR ZAMAN,20033.06,14208.28,458288.18
27 Nov 2024,27 Nov 2024,,Raast IBFT to IQRA PARVEEN,15597.16,4541.96,381256.75
28 Jan 2025,28 Jan 2025,,INET Inter Bank Fund Transfer Charges,11985.72,13970.11,462644.02
22 Nov 2024,22 Nov 2024,634446,INET Inter Bank Fund Transfer Charges,18636.45,18300.45,160892.75
25 Dec 2024,25 Dec 2024,810491,Raast IBFT to IQRA PARVEEN,13205.55,10486.44,467611.28
30 Nov 2024,30 Nov 2024,093057,Raast IBFT to OMAR ZAMAN,10701.11,22531.11,34339.51
01 Nov 2024,01 Nov 2024,079319,Mobile App MARYAM BEGUM,14805.66,7630.75,480006.57
14 Jan 2025,14 Jan 2025,,Mobile App MARYAM BEGUM,20402.63,5530.93,453562.26
02 Dec 2024,02 Dec 2024,,Raast IBFT to IQRA PARVEEN,17987.49,16492.81,402552.19
22 Dec 2024,22 Dec 2024,362224,Raast IBFT to IQRA PARVEEN,21620.28,8719.31,338627.05
30 Dec 2024,30 Dec 2024,815097,Raast IBFT to OMAR ZAMAN,9880.17,2516.98,220854.83
22 Jan 2025,22 Jan 2025,691155,Mobile App MARYAM BEGUM,18172.33,11184.82,376567.22
28 Dec 2024,28 Dec 2024,,Raast IBFT to IQRA PARVEEN,3554.4,15405.7,18196.93
25 Dec 2024,25 Dec 2024,,INET Inter Bank Fund Transfer Charges,14059.77,12907.34,407035.49
22 Nov 2024,22 Nov 2024,074868,Mobile App MARYAM BEGUM,14850.99,10982.68,343390.25
09 Dec 2024,09 Dec 2024,628123,Raast IBFT to IQRA PARVEEN,13040.18,6485.64,318491.17
02 Feb 2025,02 Feb 2025,784083,Raast IBFT to IQRA PARVEEN,4457.78,16807.49,272389.45
05 Dec 2024,05 Dec 2024,113547,Raast IBFT to OMAR ZAMAN,19279.98,6332.56,69360.35
28 Nov 2024,28 Nov 2024,,Raast IBFT to OMAR ZAMAN,23502.97,15062.01,290094.31
12 Nov 2024,12 Nov 2024,,Raast IBFT to IQRA PARVEEN,12636.8,15102.45,151543.96
06 Jan 2025,06 Jan 2025,,Raast IBFT to IQRA PARVEEN,24942.34,10452.62,346535.68
20 Dec 2024,20 Dec 2024,286103,Mobile App MARYAM BEGUM,9819.14,22746.87,22164.88
13 Nov 2024,13 Nov 2024,435264,Raast IBFT to OMAR ZAMAN,22037.29,16895.09,349321.93
11 Nov 2024,11 Nov 2024,,Raast IBFT to OMAR ZAMAN,14694.26,3057.27,214639.83
19 Nov 2024,19 Nov 2024,,Raast IBFT to OMAR ZAMAN,16434.02,8360.22,50789.18
07 Nov 2024,07 Nov 2024,,Raast IBFT to OMAR ZAMAN,24378.9,20250.62,469959.43
08 Feb 2025,08 Feb 2025,,Mobile App MARYAM BEGUM,5736.63,6549.25,490834.72
27 Nov 2024,27 Nov 2024,327401,Raast IBFT to OMAR ZAMAN,5941.98,23892.32,289431.65
21 Nov 2024,21 Nov 2024,,Raast IBFT to IQRA PARVEEN,13447.65,16313.23,95568.49
02 Jan 2025,02 Jan 2025,592566,Mobile App MARYAM BEGUM,18892.29,10803.44,109261.65
24 Jan 2025,24 Jan 2025,,Raast IBFT to OMAR ZAMAN,18198.09,17607.27,149241.36
07 Nov 2024,07 Nov 2024,,Raast IBFT to OMAR ZAMAN,13192.21,6480.33,344767.01
24 Nov 2024,24 Nov 2024,342444,Mobile App MARYAM BEGUM,6406.44,20059.35,486609.79
13 Jan 2025,13 Jan 2025,210063,Raast IBFT to OMAR ZAMAN,10647.2,8209.77,275953.5
03 Nov 2024,03 Nov 2024,,INET Inter Bank Fund Transfer Charges,6328.84,9985.19,317655.62
26 Jan 2025,26 Jan 2025,254953,INET Inter Bank Fund Transfer Charges,24215.75,3796.62,138469.63
06 Dec 2024,06 Dec 2024,,Raast IBFT to IQRA PARVEEN,24336.73,19454.59,34571.96
29 Nov 2024,29 Nov 2024,622617,INET Inter Bank Fund Transfer Charges,2496.13,22799.66,349093.95
16 Dec 2024,16 Dec 2024,800438,Mobile App MARYAM BEGUM,10424.14,17582.47,270096.73
09 Feb 2025,09 Feb 2025,,Mobile App MARYAM BEGUM,13871.72,21192.62,263409.53
13 Dec 2024,13 Dec 2024,,Mobile App MARYAM BEGUM,4656.71,21486.9,333304.92
19 Jan 2025,19 Jan 2025,,Raast IBFT to OMAR ZAMAN,3006.53,22767.58,334105.31
18 Nov 2024,18 Nov 2024,,INET Inter Bank Fund Transfer Charges,24354.58,18625.27,292761.67
09 Dec 2024,09 Dec 2024,,Mobile App MARYAM BEGUM,23799.97,12073.85,121686.94
03 Nov 2024,03 Nov 2024,,INET Inter Bank Fund Transfer Charges,12085.41,22411.38,305690.2
18 Dec 2024,18 Dec 2024,287747,INET Inter Bank Fund Transfer Charges,18718.6,19265.47,186398.98
03 Dec 2024,03 Dec 2024,,Raast IBFT to OMAR ZAMAN,13881.46,3256.69,463381.08
19 Nov 2024,19 Nov 2024,140620,Mobile App MARYAM BEGUM,13668.33,5554.33,102028.76
25 Jan 2025,25 Jan 2025,,Mobile App MARYAM BEGUM,21636.6,11334.06,371046.33
18 Jan 2025,18 Jan 2025,,Mobile App MARYAM BEGUM,21005.64,17187.61,253783.86
25 Jan 2025,25 Jan 2025,,Mobile App MARYAM BEGUM,4094.93,16257.43,279324.08
27 Nov 2024,27 Nov 2024,,Raast IBFT to OMAR ZAMAN,15939.94,13226.56,222633.46
23 Dec 2024,23 Dec 2024,,Mobile App MARYAM BEGUM,18514.95,6414.45,67950.82
03 Jan 2025,03 Jan 2025,,Raast IBFT to OMAR ZAMAN,9609.41,23455.12,39464.73
27 Jan 2025,27 Jan 2025,,Raast IBFT to IQRA PARVEEN,19369.03,3240.5,371350.47
07 Nov 2024,07 Nov 2024,,Raast IBFT to OMAR ZAMAN,23095.98,16585.37,136788.18
20 Dec 2024,20 Dec 2024,541241,Raast IBFT to OMAR ZAMAN,19357.13,17209.46,295789.79
21 Dec 2024,21 Dec 2024,,INET Inter Bank Fund Transfer Charges,20739.21,13080.15,486388.61
07 Nov 2024,07 Nov 2024,,Raast IBFT to IQRA PARVEEN,10166.95,24226.81,359222.11
22 Jan 2025,22 Jan 2025,593370,Raast IBFT to OMAR ZAMAN,16631.11,2545.34,93734.46
04 Nov 2024,04 Nov 2024,,Raast IBFT to OMAR ZAMAN,4687.8,19787.19,495027.11
03 Nov 2024,03 Nov 2024,745788,Raast IBFT to OMAR ZAMAN,6541.36,5346.27,365965.92
14 Nov 2024,14 Nov 2024,,Mobile App MARYAM BEGUM,21626.54,22795.02,452638.43
29 Nov 2024,29 Nov 2024,683307,Mobile App MARYAM BEGUM,13255.68,13918.02,479484.87
26 Jan 2025,26 Jan 2025,,Mobile App MARYAM BEGUM,12177.31,11160.51,458259.77
03 Feb 2025,03 Feb 2025,,Raast IBFT to OMAR ZAMAN,22800.81,2457.67,446805.88
20 Nov 2024,20 Nov 2024,380688,Mobile App MARYAM BEGUM,19151.06,15435.76,171661.79
17 Dec 2024,17 Dec 2024,414910,INET Inter Bank Fund Transfer Charges,10271.02,281.04,298488.45
01 Jan 2025,01 Jan 2025,,Raast IBFT to OMAR ZAMAN,15831.52,10630.26,175282.62
10 Dec 2024,10 Dec 2024,,Mobile App MARYAM BEGUM,9857.69,15089.79,383662.01
05 Nov 2024,05 Nov 2024,,Raast IBFT to OMAR ZAMAN,6690.12,23432.0,417733.56
13 Jan 2025,13 Jan 2025,649783,INET Inter Bank Fund Transfer Charges,10639.23,9005.88,400171.8
21 Nov 2024,21 Nov 2024,,Mobile App MARYAM BEGUM,16424.2,18131.75,493537.02
06 Feb 2025,06 Feb 2025,019832,Raast IBFT to IQRA PARVEEN,12965.2,9615.09,73404.05
02 Feb 2025,02 Feb 2025,808191,INET Inter Bank Fund Transfer Charges,20784.9,12306.14,94959.79
19 Nov 2024,19 Nov 2024,,INET Inter Bank Fund Transfer Charges,1421.68,17434.72,369861.3
05 Jan 2025,05 Jan 2025,,INET Inter Bank Fund Transfer Charges,2278.52,11803.3,275509.9
15 Nov 2024,15 Nov 2024,040846,INET Inter Bank Fund Transfer Charges,13929.25,16457.53,74025.89
16 Dec 2024,16 Dec 2024,231409,Raast IBFT to IQRA PARVEEN,19523.58,1622.1,13631.7
24 Dec 2024,24 Dec 2024,825799,Raast IBFT to IQRA PARVEEN,15221.57,9160.08,314555.95
26 Dec 2024,26 Dec 2024,,Raast IBFT to OMAR ZAMAN,16400.35,6807.78,344985.94
14 Dec 2024,14 Dec 2024,,Mobile App MARYAM BEGUM,3568.43,7699.21,375942.57
19 Dec 2024,19 Dec 2024,,Raast IBFT to OMAR ZAMAN,14425.93,19985.97,438307.0
08 Nov 2024,08 Nov 2024,,Raast IBFT to OMAR ZAMAN,19863.86,6633.37,283639.06
30 Jan 2025,30 Jan 2025,302636,Raast IBFT to OMAR ZAMAN,13801.4,13414.92,297593.81
15 Jan 2025,15 Jan 2025,,Mobile App MARYAM BEGUM,15906.92,12211.11,452304.76
17 Nov 2024,17 Nov 2024,027683,Raast IBFT to OMAR ZAMAN,6324.73,17337.02,289728.62
01 Feb 2025,01 Feb 2025,,Mobile App MARYAM BEGUM,12175.94,11912.2,127738.44
14 Dec 2024,14 Dec 2024,150453,INET Inter Bank Fund Transfer Charges,20261.31,10360.13,104227.24
26 Nov 2024,26 Nov 2024,296716,Raast IBFT to IQRA PARVEEN,3040.5,8792.46,120099.9
30 Nov 2024,30 Nov 2024,738704,Raast IBFT to OMAR ZAMAN,19531.22,18394.81,473570.65
10 Jan 2025,10 Jan 2025,,INET Inter Bank Fund Transfer Charges,4137.16,9996.29,107031.54
21 Nov 2024,21 Nov 2024,428439,Raast IBFT to IQRA PARVEEN,6352.78,23435.58,145729.2
15 Nov 2024,15 Nov 2024,701152,Raast IBFT to IQRA PARVEEN,22634.77,4657.28,95290.32
11 Dec 2024,11 Dec 2024,374912,Mobile App MARYAM BEGUM,5423.03,113.1,491548.37
04 Jan 2025,04 Jan 2025,223155,Raast IBFT to IQRA PARVEEN,22532.98,22641.69,47962.26
30 Dec 2024,30 Dec 2024,,Mobile App MARYAM BEGUM,5470.63,23214.24,479960.4
21 Dec 2024,21 Dec 2024,706153,INET Inter Bank Fund Transfer Charges,8322.06,11270.66,317219.57
15 Dec 2024,15 Dec 2024,903400,INET Inter Bank Fund Transfer Charges,20367.69,22150.01,234776.63
14 Nov 2024,14 Nov 2024,893960,Mobile App MARYAM BEGUM,13161.63,10274.17,146460.87
17 Dec 2024,17 Dec 2024,,INET Inter Bank Fund Transfer Charges,17179.33,6279.72,62102.16
03 Dec 2024,03 Dec 2024,796211,Raast IBFT to IQRA PARVEEN,11494.07,4886.95,292856.04
06 Dec 2024,06 Dec 2024,,Raast IBFT to IQRA PARVEEN,4070.77,19313.75,153819.29
27 Dec 2024,27 Dec 2024,362062,Mobile App MARYAM BEGUM,15584.19,4936.23,317145.94
25 Jan 2025,25 Jan 2025,,Mobile App MARYAM BEGUM,20281.38,5527.3,104858.29
05 Dec 2024,05 Dec 2024,932493,Raast IBFT to OMAR ZAMAN,14001.07,19899.79,38217.0
14 Dec 2024,14 Dec 2024,,Mobile App MARYAM BEGUM,18536.33,8376.07,211549.45
13 Dec 2024,13 Dec 2024,,Mobile App MARYAM BEGUM,22502.6,11924.85,375287.14
13 Dec 2024,13 Dec 2024,628786,INET Inter Bank Fund Transfer Charges,4825.47,17155.28,197376.16
06 Jan 2025,06 Jan 2025,043291,Mobile App MARYAM BEGUM,20805.41,20015.05,63977.54
04 Dec 2024,04 Dec 2024,113080,Raast IBFT to IQRA PARVEEN,13988.37,7987.68,401946.15
05 Feb 2025,05 Feb 2025,102462,Raast IBFT to OMAR ZAMAN,20939.16,13100.9,33353.8
06 Dec 2024,06 Dec 2024,479749,Raast IBFT to OMAR ZAMAN,5700.62,16845.0,435473.14
21 Dec 2024,21 Dec 2024,444933,INET Inter Bank Fund Transfer Charges,13494.16,18290.6,363019.42
13 Dec 2024,13 Dec 2024,,INET Inter Bank Fund Transfer Charges,9906.38,15306.32,68527.61
08 Dec 2024,08 Dec 2024,,Mobile App MARYAM BEGUM,6051.12,8002.1,453764.34
24 Jan 2025,24 Jan 2025,467978,Raast IBFT to IQRA PARVEEN,16468.96,23357.37,270606.01
15 Jan 2025,15 Jan 2025,,Mobile App MARYAM BEGUM,13187.46,20831.97,421676.08
07 Nov 2024,07 Nov 2024,,Mobile App MARYAM BEGUM,1940.39,1705.76,321639.21
27 Jan 2025,27 Jan 2025,043700,Raast IBFT to IQRA PARVEEN,19161.39,10963.65,53576.45
23 Nov 2024,23 Nov 2024,,Raast IBFT to IQRA PARVEEN,2100.43,22053.07,292608.76
10 Dec 2024,10 Dec 2024,,Mobile App MARYAM BEGUM,6185.79,5155.27,210098.18
10 Nov 2024,10 Nov 2024,,INET Inter Bank Fund Transfer Charges,9549.94,24096.22,80397.39
08 Jan 2025,08 Jan 2025,967331,Raast IBFT to IQRA PARVEEN,1401.01,8097.22,480510.86
16 Nov 2024,16 Nov 2024,508330,Mobile App MARYAM BEGUM,20181.77,6818.92,360820.7
01 Jan 2025,01 Jan 2025,,INET Inter Bank Fund Transfer Charges,2862.22,13497.04,399155.21
29 Nov 2024,29 Nov 2024,883367,INET Inter Bank Fund Transfer Charges,4375.71,11878.17,464637.0
23 Jan 2025,23 Jan 2025,330878,Raast IBFT to IQRA PARVEEN,8198.4,11470.18,100411.7
06 Feb 2025,06 Feb 2025,,INET Inter Bank Fund Transfer Charges,21775.44,19937.23,123112.57
15 Nov 2024,15 Nov 2024,831828,Raast IBFT to IQRA PARVEEN,3784.01,22978.42,456171.59
08 Jan 2025,08 Jan 2025,090215,Raast IBFT to IQRA PARVEEN,14301.7,21142.47,218621.61
07 Jan 2025,07 Jan 2025,,INET Inter Bank Fund Transfer Charges,1175.99,12390.36,401262.87
28 Dec 2024,28 Dec 2024,,Mobile App MARYAM BEGUM,23624.6,2641.03,307574.2
10 Nov 2024,10 Nov 2024,163401,INET Inter Bank Fund Transfer Charges,22454.21,16321.58,271347.2
21 Dec 2024,21 Dec 2024,052502,Raast IBFT to IQRA PARVEEN,7029.23,3483.09,277858.33
20 Dec 2024,20 Dec 2024,470625,Raast IBFT to IQRA PARVEEN,17984.14,22246.07,345729.58
02 Dec 2024,02 Dec 2024,315088,Raast IBFT to OMAR ZAMAN,11555.91,20528.38,177646.25
13 Jan 2025,13 Jan 2025,428042,Raast IBFT to IQRA PARVEEN,4725.78,5935.12,53971.39
01 Jan 2025,01 Jan 2025,,INET Inter Bank Fund Transfer Charges,15665.34,11192.08,296298.6
02 Nov 2024,02 Nov 2024,,Raast IBFT to IQRA PARVEEN,7477.31,9967.02,117330.7
25 Jan 2025,25 Jan 2025,814138,Mobile App MARYAM BEGUM,18170.48,20485.56,312681.95
30 Jan 2025,30 Jan 2025,693660,Raast IBFT to OMAR ZAMAN,4741.28,23094.46,397428.23
14 Nov 2024,14 Nov 2024,,INET Inter Bank Fund Transfer Charges,17095.71,15530.06,407758.21
23 Nov 2024,23 Nov 2024,,Mobile App MARYAM BEGUM,7720.62,13069.96,153329.85
22 Nov 2024,22 Nov 2024,884517,Raast IBFT to OMAR ZAMAN,11348.36,8676.02,123313.79
14 Jan 2025,14 Jan 2025,677001,INET Inter Bank Fund Transfer Charges,3139.93,18707.54,478646.22
08 Dec 2024,08 Dec 2024,885579,Mobile App MARYAM BEGUM,10234.47,18556.9,49494.59
11 Jan 2025,11 Jan 2025,,INET Inter Bank Fund Transfer Charges,19229.59,13037.89,266466.45
21 Jan 2025,21 Jan 2025,,INET Inter Bank Fund Transfer Charges,16323.48,17558.45,234623.79
01 Nov 2024,01 Nov 2024,098965,Mobile App MARYAM BEGUM,8239.07,14268.63,184761.52
30 Dec 2024,30 Dec 2024,810765,INET Inter Bank Fund Transfer Charges,5589.56,16791.01,241216.03
03 Feb 2025,03 Feb 2025,,INET Inter Bank Fund Transfer Charges,16979.68,7674.6,80967.9
01 Dec 2024,01 Dec 2024,900423,INET Inter Bank Fund Transfer Charges,12064.82,2987.8,43463.36
14 Jan 2025,14 Jan 2025,716087,INET Inter Bank Fund Transfer Charges,6447.34,2637.4,110047.24
03 Dec 2024,03 Dec 2024,140651,INET Inter Bank Fund Transfer Charges,14219.95,3925.75,265429.14
31 Jan 2025,31 Jan 2025,,INET Inter Bank Fund Transfer Charges,15415.44,18290.58,464733.62
26 Nov 2024,26 Nov 2024,746200,INET Inter Bank Fund Transfer Charges,12160.14,24713.1,76322.48
29 Nov 2024,29 Nov 2024,991061,INET Inter Bank Fund Transfer Charges,24453.32,19975.67,78912.69
01 Dec 2024,01 Dec 2024,305112,Mobile App MARYAM BEGUM,13621.53,16068.35,274742.7
05 Nov 2024,05 Nov 2024,612544,Raast IBFT to IQRA PARVEEN,4621.43,5127.53,386727.78
06 Dec 2024,06 Dec 2024,,INET Inter Bank Fund Transfer Charges,2374.23,15488.87,342483.4
15 Jan 2025,15 Jan 2025,175193,Raast IBFT to IQRA PARVEEN,19556.87,4551.89,68479.79
28 Jan 2025,28 Jan 2025,364955,Raast IBFT to OMAR ZAMAN,9825.28,12814.07,226578.46
07 Jan 2025,07 Jan 2025,665650,Raast IBFT to OMAR ZAMAN,1883.7,15114.74,385549.73
06 Feb 2025,06 Feb 2025,001787,Mobile App MARYAM BEGUM,22950.68,7138.77,27748.25
17 Nov 2024,17 Nov 2024,,INET Inter Bank Fund Transfer Charges,23612.06,8971.84,282958.45
17 Jan 2025,17 Jan 2025,,Raast IBFT to IQRA PARVEEN,17110.79,12742.89,330823.03
02 Dec 2024,02 Dec 2024,,INET Inter Bank Fund Transfer Charges,13962.02,17555.82,481542.15
20 Nov 2024,20 Nov 2024,,Mobile App MARYAM BEGUM,3138.85,11671.26,424755.21
03 Nov 2024,03 Nov 2024,,INET Inter Bank Fund Transfer Charges,1308.72,8858.39,33134.39
08 Feb 2025,08 Feb 2025,,Raast IBFT to OMAR ZAMAN,18228.13,14966.99,90327.06
25 Nov 2024,25 Nov 2024,,Raast IBFT to OMAR ZAMAN,5596.22,192.49,309396.38
19 Jan 2025,19 Jan 2025,377746,Mobile App MARYAM BEGUM,9998.91,19024.62,56441.14
30 Dec 2024,30 Dec 2024,,Mobile App MARYAM BEGUM,11453.18,21722.31,452145.47
07 Dec 2024,07 Dec 2024,508136,Raast IBFT to OMAR ZAMAN,10527.82,10937.38,95519.11
04 Feb 2025,04 Feb 2025,423531,INET Inter Bank Fund Transfer Charges,10866.88,9206.52,465742.55
25 Jan 2025,25 Jan 2025,,Raast IBFT to OMAR ZAMAN,18103.49,14438.91,20567.95
13 Dec 2024,13 Dec 2024,322772,INET Inter Bank Fund Transfer Charges,7443.83,7255.17,50399.56
20 Jan 2025,20 Jan 2025,143629,INET Inter Bank Fund Transfer Charges,23406.59,20450.57,294932.84
06 Dec 2024,06 Dec 2024,,Mobile App MARYAM BEGUM,17184.22,20417.16,74629.36
31 Dec 2024,31 Dec 2024,,INET Inter Bank Fund Transfer Charges,13159.22,21741.39,29408.42
28 Jan 2025,28 Jan 2025,,Mobile App MARYAM BEGUM,24549.2,4321.24,320528.74
14 Dec 2024,14 Dec 2024,127597,Mobile App MARYAM BEGUM,11633.36,8334.25,134601.9
30 Jan 2025,30 Jan 2025,592802,INET Inter Bank Fund Transfer Charges,12286.68,10419.98,283414.31
30 Jan 2025,30 Jan 2025,306298,INET Inter Bank Fund Transfer Charges,11529.64,731.05,173300.24
14 Jan 2025,14 Jan 2025,,Mobile App MARYAM BEGUM,14931.72,22497.85,133066.96
09 Jan 2025,09 Jan 2025,563048,Mobile App MARYAM BEGUM,19713.46,1129.24,55386.89
26 Nov 2024,26 Nov 2024,689674,Mobile App MARYAM BEGUM,20489.08,23389.87,438458.05
06 Nov 2024,06 Nov 2024,,Mobile App MARYAM BEGUM,10634.53,15181.08,20930.76
08 Dec 2024,08 Dec 2024,999225,Raast IBFT to IQRA PARVEEN,16692.55,4422.1,337873.46
26 Dec 2024,26 Dec 2024,,Mobile App MARYAM BEGUM,4040.82,14805.23,282340.37
28 Jan 2025,28 Jan 2025,160868,Raast IBFT to IQRA PARVEEN,12521.18,12648.84,298913.18
04 Dec 2024,04 Dec 2024,,INET Inter Bank Fund Transfer Charges,11778.52,4286.71,49346.31
18 Nov 2024,18 Nov 2024,683642,Mobile App MARYAM BEGUM,1253.08,9378.94,459124.24
01 Dec 2024,01 Dec 2024,,Mobile App MARYAM BEGUM,20886.1,7744.15,184367.43
12 Nov 2024,12 Nov 2024,141714,Raast IBFT to IQRA PARVEEN,14102.8,378.24,130537.31
13 Jan 2025,13 Jan 2025,,Mobile App MARYAM BEGUM,24113.18,7773.49,120114.67
17 Jan 2025,17 Jan 2025,,INET Inter Bank Fund Transfer Charges,23356.16,13406.82,291716.71
30 Nov 2024,30 Nov 2024,382266,INET Inter Bank Fund Transfer Charges,18183.29,17443.0,121616.9
09 Jan 2025,09 Jan 2025,468656,Raast IBFT to OMAR ZAMAN,15030.56,9351.49,201719.25
23 Jan 2025,23 Jan 2025,,Raast IBFT to OMAR ZAMAN,19982.93,10054.06,400008.35
12 Jan 2025,12 Jan 2025,048423,Raast IBFT to OMAR ZAMAN,21403.16,8600.9,485088.89
28 Dec 2024,28 Dec 2024,648631,Mobile App MARYAM BEGUM,9602.85,17769.39,434237.53
22 Dec 2024,22 Dec 2024,822677,Mobile App MARYAM BEGUM,3941.71,13490.15,206585.75
07 Nov 2024,07 Nov 2024,879586,Raast IBFT to OMAR ZAMAN,22250.81,4595.53,228407.35
01 Jan 2025,01 Jan 2025,439619,INET Inter Bank Fund Transfer Charges,15171.0,9005.33,493562.49
06 Jan 2025,06 Jan 2025,101193,Raast IBFT to IQRA PARVEEN,16309.11,12284.75,442503.43
06 Nov 2024,06 Nov 2024,769709,Raast IBFT to IQRA PARVEEN,16621.71,4677.33,309212.7
18 Dec 2024,18 Dec 2024,166670,Mobile App MARYAM BEGUM,4648.49,21394.21,249736.89
13 Jan 2025,13 Jan 2025,,Raast IBFT to OMAR ZAMAN,8486.06,23406.88,32821.0
26 Dec 2024,26 Dec 2024,123553,Raast IBFT to IQRA PARVEEN,16012.27,16921.05,105473.74
06 Feb 2025,06 Feb 2025,148560,Raast IBFT to IQRA PARVEEN,17831.31,5762.19,390340.82
01 Dec 2024,01 Dec 2024,622146,Raast IBFT to OMAR ZAMAN,11948.04,19192.24,366371.08
18 Jan 2025,18 Jan 2025,472404,Raast IBFT to OMAR ZAMAN,24998.55,17852.29,154166.45
09 Nov 2024,09 Nov 2024,478626,Mobile App MARYAM BEGUM,3406.05,2524.61,36020.39
30 Nov 2024,30 Nov 2024,683733,Mobile App MARYAM BEGUM,12073.27,14394.71,183540.15
07 Nov 2024,07 Nov 2024,,Raast IBFT to OMAR ZAMAN,3249.69,15768.8,188925.39
02 Nov 2024,02 Nov 2024,258100,INET Inter Bank Fund Transfer Charges,17944.67,17981.42,448590.82
29 Dec 2024,29 Dec 2024,279084,Raast IBFT to IQRA PARVEEN,14253.39,22056.21,437745.06
29 Dec 2024,29 Dec 2024,,Raast IBFT to OMAR ZAMAN,4037.91,4171.48,426312.08
02 Jan 2025,02 Jan 2025,419420,Raast IBFT to OMAR ZAMAN,23254.19,8602.59,104452.08
05 Dec 2024,05 Dec 2024,791361,Raast IBFT to IQRA PARVEEN,8797.4,20926.72,23292.54
05 Jan 2025,05 Jan 2025,,Mobile App MARYAM BEGUM,4310.48,6604.36,149202.66
10 Jan 2025,10 Jan 2025,,INET Inter Bank Fund Transfer Charges,12137.13,1992.05,209949.58
27 Dec 2024,27 Dec 2024,,Mobile App MARYAM BEGUM,18497.1,16093.39,457975.37
08 Feb 2025,08 Feb 2025,368827,Raast IBFT to IQRA PARVEEN,12564.88,19710.2,209580.65
26 Nov 2024,26 Nov 2024,,Mobile App MARYAM BEGUM,13953.09,9219.18,39260.71
13 Jan 2025,13 Jan 2025,904422,Raast IBFT to IQRA PARVEEN,6611.39,23811.77,408902.2
15 Dec 2024,15 Dec 2024,622142,INET Inter Bank Fund Transfer Charges,10624.23,336.67,379739.3
10 Dec 2024,10 Dec 2024,558314,Raast IBFT to OMAR ZAMAN,7535.06,9509.29,229615.67
25 Nov 2024,25 Nov 2024,,INET Inter Bank Fund Transfer Charges,21287.0,9375.98,370405.24
15 Jan 2025,15 Jan 2025,,INET Inter Bank Fund Transfer Charges,24132.8,51.82,291754.79
01 Feb 2025,01 Feb 2025,084711,Mobile App MARYAM BEGUM,20542.09,15209.92,53147.86
01 Nov 2024,01 Nov 2024,325191,Raast IBFT to OMAR ZAMAN,18998.72,19869.64,31000.37
07 Nov 2024,07 Nov 2024,,Mobile App MARYAM BEGUM,12227.27,8389.38,307315.48
24 Dec 2024,24 Dec 2024,,INET Inter Bank Fund Transfer Charges,20255.04,22576.15,393040.51
18 Dec 2024,18 Dec 2024,740396,Mobile App MARYAM BEGUM,7484.94,2477.59,366248.16
07 Dec 2024,07 Dec 2024,,INET Inter Bank Fund Transfer Charges,5733.21,17836.29,174667.33
18 Jan 2025,18 Jan 2025,903441,Mobile App MARYAM BEGUM,18264.82,7718.72,409110.79
12 Nov 2024,12 Nov 2024,,INET Inter Bank Fund Transfer Charges,2456.01,787.62,451276.52
20 Dec 2024,20 Dec 2024,058437,INET Inter Bank Fund Transfer Charges,22631.3,9525.34,87136.67
19 Jan 2025,19 Jan 2025,518211,Mobile App MARYAM BEGUM,13256.52,17762.34,82062.17
19 Dec 2024,19 Dec 2024,,Mobile App MARYAM BEGUM,10931.0,13756.74,61588.53
04 Nov 2024,04 Nov 2024,,Mobile App MARYAM BEGUM,14634.92,13048.85,394166.01
30 Jan 2025,30 Jan 2025,337997,Mobile App MARYAM BEGUM,12298.27,18176.73,414204.82
30 Dec 2024,30 Dec 2024,,Mobile App MARYAM BEGUM,23075.37,24463.63,367589.91
20 Nov 2024,20 Nov 2024,357160,Raast IBFT to OMAR ZAMAN,14346.61,1205.6,51552.04
02 Dec 2024,02 Dec 2024,961011,Mobile App MARYAM BEGUM,1266.96,13628.74,286706.77
17 Dec 2024,17 Dec 2024,410747,INET Inter Bank Fund Transfer Charges,24443.57,21362.48,110199.17
02 Jan 2025,02 Jan 2025,728583,Mobile App MARYAM BEGUM,10011.58,227.35,84436.68
18 Nov 2024,18 Nov 2024,665277,INET Inter Bank Fund Transfer Charges,11495.06,22495.29,343474.73
12 Dec 2024,12 Dec 2024,387220,Raast IBFT to OMAR ZAMAN,22020.27,1983.38,378748.13
01 Jan 2025,01 Jan 2025,,INET Inter Bank Fund Transfer Charges,3638.21,3798.39,476639.91
05 Feb 2025,05 Feb 2025,012564,Raast IBFT to OMAR ZAMAN,23835.95,17658.6,335586.32
13 Dec 2024,13 Dec 2024,,Raast IBFT to OMAR ZAMAN,8158.09,10698.07,54868.74
12 Nov 2024,12 Nov 2024,990394,Raast IBFT to OMAR ZAMAN,5525.14,19862.56,328874.77
13 Dec 2024,13 Dec 2024,,Mobile App MARYAM BEGUM,1435.13,9977.3,36412.55
16 Nov 2024,16 Nov 2024,151987,Raast IBFT to OMAR ZAMAN,1959.21,5894.14,126478.6
30 Jan 2025,30 Jan 2025,120366,INET Inter Bank Fund Transfer Charges,17588.88,3623.58,252929.78
27 Nov 2024,27 Nov 2024,,INET Inter Bank Fund Transfer Charges,2498.96,14584.94,336128.07
16 Jan 2025,16 Jan 2025,126416,Mobile App MARYAM BEGUM,9713.53,19765.68,71571.74
14 Nov 2024,14 Nov 2024,,INET Inter Bank Fund Transfer Charges,24332.95,11289.83,198432.54
31 Dec 2024,31 Dec 2024,,INET Inter Bank Fund Transfer Charges,20533.47,21226.69,70282.89
11 Nov 2024,11 Nov 2024,559304,Mobile App MARYAM BEGUM,6678.95,4504.99,87545.68
29 Nov 2024,29 Nov 2024,,Raast IBFT to OMAR ZAMAN,20026.63,691.65,419883.81
29 Jan 2025,29 Jan 2025,,Mobile App MARYAM BEGUM,1061.25,5871.86,487634.07
17 Jan 2025,17 Jan 2025,,Raast IBFT to OMAR ZAMAN,12832.84,7156.2,108204.98
28 Jan 2025,28 Jan 2025,742031,Raast IBFT to OMAR ZAMAN,9468.42,6706.22,339917.93
25 Nov 2024,25 Nov 2024,,Raast IBFT to OMAR ZAMAN,18890.25,13582.58,444929.58
12 Dec 2024,12 Dec 2024,708712,Raast IBFT to IQRA PARVEEN,5893.56,2134.59,450364.47
11 Dec 2024,11 Dec 2024,,Raast IBFT to OMAR ZAMAN,1887.07,20831.92,133914.54
09 Jan 2025,09 Jan 2025,372828,INET Inter Bank Fund Transfer Charges,23570.88,7823.59,209346.83
10 Dec 2024,10 Dec 2024,668619,Raast IBFT to IQRA PARVEEN,16322.91,5700.25,101859.43
24 Nov 2024,24 Nov 2024,936093,Raast IBFT to IQRA PARVEEN,17810.88,3706.93,209218.27
12 Nov 2024,12 Nov 2024,891547,INET Inter Bank Fund Transfer Charges,2999.26,15318.78,277071.28
08 Feb 2025,08 Feb 2025,,Raast IBFT to IQRA PARVEEN,10436.21,342.21,215445.64
11 Nov 2024,11 Nov 2024,237000,Mobile App MARYAM BEGUM,21119.63,23220.51,248690.8
02 Jan 2025,02 Jan 2025,240502,INET Inter Bank Fund Transfer Charges,11462.59,23641.96,351392.05
28 Dec 2024,28 Dec 2024,938654,Raast IBFT to IQRA PARVEEN,9580.42,950.51,359897.98
15 Nov 2024,15 Nov 2024,060390,Raast IBFT to OMAR ZAMAN,14472.61,14758.71,354154.27
17 Dec 2024,17 Dec 2024,261345,Raast IBFT to IQRA PARVEEN,11374.44,21374.49,326059.99
06 Jan 2025,06 Jan 2025,,Raast IBFT to IQRA PARVEEN,8883.28,18624.64,414754.82
04 Nov 2024,04 Nov 2024,825050,Raast IBFT to IQRA PARVEEN,3028.48,6654.34,291341.07
12 Jan 2025,12 Jan 2025,,Raast IBFT to OMAR ZAMAN,6362.7,5371.72,133756.79
05 Nov 2024,05 Nov 2024,,Raast IBFT to IQRA PARVEEN,20505.27,9357.74,196544.74
09 Feb 2025,09 Feb 2025,342193,Mobile App MARYAM BEGUM,22992.53,537.25,140524.94
13 Jan 2025,13 Jan 2025,,Raast IBFT to IQRA PARVEEN,13781.23,2974.77,321764.09
07 Dec 2024,07 Dec 2024,,INET Inter Bank Fund Transfer Charges,21266.49,642.5,296189.62
05 Jan 2025,05 Jan 2025,467786,Mobile App MARYAM BEGUM,6104.29,18292.93,194639.99
13 Jan 2025,13 Jan 2025,,Raast IBFT to OMAR ZAMAN,13757.43,24214.52,455330.88
23 Jan 2025,23 Jan 2025,,Mobile App MARYAM BEGUM,16136.14,16866.61,177733.57
08 Feb 2025,08 Feb 2025,295375,Raast IBFT to OMAR ZAMAN,17580.46,17005.62,205686.9
26 Dec 2024,26 Dec 2024,294436,Mobile App MARYAM BEGUM,1221.49,15926.79,101645.08
15 Jan 2025,15 Jan 2025,323346,Raast IBFT to OMAR ZAMAN,7121.74,12232.71,475346.0
27 Dec 2024,27 Dec 2024,922317,Mobile App MARYAM BEGUM,17365.19,19128.92,214443.69
26 Nov 2024,26 Nov 2024,,INET Inter Bank Fund Transfer Charges,3997.79,23862.27,360193.03
07 Nov 2024,07 Nov 2024,999097,INET Inter Bank Fund Transfer Charges,2427.82,21915.1,366380.85
06 Jan 2025,06 Jan 2025,602287,Raast IBFT to IQRA PARVEEN,21751.97,6314.86,156695.35
07 Nov 2024,07 Nov 2024,303407,Mobile App MARYAM BEGUM,10361.28,5409.63,497280.96
28 Jan 2025,28 Jan 2025,826494,Raast IBFT to OMAR ZAMAN,17039.04,22752.66,292310.46
08 Dec 2024,08 Dec 2024,816210,Raast IBFT to OMAR ZAMAN,17839.32,5214.42,79203.26
03 Nov 2024,03 Nov 2024,,Mobile App MARYAM BEGUM,1935.48,23928.36,117018.71
02 Feb 2025,02 Feb 2025,465244,Raast IBFT to OMAR ZAMAN,6060.5,15810.36,460137.7
15 Nov 2024,15 Nov 2024,308204,Raast IBFT to OMAR ZAMAN,19989.41,1715.65,185392.82
03 Jan 2025,03 Jan 2025,,Raast IBFT to IQRA PARVEEN,9607.14,5587.0,252154.35
09 Feb 2025,09 Feb 2025,393623,Mobile App MARYAM BEGUM,24618.61,154.92,407763.95
14 Nov 2024,14 Nov 2024,651351,Raast IBFT to IQRA PARVEEN,21710.78,5425.56,226901.33
26 Jan 2025,26 Jan 2025,748935,INET Inter Bank Fund Transfer Charges,19164.78,23641.23,56814.73
23 Dec 2024,23 Dec 2024,357242,Mobile App MARYAM BEGUM,24181.87,13795.79,187993.28
30 Dec 2024,30 Dec 2024,,Raast IBFT to OMAR ZAMAN,21696.96,8407.95,411698.02
27 Jan 2025,27 Jan 2025,,Mobile App MARYAM BEGUM,7582.56,21450.45,424517.55
22 Nov 2024,22 Nov 2024,096743,Mobile App MARYAM BEGUM,20783.02,23830.69,486660.16
03 Feb 2025,03 Feb 2025,339375,Raast IBFT to OMAR ZAMAN,15465.46,6160.21,272886.85
29 Dec 2024,29 Dec 2024,,Raast IBFT to OMAR ZAMAN,4142.77,9265.44,355922.71
31 Dec 2024,31 Dec 2024,143257,INET Inter Bank Fund Transfer Charges,15057.61,2085.37,31171.59
22 Dec 2024,22 Dec 2024,959312,Raast IBFT to IQRA PARVEEN,10904.09,18900.01,62452.53
11 Nov 2024,11 Nov 2024,967713,INET Inter Bank Fund Transfer Charges,18013.02,14644.85,129441.5
08 Dec 2024,08 Dec 2024,224148,Mobile App MARYAM BEGUM,11462.68,18722.75,16243.09
02 Feb 2025,02 Feb 2025,502659,Mobile App MARYAM BEGUM,6937.28,21674.64,103476.78
18 Jan 2025,18 Jan 2025,,Raast IBFT to OMAR ZAMAN,19930.15,11041.47,372793.09
20 Jan 2025,20 Jan 2025,588610,Raast IBFT to OMAR ZAMAN,20836.91,16610.66,11683.84
22 Dec 2024,22 Dec 2024,,Raast IBFT to IQRA PARVEEN,1177.67,4983.99,93364.21
28 Dec 2024,28 Dec 2024,552842,Raast IBFT to IQRA PARVEEN,15270.93,4101.61,414001.22
04 Jan 2025,04 Jan 2025,,Raast IBFT to OMAR ZAMAN,12207.6,14041.58,38091.48
15 Nov 2024,15 Nov 2024,,Raast IBFT to OMAR ZAMAN,19854.66,11278.56,34316.35
08 Nov 2024,08 Nov 2024,146240,Raast IBFT to OMAR ZAMAN,15662.97,20595.1,26061.55
24 Nov 2024,24 Nov 2024,187816,INET Inter Bank Fund Transfer Charges,1204.97,19163.69,328326.1
21 Nov 2024,21 Nov 2024,613551,Mobile App MARYAM BEGUM,11633.69,1342.86,423087.18
16 Nov 2024,16 Nov 2024,651356,Raast IBFT to OMAR ZAMAN,11726.7,1227.44,167525.39
23 Dec 2024,23 Dec 2024,158512,INET Inter Bank Fund Transfer Charges,13461.6,6472.98,106756.36
11 Dec 2024,11 Dec 2024,,INET Inter Bank Fund Transfer Charges,18814.41,23559.81,182880.66
31 Dec 2024,31 Dec 2024,565262,Mobile App MARYAM BEGUM,9091.12,16770.44,315815.19
01 Feb 2025,01 Feb 2025,409535,INET Inter Bank Fund Transfer Charges,13498.86,23633.38,71795.28
24 Dec 2024,24 Dec 2024,175706,Raast IBFT to OMAR ZAMAN,4176.87,22548.13,138319.03
31 Jan 2025,31 Jan 2025,,Mobile App MARYAM BEGUM,17158.26,8364.23,462550.44
03 Dec 2024,03 Dec 2024,,Raast IBFT to IQRA PARVEEN,4098.15,8500.63,221572.98
07 Dec 2024,07 Dec 2024,504850,Raast IBFT to IQRA PARVEEN,16614.48,23567.52,250905.78
12 Jan 2025,12 Jan 2025,,Raast IBFT to OMAR ZAMAN,15915.52,6044.71,317744.93
03 Dec 2024,03 Dec 2024,,Raast IBFT to IQRA PARVEEN,1250.23,6642.1,149262.94
25 Dec 2024,25 Dec 2024,,Raast IBFT to OMAR ZAMAN,2005.31,9600.82,27817.09
17 Jan 2025,17 Jan 2025,162658,Raast IBFT to OMAR ZAMAN,14576.79,4104.3,13486.36
25 Nov 2024,25 Nov 2024,,Mobile App MARYAM BEGUM,15977.25,13398.81,42518.97
14 Nov 2024,14 Nov 2024,035149,INET Inter Bank Fund Transfer Charges,19342.88,14069.7,216321.52
03 Nov 2024,03 Nov 2024,,Raast IBFT to OMAR ZAMAN,15307.76,17466.56,15364.97
27 Dec 2024,27 Dec 2024,522063,Mobile App MARYAM BEGUM,12897.59,24764.93,309811.54
27 Dec 2024,27 Dec 2024,,INET Inter Bank Fund Transfer Charges,16042.92,11831.74,430039.02
30 Dec 2024,30 Dec 2024,,Mobile App MARYAM BEGUM,17909.05,9087.66,118281.73
26 Nov 2024,26 Nov 2024,,INET Inter Bank Fund Transfer Charges,13804.01,6713.44,46995.65
04 Feb 2025,04 Feb 2025,,Raast IBFT to OMAR ZAMAN,2473.87,683.74,209756.09
18 Nov 2024,18 Nov 2024,,Raast IBFT to IQRA PARVEEN,13271.06,20372.89,61541.26
13 Dec 2024,13 Dec 2024,,INET Inter Bank Fund Transfer Charges,5617.82,14273.9,25960.47
09 Dec 2024,09 Dec 2024,833419,INET Inter Bank Fund Transfer Charges,11574.72,11468.88,191781.89
08 Feb 2025,08 Feb 2025,,Raast IBFT to IQRA PARVEEN,4819.59,16470.66,210036.6
13 Jan 2025,13 Jan 2025,,INET Inter Bank Fund Transfer Charges,21941.75,12028.95,77869.23
18 Nov 2024,18 Nov 2024,046879,INET Inter Bank Fund Transfer Charges,6569.15,9790.08,33343.36
09 Feb 2025,09 Feb 2025,,Mobile App MARYAM BEGUM,3239.57,10619.52,413924.4
15 Nov 2024,15 Nov 2024,358838,Raast IBFT to OMAR ZAMAN,17573.41,14417.84,115373.88
22 Dec 2024,22 Dec 2024,,Mobile App MARYAM BEGUM,16911.73,16017.13,447762.03
25 Dec 2024,25 Dec 2024,,Raast IBFT to IQRA PARVEEN,10131.96,10380.49,284576.97
06 Jan 2025,06 Jan 2025,066339,Raast IBFT to OMAR ZAMAN,23635.39,3734.41,59388.18
31 Dec 2024,31 Dec 2024,938366,INET Inter Bank Fund Transfer Charges,5980.58,10541.05,41794.91
12 Nov 2024,12 Nov 2024,,Raast IBFT to IQRA PARVEEN,23174.04,1281.06,381843.9
07 Nov 2024,07 Nov 2024,729434,INET Inter Bank Fund Transfer Charges,2390.46,5593.44,416608.54
17 Dec 2024,17 Dec 2024,519380,INET Inter Bank Fund Transfer Charges,12875.83,17316.28,108624.83
21 Nov 2024,21 Nov 2024,,Raast IBFT to OMAR ZAMAN,10421.44,14773.61,56919.97
05 Nov 2024,05 Nov 2024,,Raast IBFT to OMAR ZAMAN,9438.28,24249.37,103649.13
24 Jan 2025,24 Jan 2025,901062,INET Inter Bank Fund Transfer Charges,24087.88,2151.05,322474.49
24 Dec 2024,24 Dec 2024,,Raast IBFT to IQRA PARVEEN,15572.2,17914.34,453704.54
10 Nov 2024,10 Nov 2024,554278,Raast IBFT to OMAR ZAMAN,16045.67,10979.42,235978.18
12 Nov 2024,12 Nov 2024,,Mobile App MARYAM BEGUM,23836.25,12483.27,393761.88
05 Jan 2025,05 Jan 2025,526583,Raast IBFT to OMAR ZAMAN,19619.71,8913.96,237858.9
08 Dec 2024,08 Dec 2024,,Raast IBFT to OMAR ZAMAN,7798.15,718.73,392031.26
18 Nov 2024,18 Nov 2024,976455,INET Inter Bank Fund Transfer Charges,1731.28,13618.43,99726.15
03 Dec 2024,03 Dec 2024,,Raast IBFT to IQRA PARVEEN,24402.86,22660.68,272343.63
03 Jan 2025,03 Jan 2025,553166,INET Inter Bank Fund Transfer Charges,3683.0,20044.03,78667.59
02 Dec 2024,02 Dec 2024,,INET Inter Bank Fund Transfer Charges,20366.31,4416.66,357022.56
12 Jan 2025,12 Jan 2025,188937,Raast IBFT to IQRA PARVEEN,12052.94,16903.65,252245.79
01 Nov 2024,01 Nov 2024,,Mobile App MARYAM BEGUM,14706.92,12799.72,420258.58
13 Nov 2024,13 Nov 2024,796197,Raast IBFT to IQRA PARVEEN,7946.42,11650.64,178357.27
04 Jan 2025,04 Jan 2025,,Raast IBFT to OMAR ZAMAN,20551.53,16728.41,419384.16
09 Nov 2024,09 Nov 2024,,Raast IBFT to OMAR ZAMAN,2654.29,7388.93,105714.33
13 Nov 2024,13 Nov 2024,,Raast IBFT to OMAR ZAMAN,5470.11,15740.09,450178.97
08 Feb 2025,08 Feb 2025,,INET Inter Bank Fund Transfer Charges,12488.33,1822.83,145732.14
11 Nov 2024,11 Nov 2024,888312,Raast IBFT to OMAR ZAMAN,15992.11,8129.05,483935.66
26 Dec 2024,26 Dec 2024,408759,Mobile App MARYAM BEGUM,6513.89,18643.04,178929.68
29 Dec 2024,29 Dec 2024,,INET Inter Bank Fund Transfer Charges,21889.73,12620.03,329582.94
26 Dec 2024,26 Dec 2024,,INET Inter Bank Fund Transfer Charges,5995.4,8264.68,91917.21
11 Nov 2024,11 Nov 2024,,Raast IBFT to OMAR ZAMAN,13555.01,2746.74,31050.17
11 Dec 2024,11 Dec 2024,692844,Mobile App MARYAM BEGUM,2254.22,13292.94,95840.03
19 Jan 2025,19 Jan 2025,,Raast IBFT to OMAR ZAMAN,12624.98,2301.48,413660.3
26 Dec 2024,26 Dec 2024,,Raast IBFT to OMAR ZAMAN,4366.76,23795.82,308143.93
05 Nov 2024,05 Nov 2024,,Mobile App MARYAM BEGUM,13307.02,9729.07,273719.25
09 Feb 2025,09 Feb 2025,905765,Raast IBFT to OMAR ZAMAN,16128.93,5514.39,344724.8
09 Nov 2024,09 Nov 2024,736298,Mobile App MARYAM BEGUM,15805.02,22725.25,478660.9
11 Nov 2024,11 Nov 2024,455950,Mobile App MARYAM BEGUM,2572.11,5168.45,147266.64
04 Jan 2025,04 Jan 2025,,Raast IBFT to OMAR ZAMAN,6679.04,14943.62,466138.12
24 Dec 2024,24 Dec 2024,,Mobile App MARYAM BEGUM,22949.21,3783.7,295862.05
06 Nov 2024,06 Nov 2024,,Raast IBFT to OMAR ZAMAN,20930.21,12111.38,296706.07
06 Jan 2025,06 Jan 2025,,Mobile App MARYAM BEGUM,2811.93,18380.81,414138.39
13 Jan 2025,13 Jan 2025,129745,Mobile App MARYAM BEGUM,19158.85,10794.94,427695.93
28 Jan 2025,28 Jan 2025,658722,Raast IBFT to OMAR ZAMAN,21017.11,9236.14,391685.78
08 Dec 2024,08 Dec 2024,,INET Inter Bank Fund Transfer Charges,1963.81,12349.74,418441.18
14 Jan 2025,14 Jan 2025,,Raast IBFT to IQRA PARVEEN,13388.17,19566.7,20306.01
17 Dec 2024,17 Dec 2024,,INET Inter Bank Fund Transfer Charges,6000.66,13729.77,177130.48
05 Jan 2025,05 Jan 2025,839322,INET Inter Bank Fund Transfer Charges,21365.82,21544.1,346872.95
10 Jan 2025,10 Jan 2025,230033,Mobile App MARYAM BEGUM,6839.79,21095.23,416695.59
15 Jan 2025,15 Jan 2025,,Raast IBFT to OMAR ZAMAN,12683.12,14198.36,199352.08
30 Nov 2024,30 Nov 2024,092703,Raast IBFT to OMAR ZAMAN,3038.62,23201.3,125998.01
20 Jan 2025,20 Jan 2025,608437,INET Inter Bank Fund Transfer Charges,1566.27,19032.09,293848.42
21 Dec 2024,21 Dec 2024,,Raast IBFT to IQRA PARVEEN,7156.24,10152.28,63088.76
08 Jan 2025,08 Jan 2025,,INET Inter Bank Fund Transfer Charges,23724.05,17611.75,247700.33
15 Nov 2024,15 Nov 2024,001874,INET Inter Bank Fund Transfer Charges,19889.57,4663.09,53501.47
25 Dec 2024,25 Dec 2024,,Raast IBFT to OMAR ZAMAN,14478.29,8964.54,275242.04
09 Nov 2024,09 Nov 2024,,INET Inter Bank Fund Transfer Charges,2658.49,9822.95,210030.15
07 Nov 2024,07 Nov 2024,,Raast IBFT to OMAR ZAMAN,7517.83,20333.39,309749.62
30 Jan 2025,30 Jan 2025,504300,Mobile App MARYAM BEGUM,11886.23,19568.48,26774.38
25 Nov 2024,25 Nov 2024,011546,Raast IBFT to IQRA PARVEEN,24948.23,2205.48,175976.25
30 Dec 2024,30 Dec 2024,,Raast IBFT to IQRA PARVEEN,20214.16,13680.23,484068.04
09 Nov 2024,09 Nov 2024,479821,Raast IBFT to OMAR ZAMAN,5488.46,373.61,434058.12
07 Feb 2025,07 Feb 2025,,Mobile App MARYAM BEGUM,19192.94,13140.56,129865.93
26 Dec 2024,26 Dec 2024,,INET Inter Bank Fund Transfer Charges,3468.76,7318.36,364391.4
29 Dec 2024,29 Dec 2024,,Raast IBFT to IQRA PARVEEN,17870.31,5691.24,405987.31
23 Nov 2024,23 Nov 2024,,INET Inter Bank Fund Transfer Charges,1733.03,15956.33,472869.78
28 Jan 2025,28 Jan 2025,,Raast IBFT to OMAR ZAMAN,19705.18,15846.8,468526.92
24 Dec 2024,24 Dec 2024,,Raast IBFT to IQRA PARVEEN,15396.7,16295.11,67895.68
28 Dec 2024,28 Dec 2024,,Raast IBFT to OMAR ZAMAN,23073.39,21989.53,126359.11
04 Feb 2025,04 Feb 2025,,Raast IBFT to OMAR ZAMAN,15316.35,16709.44,494766.31
22 Dec 2024,22 Dec 2024,,Raast IBFT to IQRA PARVEEN,1358.35,15035.0,454578.83
10 Nov 2024,10 Nov 2024,,Raast IBFT to IQRA PARVEEN,9649.08,19013.96,235532.19
12 Jan 2025,12 Jan 2025,346821,INET Inter Bank Fund Transfer Charges,1012.51,18691.47,327268.15
27 Dec 2024,27 Dec 2024,,Raast IBFT to IQRA PARVEEN,3982.61,4881.18,17972.45
14 Jan 2025,14 Jan 2025,,Mobile App MARYAM BEGUM,14840.96,23158.23,26169.35
09 Jan 2025,09 Jan 2025,601034,Raast IBFT to OMAR ZAMAN,22981.72,24995.0,82638.66
02 Dec 2024,02 Dec 2024,189716,Mobile App MARYAM BEGUM,2694.54,23685.15,183741.7
08 Jan 2025,08 Jan 2025,688650,INET Inter Bank Fund Transfer Charges,14992.1,6710.97,276191.64
26 Jan 2025,26 Jan 2025,,INET Inter Bank Fund Transfer Charges,9017.85,8666.11,94830.87
08 Feb 2025,08 Feb 2025,,Mobile App MARYAM BEGUM,15231.4,19461.29,489443.21
14 Nov 2024,14 Nov 2024,405635,Raast IBFT to IQRA PARVEEN,8399.87,21504.36,320589.08
07 Nov 2024,07 Nov 2024,,INET Inter Bank Fund Transfer Charges,12599.9,13840.56,161763.12
04 Jan 2025,04 Jan 2025,,Mobile App MARYAM BEGUM,17100.4,17245.56,126914.72
16 Jan 2025,16 Jan 2025,856320,Raast IBFT to OMAR ZAMAN,23902.54,10456.61,266127.13
10 Nov 2024,10 Nov 2024,076174,Mobile App MARYAM BEGUM,10004.0,3204.78,216202.18
27 Dec 2024,27 Dec 2024,296155,Raast IBFT to OMAR ZAMAN,24906.33,3986.87,373204.39
09 Dec 2024,09 Dec 2024,,INET Inter Bank Fund Transfer Charges,18409.18,18730.59,494821.82
06 Feb 2025,06 Feb 2025,948119,Raast IBFT to IQRA PARVEEN,2175.02,14831.5,91367.96
17 Dec 2024,17 Dec 2024,,Raast IBFT to OMAR ZAMAN,6892.82,7991.94,271132.59
22 Dec 2024,22 Dec 2024,317861,Mobile App MARYAM BEGUM,7621.41,4447.14,459720.37
11 Nov 2024,11 Nov 2024,231215,Raast IBFT to IQRA PARVEEN,21341.78,8673.74,372696.02
15 Nov 2024,15 Nov 2024,662912,INET Inter Bank Fund Transfer Charges,14304.57,12056.01,175670.81
21 Jan 2025,21 Jan 2025,320645,Raast IBFT to IQRA PARVEEN,24133.43,4155.68,205966.48
02 Feb 2025,02 Feb 2025,403895,Raast IBFT to OMAR ZAMAN,4667.61,19722.57,66304.4
21 Jan 2025,21 Jan 2025,691340,Raast IBFT to OMAR ZAMAN,13354.76,23686.18,309804.88
22 Dec 2024,22 Dec 2024,697035,Raast IBFT to IQRA PARVEEN,23796.85,20635.05,237665.34
18 Jan 2025,18 Jan 2025,459751,INET Inter Bank Fund Transfer Charges,9298.05,17831.91,43626.27
09 Dec 2024,09 Dec 2024,499363,Mobile App MARYAM BEGUM,9850.6,12145.58,125610.33
09 Jan 2025,09 Jan 2025,280099,Mobile App MARYAM BEGUM,3477.21,18736.27,264032.52
19 Nov 2024,19 Nov 2024,,Raast IBFT to IQRA PARVEEN,6867.57,22314.74,143346.69
28 Dec 2024,28 Dec 2024,,Raast IBFT to OMAR ZAMAN,12773.13,11310.7,431124.05
05 Feb 2025,05 Feb 2025,163454,Raast IBFT to OMAR ZAMAN,2526.21,18295.63,206149.51
17 Jan 2025,17 Jan 2025,626760,Raast IBFT to IQRA PARVEEN,10910.7,10373.38,480403.73
09 Jan 2025,09 Jan 2025,,Mobile App MARYAM BEGUM,11913.52,1676.23,466682.17
15 Dec 2024,15 Dec 2024,,INET Inter Bank Fund Transfer Charges,14566.3,11475.04,161771.23
07 Feb 2025,07 Feb 2025,,Raast IBFT to OMAR ZAMAN,7103.45,17262.53,266173.51
18 Nov 2024,18 Nov 2024,,Raast IBFT to OMAR ZAMAN,9652.5,22730.45,284889.23
01 Nov 2024,01 Nov 2024,329494,Raast IBFT to IQRA PARVEEN,16455.56,10124.67,215201.46
09 Jan 2025,09 Jan 2025,312122,Raast IBFT to OMAR ZAMAN,18870.99,21234.62,78496.2
04 Dec 2024,04 Dec 2024,,Raast IBFT to IQRA PARVEEN,22751.45,9244.62,144274.88
28 Jan 2025,28 Jan 2025,,INET Inter Bank Fund Transfer Charges,19190.85,16855.06,251821.73
16 Jan 2025,16 Jan 2025,,Raast IBFT to OMAR ZAMAN,2976.21,15688.14,45740.7
22 Dec 2024,22 Dec 2024,,INET Inter Bank Fund Transfer Charges,3966.14,4665.88,345222.92
18 Dec 2024,18 Dec 2024,,INET Inter Bank Fund Transfer Charges,6001.96,16948.62,461944.19
29 Jan 2025,29 Jan 2025,258231,Mobile App MARYAM BEGUM,2717.43,5713.94,183931.42
19 Nov 2024,19 Nov 2024,371779,Mobile App MARYAM BEGUM,13461.0,17379.16,344285.5
19 Jan 2025,19 Jan 2025,476456,INET Inter Bank Fund Transfer Charges,10575.47,12705.63,499443.74
30 Jan 2025,30 Jan 2025,879701,INET Inter Bank Fund Transfer Charges,13896.54,7940.11,294593.28
17 Nov 2024,17 Nov 2024,,Mobile App MARYAM BEGUM,6415.13,7713.35,235373.57
19 Dec 2024,19 Dec 2024,,INET Inter Bank Fund Transfer Charges,14376.83,10627.66,61795.9
15 Jan 2025,15 Jan 2025,,INET Inter Bank Fund Transfer Charges,5760.41,15134.02,60954.31
21 Nov 2024,21 Nov 2024,,Mobile App MARYAM BEGUM,11600.28,7812.35,289618.0
25 Dec 2024,25 Dec 2024,,Raast IBFT to IQRA PARVEEN,4022.41,15848.17,91926.68
21 Nov 2024,21 Nov 2024,770643,Raast IBFT to IQRA PARVEEN,20131.52,9510.88,77590.06
23 Dec 2024,23 Dec 2024,,Mobile App MARYAM BEGUM,7205.25,9805.75,184491.65
14 Jan 2025,14 Jan 2025,297203,Raast IBFT to IQRA PARVEEN,2224.86,16896.93,102042.26
16 Dec 2024,16 Dec 2024,952365,Mobile App MARYAM BEGUM,14870.47,7608.1,307403.46
04 Dec 2024,04 Dec 2024,,Raast IBFT to IQRA PARVEEN,10866.26,23607.82,237899.03
25 Jan 2025,25 Jan 2025,,Raast IBFT to OMAR ZAMAN,9273.4,12652.6,341390.29
08 Nov 2024,08 Nov 2024,185926,Raast IBFT to OMAR ZAMAN,23007.25,17594.53,478670.95
15 Nov 2024,15 Nov 2024,110443,Mobile App MARYAM BEGUM,5742.79,12568.75,242731.15
21 Jan 2025,21 Jan 2025,,Raast IBFT to OMAR ZAMAN,19656.18,21403.32,114153.26
22 Dec 2024,22 Dec 2024,229331,Raast IBFT to OMAR ZAMAN,20273.33,3233.6,240322.66
27 Nov 2024,27 Nov 2024,652661,Raast IBFT to IQRA PARVEEN,21832.7,798.5,327767.68
08 Jan 2025,08 Jan 2025,526111,Raast IBFT to OMAR ZAMAN,18734.96,20663.36,415193.24
29 Nov 2024,29 Nov 2024,,Mobile App MARYAM BEGUM,19297.04,11820.69,342258.87
22 Nov 2024,22 Nov 2024,,Mobile App MARYAM BEGUM,19811.58,12470.41,279019.86
26 Jan 2025,26 Jan 2025,,Mobile App MARYAM BEGUM,8761.19,6677.66,263999.86
22 Dec 2024,22 Dec 2024,,Mobile App MARYAM BEGUM,18384.65,14019.87,196422.25
26 Jan 2025,26 Jan 2025,079433,Mobile App MARYAM BEGUM,19251.21,10779.37,102659.6
08 Jan 2025,08 Jan 2025,,INET Inter Bank Fund Transfer Charges,19644.34,21878.74,339797.16
24 Dec 2024,24 Dec 2024,398376,Raast IBFT to IQRA PARVEEN,6360.98,5741.38,168911.27
31 Dec 2024,31 Dec 2024,481746,Mobile App MARYAM BEGUM,11906.74,20698.29,478599.32
18 Dec 2024,18 Dec 2024,981033,Raast IBFT to OMAR ZAMAN,8434.28,3009.11,108183.02
23 Nov 2024,23 Nov 2024,,INET Inter Bank Fund Transfer Charges,11152.21,11893.29,326994.21
03 Dec 2024,03 Dec 2024,568011,Raast IBFT to OMAR ZAMAN,23572.45,3938.98,84548.24
16 Nov 2024,16 Nov 2024,152261,Raast IBFT to IQRA PARVEEN,24808.68,11355.9,448391.21
10 Dec 2024,10 Dec 2024,,Raast IBFT to IQRA PARVEEN,6000.99,5352.86,259989.38
16 Jan 2025,16 Jan 2025,545098,Raast IBFT to IQRA PARVEEN,8799.61,18863.6,286722.32
09 Dec 2024,09 Dec 2024,740870,Raast IBFT to OMAR ZAMAN,14296.96,21816.47,406009.08
02 Dec 2024,02 Dec 2024,939498,Raast IBFT to IQRA PARVEEN,24193.19,6998.1,363758.85
01 Dec 2024,01 Dec 2024,366391,Raast IBFT to OMAR ZAMAN,6037.43,8251.39,42038.69
10 Jan 2025,10 Jan 2025,,Raast IBFT to OMAR ZAMAN,10465.27,16321.92,163525.82
22 Nov 2024,22 Nov 2024,512409,Raast IBFT to OMAR ZAMAN,13103.51,22183.07,314168.66
11 Jan 2025,11 Jan 2025,,Raast IBFT to IQRA PARVEEN,5799.93,1465.09,335083.89
06 Jan 2025,06 Jan 2025,026110,Mobile App MARYAM BEGUM,4414.85,9059.49,48080.93
10 Jan 2025,10 Jan 2025,888941,Mobile App MARYAM BEGUM,12054.32,5783.79,242856.52
07 Jan 2025,07 Jan 2025,,INET Inter Bank Fund Transfer Charges,23602.31,7208.35,300192.45
04 Dec 2024,04 Dec 2024,,Raast IBFT to OMAR ZAMAN,4856.64,14920.02,137748.01
08 Nov 2024,08 Nov 2024,046570,Raast IBFT to OMAR ZAMAN,17960.82,17390.48,208484.9
09 Nov 2024,09 Nov 2024,,Raast IBFT to OMAR ZAMAN,2882.62,8049.77,62374.7
27 Dec 2024,27 Dec 2024,,Mobile App MARYAM BEGUM,13254.96,23165.44,351936.85
06 Dec 2024,06 Dec 2024,909788,Mobile App MARYAM BEGUM,20367.3,7221.04,380630.83
24 Nov 2024,24 Nov 2024,566572,Mobile App MARYAM BEGUM,17322.51,17050.92,257247.09
25 Dec 2024,25 Dec 2024,,Raast IBFT to OMAR ZAMAN,5198.55,5722.68,377127.42
07 Dec 2024,07 Dec 2024,701477,Raast IBFT to OMAR ZAMAN,23225.83,7505.11,132222.06
27 Nov 2024,27 Nov 2024,,Raast IBFT to IQRA PARVEEN,7430.34,4758.06,337549.89
07 Nov 2024,07 Nov 2024,890462,INET Inter Bank Fund Transfer Charges,1850.61,22362.37,430794.61
27 Jan 2025,27 Jan 2025,349204,Raast IBFT to OMAR ZAMAN,8421.98,17022.46,91812.27
13 Jan 2025,13 Jan 2025,664789,Mobile App MARYAM BEGUM,23898.3,20771.34,396199.0
09 Jan 2025,09 Jan 2025,699957,Mobile App MARYAM BEGUM,8270.14,6356.88,343099.71
03 Dec 2024,03 Dec 2024,807412,Raast IBFT to OMAR ZAMAN,19407.53,17470.38,427427.19
16 Dec 2024,16 Dec 2024,721763,INET Inter Bank Fund Transfer Charges,23545.4,13774.95,319759.36
23 Nov 2024,23 Nov 2024,,Mobile App MARYAM BEGUM,1983.89,14670.82,134906.41
04 Nov 2024,04 Nov 2024,306791,Raast IBFT to OMAR ZAMAN,18702.51,8377.21,321854.24
05 Nov 2024,05 Nov 2024,335527,INET Inter Bank Fund Transfer Charges,18258.02,15889.21,488813.74
28 Dec 2024,28 Dec 2024,400468,Mobile App MARYAM BEGUM,21283.38,17739.89,388238.88
02 Nov 2024,02 Nov 2024,009230,Raast IBFT to IQRA PARVEEN,4778.46,23589.82,18736.57
09 Nov 2024,09 Nov 2024,489212,Mobile App MARYAM BEGUM,8884.0,15100.29,489641.58
01 Feb 2025,01 Feb 2025,,Raast IBFT to IQRA PARVEEN,21838.49,22017.86,355263.14
22 Nov 2024,22 Nov 2024,435005,INET Inter Bank Fund Transfer Charges,12238.89,12786.04,76249.93
27 Dec 2024,27 Dec 2024,,Raast IBFT to OMAR ZAMAN,17544.29,18449.67,401365.35
13 Nov 2024,13 Nov 2024,,Mobile App MARYAM BEGUM,10780.73,7827.44,373542.31
14 Dec 2024,14 Dec 2024,,Raast IBFT to IQRA PARVEEN,20381.7,5110.89,462245.08
26 Nov 2024,26 Nov 2024,788542,Raast IBFT to IQRA PARVEEN,13996.03,3522.06,174602.95
19 Jan 2025,19 Jan 2025,275665,Raast IBFT to OMAR ZAMAN,11386.6,13780.62,117816.95
20 Jan 2025,20 Jan 2025,,Mobile App MARYAM BEGUM,11603.34,17809.17,435142.08
29 Nov 2024,29 Nov 2024,,Raast IBFT to IQRA PARVEEN,20087.02,6299.89,187392.46
03 Nov 2024,03 Nov 2024,430850,Mobile App MARYAM BEGUM,21582.4,13704.76,257748.03
18 Dec 2024,18 Dec 2024,172937,Mobile App MARYAM BEGUM,11930.81,9688.05,463975.0
30 Nov 2024,30 Nov 2024,170736,Raast IBFT to IQRA PARVEEN,16322.43,6604.78,188515.63
07 Nov 2024,07 Nov 2024,584571,Mobile App MARYAM BEGUM,18152.81,1235.18,394946.07
30 Nov 2024,30 Nov 2024,,Raast IBFT to OMAR ZAMAN,15674.36,12407.7,184001.19
16 Jan 2025,16 Jan 2025,,Mobile App MARYAM BEGUM,19027.86,9240.91,374881.0
13 Nov 2024,13 Nov 2024,,INET Inter Bank Fund Transfer Charges,4462.27,6812.29,384387.19
12 Dec 2024,12 Dec 2024,,Raast IBFT to IQRA PARVEEN,8610.57,10712.17,233846.46
27 Nov 2024,27 Nov 2024,622670,INET Inter Bank Fund Transfer Charges,15799.68,12773.69,334602.94
08 Feb 2025,08 Feb 2025,,INET Inter Bank Fund Transfer Charges,6766.38,8380.01,115938.68
26 Dec 2024,26 Dec 2024,,Mobile App MARYAM BEGUM,20214.32,22600.55,104465.62
20 Dec 2024,20 Dec 2024,,Raast IBFT to OMAR ZAMAN,10269.46,8887.91,259982.14
02 Jan 2025,02 Jan 2025,,Raast IBFT to IQRA PARVEEN,16034.11,16387.96,137940.07
20 Nov 2024,20 Nov 2024,890512,Raast IBFT to OMAR ZAMAN,24607.79,11718.09,301410.46
19 Jan 2025,19 Jan 2025,042547,Raast IBFT to OMAR ZAMAN,6246.54,24646.13,381511.81
03 Jan 2025,03 Jan 2025,,Mobile App MARYAM BEGUM,7102.08,16907.49,333754.08
08 Jan 2025,08 Jan 2025,337424,INET Inter Bank Fund Transfer Charges,24363.4,8490.02,180727.22
09 Feb 2025,09 Feb 2025,,Raast IBFT to OMAR ZAMAN,17148.12,1570.51,451540.02
01 Jan 2025,01 Jan 2025,,Mobile App MARYAM BEGUM,18710.24,12003.51,145844.23
29 Jan 2025,29 Jan 2025,186332,Raast IBFT to OMAR ZAMAN,17737.66,24059.81,219009.8
16 Dec 2024,16 Dec 2024,,INET Inter Bank Fund Transfer Charges,7829.61,5080.83,63213.67
16 Nov 2024,16 Nov 2024,,Mobile App MARYAM BEGUM,24713.54,1860.14,326845.41
14 Jan 2025,14 Jan 2025,722108,Raast IBFT to OMAR ZAMAN,22754.26,22875.64,476478.74
23 Jan 2025,23 Jan 2025,,INET Inter Bank Fund Transfer Charges,13647.12,18401.96,35058.43
29 Jan 2025,29 Jan 2025,259296,Raast IBFT to IQRA PARVEEN,20680.56,11028.66,498020.51
12 Nov 2024,12 Nov 2024,,Raast IBFT to IQRA PARVEEN,24077.27,17290.89,305221.81
08 Jan 2025,08 Jan 2025,,INET Inter Bank Fund Transfer Charges,16506.67,12056.35,303635.01
28 Jan 2025,28 Jan 2025,,Raast IBFT to IQRA PARVEEN,14145.62,10771.47,13982.12
15 Jan 2025,15 Jan 2025,766696,Mobile App MARYAM BEGUM,1163.8,15155.93,59353.58
21 Dec 2024,21 Dec 2024,001295,INET Inter Bank Fund Transfer Charges,2569.78,21784.44,169414.33
24 Nov 2024,24 Nov 2024,783841,Raast IBFT to OMAR ZAMAN,14653.29,8306.03,443268.4
30 Jan 2025,30 Jan 2025,748721,INET Inter Bank Fund Transfer Charges,19595.12,23600.82,66559.2
12 Nov 2024,12 Nov 2024,,Raast IBFT to OMAR ZAMAN,21554.09,8700.24,59996.45
28 Nov 2024,28 Nov 2024,845009,Raast IBFT to OMAR ZAMAN,9735.09,22778.25,113080.64
30 Nov 2024,30 Nov 2024,305867,Raast IBFT to IQRA PARVEEN,22350.47,12382.16,113898.94
08 Feb 2025,08 Feb 2025,,INET Inter Bank Fund Transfer Charges,16478.82,4995.72,164242.91
01 Jan 2025,01 Jan 2025,846282,Mobile App MARYAM BEGUM,18841.36,197.3,154743.0
03 Dec 2024,03 Dec 2024,,INET Inter Bank Fund Transfer Charges,1311.8,214.37,249382.03
03 Nov 2024,03 Nov 2024,933840,Raast IBFT to OMAR ZAMAN,22751.4,7503.72,65483.44
06 Nov 2024,06 Nov 2024,,Raast IBFT to IQRA PARVEEN,24068.84,19401.2,397677.49
30 Dec 2024,30 Dec 2024,388638,Raast IBFT to OMAR ZAMAN,8468.62,9331.25,475785.47
13 Nov 2024,13 Nov 2024,,INET Inter Bank Fund Transfer Charges,7658.58,6014.88,329169.38
19 Jan 2025,19 Jan 2025,,Raast IBFT to OMAR ZAMAN,8079.91,21955.9,121666.67
02 Nov 2024,02 Nov 2024,221201,Mobile App MARYAM BEGUM,8980.64,19553.3,294450.52
24 Dec 2024,24 Dec 2024,300355,Raast IBFT to IQRA PARVEEN,3343.83,5608.25,191600.06
28 Nov 2024,28 Nov 2024,,Raast IBFT to IQRA PARVEEN,1856.49,5746.49,86007.86
06 Nov 2024,06 Nov 2024,833890,Mobile App MARYAM BEGUM,3004.51,15459.23,339582.27
23 Dec 2024,23 Dec 2024,680982,Mobile App MARYAM BEGUM,23804.77,17843.55,103947.48
27 Nov 2024,27 Nov 2024,,Raast IBFT to OMAR ZAMAN,22647.7,19368.49,323467.19
14 Dec 2024,14 Dec 2024,814600,Raast IBFT to OMAR ZAMAN,14163.09,8819.86,149503.19
30 Dec 2024,30 Dec 2024,,Raast IBFT to OMAR ZAMAN,13903.37,15640.99,181487.78
09 Dec 2024,09 Dec 2024,825330,Raast IBFT to IQRA PARVEEN,23816.07,17313.48,28146.94
04 Dec 2024,04 Dec 2024,495894,Raast IBFT to OMAR ZAMAN,10377.73,2137.14,213589.16
04 Jan 2025,04 Jan 2025,,Mobile App MARYAM BEGUM,9322.59,7346.36,358291.44
02 Nov 2024,02 Nov 2024,,INET Inter Bank Fund Transfer Charges,19282.83,24160.64,445050.25
31 Jan 2025,31 Jan 2025,,INET Inter Bank Fund Transfer Charges,8666.89,9470.48,441419.75
05 Nov 2024,05 Nov 2024,,Raast IBFT to IQRA PARVEEN,2526.77,16897.7,279397.21
04 Feb 2025,04 Feb 2025,,Mobile App MARYAM BEGUM,21354.03,2874.07,472536.77
01 Feb 2025,01 Feb 2025,,INET Inter Bank Fund Transfer Charges,15807.74,7244.84,488708.17
18 Nov 2024,18 Nov 2024,,Mobile App MARYAM BEGUM,1693.84,8101.45,483733.88
08 Jan 2025,08 Jan 2025,,Raast IBFT to OMAR ZAMAN,4322.09,23770.75,443773.02
07 Jan 2025,07 Jan 2025,,INET Inter Bank Fund Transfer Charges,2299.48,8042.12,148994.37
14 Nov 2024,14 Nov 2024,,INET Inter Bank Fund Transfer Charges,9718.97,3649.44,490238.2
21 Dec 2024,21 Dec 2024,245156,Mobile App MARYAM BEGUM,10961.28,17443.9,131134.44
25 Dec 2024,25 Dec 2024,,Mobile App MARYAM BEGUM,13265.81,12396.21,201510.41
02 Feb 2025,02 Feb 2025,,Mobile App MARYAM BEGUM,7578.97,15541.65,342069.95
15 Dec 2024,15 Dec 2024,,Raast IBFT to OMAR ZAMAN,16253.29,1874.72,414728.59
10 Jan 2025,10 Jan 2025,,Raast IBFT to OMAR ZAMAN,21253.32,9910.03,347145.71
03 Jan 2025,03 Jan 2025,,Raast IBFT to IQRA PARVEEN,10594.91,395.73,424422.72
05 Dec 2024,05 Dec 2024,592599,INET Inter Bank Fund Transfer Charges,24664.52,4363.96,235608.98
23 Dec 2024,23 Dec 2024,441829,Raast IBFT to IQRA PARVEEN,3885.55,24674.31,226182.84
02 Feb 2025,02 Feb 2025,,Raast IBFT to IQRA PARVEEN,12093.86,16467.28,367129.56
30 Dec 2024,30 Dec 2024,,Raast IBFT to OMAR ZAMAN,2163.76,10670.47,301577.96
19 Nov 2024,19 Nov 2024,612229,Raast IBFT to OMAR ZAMAN,18274.61,21738.19,41914.68
20 Nov 2024,20 Nov 2024,,Raast IBFT to OMAR ZAMAN,1298.74,13061.7,191573.45
27 Dec 2024,27 Dec 2024,495008,Mobile App MARYAM BEGUM,4763.49,4435.18,117684.16
04 Nov 2024,04 Nov 2024,,Raast IBFT to IQRA PARVEEN,3724.89,6145.36,182013.62
19 Dec 2024,19 Dec 2024,,Mobile App MARYAM BEGUM,11911.24,15971.34,17927.44
13 Dec 2024,13 Dec 2024,,INET Inter Bank Fund Transfer Charges,21026.32,19963.0,366901.77
29 Dec 2024,29 Dec 2024,000886,Raast IBFT to IQRA PARVEEN,20856.71,11898.13,356266.39
23 Jan 2025,23 Jan 2025,,INET Inter Bank Fund Transfer Charges,16377.0,23916.97,311372.45
19 Nov 2024,19 Nov 2024,922023,Raast IBFT to IQRA PARVEEN,13858.12,16929.49,323540.0
08 Dec 2024,08 Dec 2024,,INET Inter Bank Fund Transfer Charges,14082.1,6420.04,285762.7
17 Nov 2024,17 Nov 2024,,INET Inter Bank Fund Transfer Charges,3471.16,15229.26,364836.06
30 Jan 2025,30 Jan 2025,,INET Inter Bank Fund Transfer Charges,21586.22,7945.32,429400.61
21 Dec 2024,21 Dec 2024,,INET Inter Bank Fund Transfer Charges,17262.9,15813.79,470752.45
13 Nov 2024,13 Nov 2024,059915,Raast IBFT to IQRA PARVEEN,16043.0,16256.97,35630.2
27 Dec 2024,27 Dec 2024,472825,Raast IBFT to IQRA PARVEEN,7795.57,8578.41,22381.31
29 Jan 2025,29 Jan 2025,,INET Inter Bank Fund Transfer Charges,17954.64,10340.96,331081.24
03 Feb 2025,03 Feb 2025,,INET Inter Bank Fund Transfer Charges,24288.53,14400.17,49210.49
28 Dec 2024,28 Dec 2024,765025,Raast IBFT to IQRA PARVEEN,20796.95,22249.82,118732.35
07 Nov 2024,07 Nov 2024,,Raast IBFT to IQRA PARVEEN,7490.29,1450.12,462979.95
03 Jan 2025,03 Jan 2025,,Raast IBFT to IQRA PARVEEN,16106.81,17563.85,425604.26
25 Dec 2024,25 Dec 2024,,Raast IBFT to IQRA PARVEEN,15453.52,4400.88,365964.22
22 Dec 2024,22 Dec 2024,616826,Mobile App MARYAM BEGUM,7646.5,16483.44,79846.19
27 Nov 2024,27 Nov 2024,902239,Raast IBFT to IQRA PARVEEN,17709.52,16930.94,388083.15
01 Jan 2025,01 Jan 2025,645593,INET Inter Bank Fund Transfer Charges,10689.31,1694.64,391983.16
08 Dec 2024,08 Dec 2024,,Mobile App MARYAM BEGUM,15991.1,14561.57,131001.65
12 Dec 2024,12 Dec 2024,,INET Inter Bank Fund Transfer Charges,22078.05,8501.49,476174.81
29 Nov 2024,29 Nov 2024,474076,Raast IBFT to OMAR ZAMAN,22983.89,21553.89,56080.46
05 Nov 2024,05 Nov 2024,306372,INET Inter Bank Fund Transfer Charges,24392.69,5994.76,209804.72
26 Dec 2024,26 Dec 2024,,Raast IBFT to IQRA PARVEEN,13313.56,10036.1,83680.79
17 Nov 2024,17 Nov 2024,,INET Inter Bank Fund Transfer Charges,10142.12,2202.76,253730.96
24 Jan 2025,24 Jan 2025,123540,Raast IBFT to IQRA PARVEEN,4747.05,16703.16,241080.73
30 Dec 2024,30 Dec 2024,,INET Inter Bank Fund Transfer Charges,3000.24,14997.91,213606.39
14 Dec 2024,14 Dec 2024,,Raast IBFT to IQRA PARVEEN,19566.25,423.46,101868.38
17 Jan 2025,17 Jan 2025,,Raast IBFT to IQRA PARVEEN,9570.69,9856.49,249002.29
05 Nov 2024,05 Nov 2024,135615,Raast IBFT to OMAR ZAMAN,8009.58,2732.46,225105.16
10 Nov 2024,10 Nov 2024,,Mobile App MARYAM BEGUM,22443.93,12601.96,249221.76
14 Jan 2025,14 Jan 2025,810484,INET Inter Bank Fund Transfer Charges,13518.23,4337.17,334529.33
14 Jan 2025,14 Jan 2025,549118,INET Inter Bank Fund Transfer Charges,11966.31,5133.95,344617.79
17 Nov 2024,17 Nov 2024,,INET Inter Bank Fund Transfer Charges,8174.62,9091.41,201683.53
19 Jan 2025,19 Jan 2025,,Raast IBFT to IQRA PARVEEN,16097.96,16166.93,154697.18
15 Jan 2025,15 Jan 2025,,INET Inter Bank Fund Transfer Charges,5542.07,21067.64,477726.96
28 Dec 2024,28 Dec 2024,,Raast IBFT to IQRA PARVEEN,16997.97,15809.24,19125.31
24 Jan 2025,24 Jan 2025,,Mobile App MARYAM BEGUM,18230.04,22560.44,234105.57
28 Dec 2024,28 Dec 2024,095078,Raast IBFT to IQRA PARVEEN,6457.62,9768.24,26131.68
03 Jan 2025,03 Jan 2025,,Mobile App MARYAM BEGUM,19712.9,23507.82,245314.67
16 Jan 2025,16 Jan 2025,909172,Raast IBFT to OMAR ZAMAN,9624.68,20337.18,58059.11
25 Nov 2024,25 Nov 2024,474268,INET Inter Bank Fund Transfer Charges,16528.59,3463.81,89219.05
08 Nov 2024,08 Nov 2024,729558,Raast IBFT to OMAR ZAMAN,24565.88,15192.48,335254.99
23 Dec 2024,23 Dec 2024,690978,INET Inter Bank Fund Transfer Charges,24872.96,11953.67,207305.23
08 Jan 2025,08 Jan 2025,206322,Raast IBFT to IQRA PARVEEN,17493.66,7582.77,39386.01
01 Feb 2025,01 Feb 2025,,Mobile App MARYAM BEGUM,22888.01,20119.37,251293.59
27 Jan 2025,27 Jan 2025,,Raast IBFT to OMAR ZAMAN,20472.0,14413.05,316613.81
01 Dec 2024,01 Dec 2024,,Raast IBFT to IQRA PARVEEN,10082.54,9857.7,328029.37
29 Dec 2024,29 Dec 2024,491220,Mobile App MARYAM BEGUM,2949.42,10515.09,165776.35
17 Dec 2024,17 Dec 2024,256522,Raast IBFT to IQRA PARVEEN,11384.34,4959.67,194691.47
16 Dec 2024,16 Dec 2024,221888,INET Inter Bank Fund Transfer Charges,8191.93,22776.38,482940.8
03 Dec 2024,03 Dec 2024,,Raast IBFT to OMAR ZAMAN,18880.87,15520.24,123049.06
07 Dec 2024,07 Dec 2024,,Mobile App MARYAM BEGUM,7186.9,620.64,112134.61
18 Nov 2024,18 Nov 2024,,Raast IBFT to IQRA PARVEEN,19650.41,18641.82,351110.08
19 Nov 2024,19 Nov 2024,,Raast IBFT to OMAR ZAMAN,17774.5,24851.17,497649.33
08 Dec 2024,08 Dec 2024,561448,Raast IBFT to OMAR ZAMAN,16421.63,16582.66,265790.69
10 Nov 2024,10 Nov 2024,,INET Inter Bank Fund Transfer Charges,12051.11,14398.98,153588.43
10 Dec 2024,10 Dec 2024,,INET Inter Bank Fund Transfer Charges,13118.36,13089.72,454441.93
18 Jan 2025,18 Jan 2025,705455,Mobile App MARYAM BEGUM,10816.96,1701.91,38290.21
30 Nov 2024,30 Nov 2024,583009,Raast IBFT to OMAR ZAMAN,12965.18,17820.17,219751.28
18 Nov 2024,18 Nov 2024,538448,INET Inter Bank Fund Transfer Charges,11712.22,10700.86,420250.09
25 Nov 2024,25 Nov 2024,170514,INET Inter Bank Fund Transfer Charges,22598.26,10949.44,423807.45
03 Nov 2024,03 Nov 2024,408478,INET Inter Bank Fund Transfer Charges,7590.97,3063.19,128279.68
14 Jan 2025,14 Jan 2025,473018,Raast IBFT to OMAR ZAMAN,18746.36,8211.98,271175.65
20 Nov 2024,20 Nov 2024,598808,Raast IBFT to IQRA PARVEEN,8285.07,13826.66,55614.34
31 Jan 2025,31 Jan 2025,,INET Inter Bank Fund Transfer Charges,7391.62,9294.71,37043.47
06 Nov 2024,06 Nov 2024,,INET Inter Bank Fund Transfer Charges,8994.29,2086.51,68029.98
31 Dec 2024,31 Dec 2024,,Raast IBFT to OMAR ZAMAN,20296.98,18788.79,99079.76
20 Jan 2025,20 Jan 2025,,INET Inter Bank Fund Transfer Charges,21529.32,10856.92,170708.74
26 Jan 2025,26 Jan 2025,,Mobile App MARYAM BEGUM,12283.94,16947.53,129778.13
24 Nov 2024,24 Nov 2024,388784,Raast IBFT to OMAR ZAMAN,5637.98,5132.94,116885.43
17 Nov 2024,17 Nov 2024,413072,INET Inter Bank Fund Transfer Charges,15324.96,1453.96,50265.44
13 Nov 2024,13 Nov 2024,,Raast IBFT to OMAR ZAMAN,21257.57,7558.23,127803.98
14 Nov 2024,14 Nov 2024,,Mobile App MARYAM BEGUM,24528.18,2099.42,279655.38
29 Jan 2025,29 Jan 2025,712474,Raast IBFT to OMAR ZAMAN,16270.26,24656.55,85603.89
25 Jan 2025,25 Jan 2025,091720,INET Inter Bank Fund Transfer Charges,22046.38,1143.41,337725.12
18 Jan 2025,18 Jan 2025,556812,Raast IBFT to IQRA PARVEEN,10996.13,22441.52,377187.29
24 Jan 2025,24 Jan 2025,,Raast IBFT to OMAR ZAMAN,6837.44,11620.11,361983.73
30 Nov 2024,30 Nov 2024,,Mobile App MARYAM BEGUM,12354.01,8449.17,491590.05
03 Dec 2024,03 Dec 2024,,Raast IBFT to IQRA PARVEEN,17263.45,7762.86,435409.55
28 Nov 2024,28 Nov 2024,776506,Raast IBFT to OMAR ZAMAN,24642.49,19567.29,222394.65
29 Nov 2024,29 Nov 2024,469609,Mobile App MARYAM BEGUM,16668.98,1099.02,87769.62
01 Dec 2024,01 Dec 2024,,Raast IBFT to IQRA PARVEEN,16493.79,215.68,26427.29
29 Dec 2024,29 Dec 2024,120106,Mobile App MARYAM BEGUM,21557.83,3224.64,232881.67
21 Jan 2025,21 Jan 2025,,INET Inter Bank Fund Transfer Charges,10992.71,7778.83,417694.54
30 Nov 2024,30 Nov 2024,009579,Raast IBFT to OMAR ZAMAN,9418.72,21366.58,124823.92
06 Jan 2025,06 Jan 2025,664343,Mobile App MARYAM BEGUM,4611.07,11447.82,67753.75
10 Jan 2025,10 Jan 2025,,INET Inter Bank Fund Transfer Charges,18523.76,22122.49,466753.21
01 Feb 2025,01 Feb 2025,,Mobile App MARYAM BEGUM,12584.91,10925.79,339033.21
14 Dec 2024,14 Dec 2024,,INET Inter Bank Fund Transfer Charges,9898.85,10503.47,245141.32
05 Dec 2024,05 Dec 2024,,Raast IBFT to OMAR ZAMAN,1212.96,16967.91,94421.51
22 Jan 2025,22 Jan 2025,462036,INET Inter Bank Fund Transfer Charges,11380.4,5245.08,353030.02
24 Dec 2024,24 Dec 2024,555359,Raast IBFT to OMAR ZAMAN,3526.73,3864.3,449873.31
25 Dec 2024,25 Dec 2024,877673,Raast IBFT to IQRA PARVEEN,7916.77,14070.01,233934.12
23 Jan 2025,23 Jan 2025,,Mobile App MARYAM BEGUM,18438.44,14700.14,496619.94
16 Jan 2025,16 Jan 2025,042823,Raast IBFT to OMAR ZAMAN,6904.7,14419.13,291713.18
03 Nov 2024,03 Nov 2024,031466,Raast IBFT to OMAR ZAMAN,14571.93,16133.14,172326.25
26 Dec 2024,26 Dec 2024,,Raast IBFT to IQRA PARVEEN,18138.18,19805.8,184120.17
03 Jan 2025,03 Jan 2025,875940,Raast IBFT to OMAR ZAMAN,6955.69,22267.48,152169.73
27 Jan 2025,27 Jan 2025,,Mobile App MARYAM BEGUM,17736.13,10253.61,146264.73
23 Jan 2025,23 Jan 2025,395414,INET Inter Bank Fund Transfer Charges,19370.06,20477.11,104841.29
30 Jan 2025,30 Jan 2025,,Mobile App MARYAM BEGUM,24169.11,3622.22,227933.99
22 Nov 2024,22 Nov 2024,,Mobile App MARYAM BEGUM,5652.37,9946.55,404181.04
07 Feb 2025,07 Feb 2025,611300,Mobile App MARYAM BEGUM,6517.87,7943.23,40644.38
22 Nov 2024,22 Nov 2024,,Mobile App MARYAM BEGUM,4663.36,3596.18,240186.9
18 Nov 2024,18 Nov 2024,543238,INET Inter Bank Fund Transfer Charges,5723.72,447.04,49537.04
24 Dec 2024,24 Dec 2024,746732,Mobile App MARYAM BEGUM,18934.05,16490.22,365393.8
02 Nov 2024,02 Nov 2024,,Raast IBFT to IQRA PARVEEN,20048.87,23206.33,158815.15
29 Nov 2024,29 Nov 2024,710720,Raast IBFT to IQRA PARVEEN,19521.8,5401.55,454717.77
31 Jan 2025,31 Jan 2025,,Mobile App MARYAM BEGUM,10146.73,24485.64,248641.43
01 Jan 2025,01 Jan 2025,,Raast IBFT to OMAR ZAMAN,5522.63,20876.68,298433.03
05 Feb 2025,05 Feb 2025,,Mobile App MARYAM BEGUM,18430.73,13665.52,377944.67
24 Nov 2024,24 Nov 2024,,Raast IBFT to IQRA PARVEEN,17851.18,7092.03,67938.93
16 Dec 2024,16 Dec 2024,994821,Raast IBFT to IQRA PARVEEN,6916.11,10109.91,401303.18
02 Feb 2025,02 Feb 2025,,Raast IBFT to IQRA PARVEEN,16967.92,9606.11,360788.08
26 Nov 2024,26 Nov 2024,149834,INET Inter Bank Fund Transfer Charges,1642.33,18268.91,141759.28
15 Jan 2025,15 Jan 2025,333523,Raast IBFT to IQRA PARVEEN,19312.31,7216.01,11000.97
19 Dec 2024,19 Dec 2024,,Raast IBFT to OMAR ZAMAN,12069.14,12291.87,243573.52
22 Dec 2024,22 Dec 2024,893253,Raast IBFT to OMAR ZAMAN,11851.85,16752.66,462146.89
09 Nov 2024,09 Nov 2024,,Raast IBFT to OMAR ZAMAN,8625.09,5623.2,345338.38
26 Dec 2024,26 Dec 2024,,Raast IBFT to IQRA PARVEEN,11586.76,24441.91,229735.37
08 Jan 2025,08 Jan 2025,,INET Inter Bank Fund Transfer Charges,18519.33,3254.09,402652.29
28 Nov 2024,28 Nov 2024,,INET Inter Bank Fund Transfer Charges,14750.3,10146.57,368409.54
23 Jan 2025,23 Jan 2025,312997,Mobile App MARYAM BEGUM,9556.17,12282.55,265103.81
28 Nov 2024,28 Nov 2024,,INET Inter Bank Fund Transfer Charges,3984.82,9127.82,253458.5
31 Jan 2025,31 Jan 2025,301723,Mobile App MARYAM BEGUM,24697.35,4679.56,238401.12
05 Nov 2024,05 Nov 2024,,Mobile App MARYAM BEGUM,5343.49,3136.65,77215.09
20 Nov 2024,20 Nov 2024,255632,Raast IBFT to IQRA PARVEEN,5683.61,1113.01,292910.43
10 Nov 2024,10 Nov 2024,,Mobile App MARYAM BEGUM,9930.05,7555.18,246248.43
10 Jan 2025,10 Jan 2025,,Raast IBFT to IQRA PARVEEN,3374.37,18065.59,370343.63
28 Jan 2025,28 Jan 2025,855475,INET Inter Bank Fund Transfer Charges,12020.2,19461.33,419081.01
28 Nov 2024,28 Nov 2024,,Raast IBFT to IQRA PARVEEN,21096.78,12049.07,261045.09
29 Jan 2025,29 Jan 2025,393216,Raast IBFT to OMAR ZAMAN,2602.16,17313.98,283169.55
17 Nov 2024,17 Nov 2024,240265,Raast IBFT to IQRA PARVEEN,1408.07,3676.72,437018.15
05 Feb 2025,05 Feb 2025,441941,INET Inter Bank Fund Transfer Charges,2594.03,10145.96,369422.24
26 Dec 2024,26 Dec 2024,,INET Inter Bank Fund Transfer Charges,23039.17,19918.82,313117.35
24 Jan 2025,24 Jan 2025,,Raast IBFT to OMAR ZAMAN,7133.36,15801.13,352402.75
18 Dec 2024,18 Dec 2024,,Mobile App MARYAM BEGUM,24752.73,22991.19,260505.3
09 Feb 2025,09 Feb 2025,994570,Mobile App MARYAM BEGUM,18575.67,14132.86,207811.65
17 Jan 2025,17 Jan 2025,329043,Raast IBFT to IQRA PARVEEN,22833.75,24081.43,335876.23
04 Nov 2024,04 Nov 2024,,INET Inter Bank Fund Transfer Charges,14537.17,15991.71,204005.75
26 Jan 2025,26 Jan 2025,,Mobile App MARYAM BEGUM,22576.11,237.31,163367.9
04 Feb 2025,04 Feb 2025,068034,Raast IBFT to OMAR ZAMAN,22804.6,7169.89,94080.56
09 Nov 2024,09 Nov 2024,677017,Raast IBFT to IQRA PARVEEN,4486.78,22768.24,45673.56
25 Nov 2024,25 Nov 2024,464017,INET Inter Bank Fund Transfer Charges,19242.57,16674.59,402552.93
07 Nov 2024,07 Nov 2024,119219,INET Inter Bank Fund Transfer Charges,23490.73,2233.43,298991.75
13 Jan 2025,13 Jan 2025,667432,Raast IBFT to IQRA PARVEEN,17915.26,19994.67,92589.21
02 Jan 2025,02 Jan 2025,,Raast IBFT to OMAR ZAMAN,23635.14,16512.95,308598.93
03 Nov 2024,03 Nov 2024,871809,Raast IBFT to OMAR ZAMAN,1883.02,24704.64,250143.13
07 Nov 2024,07 Nov 2024,,Raast IBFT to OMAR ZAMAN,6097.23,22452.29,121846.44
01 Feb 2025,01 Feb 2025,901548,Raast IBFT to OMAR ZAMAN,20099.26,23674.07,485282.13
16 Dec 2024,16 Dec 2024,298838,INET Inter Bank Fund Transfer Charges,21494.45,15338.62,349691.05
23 Nov 2024,23 Nov 2024,845773,INET Inter Bank Fund Transfer Charges,16981.45,13455.12,164370.53
11 Jan 2025,11 Jan 2025,,Mobile App MARYAM BEGUM,19185.74,20773.29,216577.95
02 Nov 2024,02 Nov 2024,,Raast IBFT to IQRA PARVEEN,6267.11,11464.38,356925.63
27 Jan 2025,27 Jan 2025,,Mobile App MARYAM BEGUM,22261.72,11869.39,250484.9
02 Feb 2025,02 Feb 2025,612626,INET Inter Bank Fund Transfer Charges,15891.93,21504.54,393484.75
06 Nov 2024,06 Nov 2024,794011,INET Inter Bank Fund Transfer Charges,20033.76,1085.8,211413.12
19 Jan 2025,19 Jan 2025,064731,Mobile App MARYAM BEGUM,13947.58,11189.96,264569.14
26 Nov 2024,26 Nov 2024,,Raast IBFT to OMAR ZAMAN,18210.41,13259.25,218843.61
18 Dec 2024,18 Dec 2024,268428,Raast IBFT to OMAR ZAMAN,17745.44,23439.08,130021.08
19 Jan 2025,19 Jan 2025,,Mobile App MARYAM BEGUM,3013.44,19356.89,409695.75
10 Nov 2024,10 Nov 2024,812693,Raast IBFT to OMAR ZAMAN,12572.21,23646.2,356571.6
28 Nov 2024,28 Nov 2024,,INET Inter Bank Fund Transfer Charges,1551.29,24909.13,424515.34
11 Nov 2024,11 Nov 2024,940883,Raast IBFT to IQRA PARVEEN,24904.53,15446.68,218853.52
21 Dec 2024,21 Dec 2024,012335,Raast IBFT to IQRA PARVEEN,20900.1,16055.5,73580.13
10 Dec 2024,10 Dec 2024,448116,Mobile App MARYAM BEGUM,22680.16,17040.8,67138.64
15 Jan 2025,15 Jan 2025,500807,Raast IBFT to OMAR ZAMAN,3247.54,21341.74,231144.03
20 Nov 2024,20 Nov 2024,,INET Inter Bank Fund Transfer Charges,20837.12,7191.41,306704.65
14 Jan 2025,14 Jan 2025,,Raast IBFT to OMAR ZAMAN,4992.76,6881.91,109921.28
30 Dec 2024,30 Dec 2024,117358,Raast IBFT to OMAR ZAMAN,19200.98,8486.17,177926.33
14 Nov 2024,14 Nov 2024,,Raast IBFT to IQRA PARVEEN,8992.33,23374.8,321901.38
30 Jan 2025,30 Jan 2025,168149,Raast IBFT to IQRA PARVEEN,14270.4,19791.0,234547.08
05 Feb 2025,05 Feb 2025,155801,Mobile App MARYAM BEGUM,14144.81,12924.01,384194.09
16 Dec 2024,16 Dec 2024,837255,Raast IBFT to IQRA PARVEEN,16752.38,4371.73,274313.85
10 Dec 2024,10 Dec 2024,,INET Inter Bank Fund Transfer Charges,2033.77,15627.63,484602.88
17 Dec 2024,17 Dec 2024,683363,Raast IBFT to IQRA PARVEEN,10528.79,18765.65,420279.64
25 Dec 2024,25 Dec 2024,,INET Inter Bank Fund Transfer Charges,17831.51,22896.41,207297.27
25 Jan 2025,25 Jan 2025,,Raast IBFT to IQRA PARVEEN,8164.8,8553.46,15393.84
16 Dec 2024,16 Dec 2024,,Mobile App MARYAM BEGUM,24457.74,6176.28,173135.12
24 Dec 2024,24 Dec 2024,050038,INET Inter Bank Fund Transfer Charges,12094.39,7033.7,217497.51
31 Dec 2024,31 Dec 2024,362120,Mobile App MARYAM BEGUM,18458.56,11436.31,108635.26
29 Nov 2024,29 Nov 2024,,Raast IBFT to OMAR ZAMAN,15873.31,5218.97,241075.91
02 Jan 2025,02 Jan 2025,173904,Raast IBFT to OMAR ZAMAN,8501.19,14044.91,301301.49
24 Nov 2024,24 Nov 2024,,INET Inter Bank Fund Transfer Charges,16023.97,13455.4,373121.47
28 Jan 2025,28 Jan 2025,096545,Mobile App MARYAM BEGUM,9387.8,4830.41,101789.76
28 Dec 2024,28 Dec 2024,,Mobile App MARYAM BEGUM,19802.97,10075.52,145828.82
09 Nov 2024,09 Nov 2024,310584,Mobile App MARYAM BEGUM,2122.72,2658.23,450824.75
10 Nov 2024,10 Nov 2024,,Raast IBFT to IQRA PARVEEN,22780.29,13645.17,284191.28
22 Nov 2024,22 Nov 2024,,Raast IBFT to OMAR ZAMAN,8217.95,5402.79,108956.87
17 Dec 2024,17 Dec 2024,214520,Mobile App MARYAM BEGUM,6227.0,3380.84,124296.98
07 Jan 2025,07 Jan 2025,,Raast IBFT to OMAR ZAMAN,12276.67,4887.06,56167.5
24 Jan 2025,24 Jan 2025,099402,Raast IBFT to IQRA PARVEEN,19201.17,18280.97,416800.67
17 Dec 2024,17 Dec 2024,884334,Mobile App MARYAM BEGUM,6419.63,8515.39,193206.36
05 Nov 2024,05 Nov 2024,,Raast IBFT to IQRA PARVEEN,9628.57,5811.31,320048.55
29 Nov 2024,29 Nov 2024,786598,INET Inter Bank Fund Transfer Charges,2444.94,22624.62,85465.98
03 Dec 2024,03 Dec 2024,348691,Raast IBFT to OMAR ZAMAN,1255.45,6040.73,461411.15
18 Nov 2024,18 Nov 2024,,Raast IBFT to OMAR ZAMAN,23212.31,12608.65,314934.87
05 Jan 2025,05 Jan 2025,,Mobile App MARYAM BEGUM,24110.43,23042.1,83487.17
11 Jan 2025,11 Jan 2025,689969,INET Inter Bank Fund Transfer Charges,17282.47,22203.2,377975.03
05 Jan 2025,05 Jan 2025,,Mobile App MARYAM BEGUM,4142.82,16763.63,347402.03
27 Nov 2024,27 Nov 2024,,Raast IBFT to IQRA PARVEEN,9377.13,18851.59,125024.28
12 Dec 2024,12 Dec 2024,999687,Raast IBFT to OMAR ZAMAN,16471.34,16667.41,257294.87
01 Feb 2025,01 Feb 2025,,Raast IBFT to OMAR ZAMAN,22593.94,20857.78,101928.51
08 Feb 2025,08 Feb 2025,,Raast IBFT to IQRA PARVEEN,5483.48,13922.84,124831.18
16 Jan 2025,16 Jan 2025,,INET Inter Bank Fund Transfer Charges,15101.43,18331.65,55823.74
21 Jan 2025,21 Jan 2025,969857,Raast IBFT to IQRA PARVEEN,21634.5,888.15,81349.28
06 Nov 2024,06 Nov 2024,936647,Raast IBFT to IQRA PARVEEN,3968.16,3888.1,224792.47
21 Dec 2024,21 Dec 2024,,Mobile App MARYAM BEGUM,12658.14,14392.18,148595.25
10 Nov 2024,10 Nov 2024,,Mobile App MARYAM BEGUM,3723.46,2826.41,150667.65
04 Nov 2024,04 Nov 2024,509692,INET Inter Bank Fund Transfer Charges,19648.16,2854.32,107462.85
22 Jan 2025,22 Jan 2025,,Raast IBFT to OMAR ZAMAN,23646.73,527.14,358185.34
03 Nov 2024,03 Nov 2024,,Raast IBFT to IQRA PARVEEN,3026.69,18449.23,166428.66
02 Feb 2025,02 Feb 2025,563173,Mobile App MARYAM BEGUM,21470.87,9395.02,444115.83
01 Feb 2025,01 Feb 2025,,INET Inter Bank Fund Transfer Charges,8442.86,13077.98,429456.42
08 Jan 2025,08 Jan 2025,,INET Inter Bank Fund Transfer Charges,7640.78,5799.53,24947.62
24 Dec 2024,24 Dec 2024,,INET Inter Bank Fund Transfer Charges,7787.27,11977.09,16857.55
06 Jan 2025,06 Jan 2025,869599,Raast IBFT to OMAR ZAMAN,13411.81,11844.71,78427.87
04 Jan 2025,04 Jan 2025,,INET Inter Bank Fund Transfer Charges,15383.91,8455.5,418258.48
17 Jan 2025,17 Jan 2025,,Raast IBFT to IQRA PARVEEN,24542.43,23666.15,390486.65
18 Jan 2025,18 Jan 2025,401468,Raast IBFT to IQRA PARVEEN,17568.3,9245.81,126032.27
26 Jan 2025,26 Jan 2025,,Raast IBFT to IQRA PARVEEN,4799.96,5674.15,324945.54
02 Feb 2025,02 Feb 2025,549984,Mobile App MARYAM BEGUM,1515.22,23209.53,73579.42
03 Nov 2024,03 Nov 2024,729679,Mobile App MARYAM BEGUM,12018.4,11766.87,112916.64
07 Feb 2025,07 Feb 2025,,Raast IBFT to OMAR ZAMAN,16290.98,24172.59,218885.37
24 Nov 2024,24 Nov 2024,634819,Raast IBFT to OMAR ZAMAN,12265.31,19046.44,477379.15
05 Nov 2024,05 Nov 2024,978475,Mobile App MARYAM BEGUM,5917.99,6083.34,96698.44
13 Jan 2025,13 Jan 2025,,Raast IBFT to IQRA PARVEEN,5199.47,17049.02,111983.87
17 Dec 2024,17 Dec 2024,580741,Raast IBFT to IQRA PARVEEN,18946.17,16364.63,253262.9
17 Jan 2025,17 Jan 2025,146788,INET Inter Bank Fund Transfer Charges,24817.67,14666.0,281287.74
04 Feb 2025,04 Feb 2025,,Raast IBFT to OMAR ZAMAN,14384.82,9478.04,198612.96
23 Nov 2024,23 Nov 2024,,Mobile App MARYAM BEGUM,9958.74,24676.56,334073.57
13 Dec 2024,13 Dec 2024,,Raast IBFT to OMAR ZAMAN,1456.5,21778.64,379886.43
22 Jan 2025,22 Jan 2025,105544,Mobile App MARYAM BEGUM,10558.19,17577.07,144608.69
24 Dec 2024,24 Dec 2024,,INET Inter Bank Fund Transfer Charges,6010.33,9709.18,371957.63
08 Dec 2024,08 Dec 2024,,Raast IBFT to OMAR ZAMAN,4034.93,934.59,331233.64
14 Nov 2024,14 Nov 2024,,Raast IBFT to OMAR ZAMAN,6197.62,812.49,313619.32
08 Dec 2024,08 Dec 2024,337561,INET Inter Bank Fund Transfer Charges,10349.23,4212.22,127090.51
10 Nov 2024,10 Nov 2024,739347,INET Inter Bank Fund Transfer Charges,19621.93,1794.88,297129.72
18 Jan 2025,18 Jan 2025,385227,Mobile App MARYAM BEGUM,18329.66,24996.65,440153.14
15 Dec 2024,15 Dec 2024,,INET Inter Bank Fund Transfer Charges,21643.99,5176.58,161757.72
25 Jan 2025,25 Jan 2025,,Raast IBFT to IQRA PARVEEN,5689.66,12757.46,420362.78
03 Jan 2025,03 Jan 2025,864049,Raast IBFT to IQRA PARVEEN,5408.5,2218.99,267185.42
13 Nov 2024,13 Nov 2024,558540,Mobile App MARYAM BEGUM,17464.01,5982.39,271823.54
05 Feb 2025,05 Feb 2025,,Raast IBFT to OMAR ZAMAN,10082.46,14858.44,312850.67
03 Feb 2025,03 Feb 2025,,Raast IBFT to IQRA PARVEEN,17362.02,11543.11,191037.03
10 Jan 2025,10 Jan 2025,,INET Inter Bank Fund Transfer Charges,1981.81,5366.5,275301.02
04 Jan 2025,04 Jan 2025,,Raast IBFT to IQRA PARVEEN,12421.98,6178.25,168481.48
02 Jan 2025,02 Jan 2025,279471,Mobile App MARYAM BEGUM,3348.27,16139.06,120338.65
17 Jan 2025,17 Jan 2025,,Raast IBFT to OMAR ZAMAN,7469.28,23372.2,334926.68
28 Dec 2024,28 Dec 2024,500033,Raast IBFT to IQRA PARVEEN,23930.74,15925.57,465027.19
03 Dec 2024,03 Dec 2024,845421,Mobile App MARYAM BEGUM,7067.32,21010.6,253286.51
19 Dec 2024,19 Dec 2024,,INET Inter Bank Fund Transfer Charges,17798.76,17805.84,412200.04
24 Nov 2024,24 Nov 2024,195653,Raast IBFT to IQRA PARVEEN,4472.51,17741.94,464414.79
02 Nov 2024,02 Nov 2024,698987,Raast IBFT to IQRA PARVEEN,5468.17,2330.59,430448.38
25 Jan 2025,25 Jan 2025,017256,INET Inter Bank Fund Transfer Charges,9989.76,19541.63,378869.82
17 Jan 2025,17 Jan 2025,739960,Raast IBFT to OMAR ZAMAN,6881.07,11761.71,373955.96
25 Nov 2024,25 Nov 2024,,INET Inter Bank Fund Transfer Charges,22941.65,19932.04,115245.37
08 Jan 2025,08 Jan 2025,,Raast IBFT to IQRA PARVEEN,5546.15,17202.15,182374.89
11 Nov 2024,11 Nov 2024,279772,Raast IBFT to OMAR ZAMAN,21136.81,22031.03,239770.36
19 Jan 2025,19 Jan 2025,915939,Mobile App MARYAM BEGUM,13805.8,7246.48,299769.1
04 Feb 2025,04 Feb 2025,,Raast IBFT to IQRA PARVEEN,24026.73,4946.25,440258.44
05 Feb 2025,05 Feb 2025,860137,Raast IBFT to IQRA PARVEEN,10763.67,429.07,469576.34
03 Feb 2025,03 Feb 2025,,Raast IBFT to IQRA PARVEEN,10088.03,22269.58,99809.19
01 Feb 2025,01 Feb 2025,636775,Mobile App MARYAM BEGUM,16397.43,13277.53,375396.21
13 Nov 2024,13 Nov 2024,853645,Mobile App MARYAM BEGUM,6106.06,10900.83,234106.35
02 Jan 2025,02 Jan 2025,753234,INET Inter Bank Fund Transfer Charges,10010.8,12739.12,109678.84
03 Dec 2024,03 Dec 2024,104613,Raast IBFT to IQRA PARVEEN,23255.9,3361.31,21641.57
21 Jan 2025,21 Jan 2025,044469,Raast IBFT to OMAR ZAMAN,21067.97,13971.86,25178.08
06 Dec 2024,06 Dec 2024,,INET Inter Bank Fund Transfer Charges,16359.27,22428.08,143215.19
20 Jan 2025,20 Jan 2025,482040,INET Inter Bank Fund Transfer Charges,21645.44,9269.06,374721.66
02 Jan 2025,02 Jan 2025,,Raast IBFT to IQRA PARVEEN,5948.61,8321.01,324516.09
08 Nov 2024,08 Nov 2024,,INET Inter Bank Fund Transfer Charges,18918.41,600.77,28600.4
30 Nov 2024,30 Nov 2024,,INET Inter Bank Fund Transfer Charges,11604.99,5577.82,282798.59
21 Nov 2024,21 Nov 2024,805665,Raast IBFT to OMAR ZAMAN,17731.87,22340.19,170641.92
04 Nov 2024,04 Nov 2024,553340,Raast IBFT to IQRA PARVEEN,20693.43,14542.85,44635.74
24 Jan 2025,24 Jan 2025,795484,INET Inter Bank Fund Transfer Charges,11193.25,6152.52,316933.63
24 Jan 2025,24 Jan 2025,788695,Mobile App MARYAM BEGUM,17410.99,16359.12,27055.8
04 Feb 2025,04 Feb 2025,058263,Raast IBFT to IQRA PARVEEN,17567.93,15436.86,242471.48
19 Jan 2025,19 Jan 2025,394347,Mobile App MARYAM BEGUM,4890.93,19131.23,448965.19
30 Nov 2024,30 Nov 2024,,Raast IBFT to OMAR ZAMAN,1223.36,12946.54,64207.15
07 Nov 2024,07 Nov 2024,,Raast IBFT to OMAR ZAMAN,21617.73,15729.55,376038.06
22 Dec 2024,22 Dec 2024,,Raast IBFT to OMAR ZAMAN,22855.97,23432.1,453785.52
15 Nov 2024,15 Nov 2024,071833,Raast IBFT to IQRA PARVEEN,12477.27,15842.47,79081.52
27 Nov 2024,27 Nov 2024,095387,Raast IBFT to IQRA PARVEEN,3748.77,23256.33,113867.39
23 Dec 2024,23 Dec 2024,306207,INET Inter Bank Fund Transfer Charges,14256.88,22208.48,323167.55
30 Nov 2024,30 Nov 2024,,Raast IBFT to OMAR ZAMAN,5285.5,1119.12,310851.74
24 Dec 2024,24 Dec 2024,,INET Inter Bank Fund Transfer Charges,22742.15,10840.0,72080.29
29 Nov 2024,29 Nov 2024,,Raast IBFT to OMAR ZAMAN,21183.19,9619.17,191700.42
01 Feb 2025,01 Feb 2025,,INET Inter Bank Fund Transfer Charges,18058.81,23149.21,74454.03
06 Jan 2025,06 Jan 2025,,Raast IBFT to IQRA PARVEEN,22125.41,15429.72,134224.34
20 Nov 2024,20 Nov 2024,241103,Mobile App MARYAM BEGUM,10553.9,24842.85,378265.79
28 Jan 2025,28 Jan 2025,,Raast IBFT to IQRA PARVEEN,20216.96,15197.74,323834.19
14 Dec 2024,14 Dec 2024,388781,Raast IBFT to IQRA PARVEEN,11494.46,8071.27,332777.52
26 Dec 2024,26 Dec 2024,,Raast IBFT to OMAR ZAMAN,5602.48,18274.1,140841.79
19 Nov 2024,19 Nov 2024,746222,Raast IBFT to IQRA PARVEEN,15204.24,11452.5,303096.49
06 Dec 2024,06 Dec 2024,,Raast IBFT to IQRA PARVEEN,23307.19,7904.37,221314.66
25 Dec 2024,25 Dec 2024,,Raast IBFT to IQRA PARVEEN,15773.59,8042.24,103612.17
31 Jan 2025,31 Jan 2025,430914,Mobile App MARYAM BEGUM,1609.56,14760.56,356517.91
24 Jan 2025,24 Jan 2025,038427,INET Inter Bank Fund Transfer Charges,23608.28,12773.48,470577.81
06 Feb 2025,06 Feb 2025,,Raast IBFT to OMAR ZAMAN,21621.68,21164.55,237295.53
28 Jan 2025,28 Jan 2025,429250,Raast IBFT to OMAR ZAMAN,23176.7,17407.11,362431.37
14 Jan 2025,14 Jan 2025,941186,Raast IBFT to OMAR ZAMAN,12034.66,4910.76,39934.23
07 Jan 2025,07 Jan 2025,,Mobile App MARYAM BEGUM,18887.31,18353.41,236922.45
19 Dec 2024,19 Dec 2024,540868,Raast IBFT to IQRA PARVEEN,1730.64,1336.71,244795.36
20 Dec 2024,20 Dec 2024,,Mobile App MARYAM BEGUM,10989.48,17783.68,247005.74
13 Dec 2024,13 Dec 2024,,Raast IBFT to IQRA PARVEEN,6010.35,20653.95,130037.53
14 Dec 2024,14 Dec 2024,522353,INET Inter Bank Fund Transfer Charges,19276.12,3367.66,176939.04
07 Jan 2025,07 Jan 2025,491375,Mobile App MARYAM BEGUM,9245.79,20740.88,135049.29
27 Jan 2025,27 Jan 2025,424386,Mobile App MARYAM BEGUM,17118.51,23457.51,14491.38
05 Jan 2025,05 Jan 2025,,Raast IBFT to IQRA PARVEEN,3688.01,19607.09,66635.53
30 Jan 2025,30 Jan 2025,141947,INET Inter Bank Fund Transfer Charges,23636.82,2040.63,374538.94
06 Nov 2024,06 Nov 2024,,Raast IBFT to IQRA PARVEEN,1461.63,13345.13,442746.15
18 Jan 2025,18 Jan 2025,462094,Raast IBFT to IQRA PARVEEN,13280.53,18779.34,49840.53
13 Dec 2024,13 Dec 2024,005143,Raast IBFT to OMAR ZAMAN,17251.04,15054.14,82865.56
03 Jan 2025,03 Jan 2025,,Mobile App MARYAM BEGUM,4609.54,1028.58,466784.59
07 Feb 2025,07 Feb 2025,,Raast IBFT to IQRA PARVEEN,2055.1,2004.22,400768.49
21 Dec 2024,21 Dec 2024,,Raast IBFT to OMAR ZAMAN,3325.09,14576.77,34520.22
17 Dec 2024,17 Dec 2024,,Raast IBFT to IQRA PARVEEN,14638.13,22134.05,97591.75
26 Dec 2024,26 Dec 2024,,Raast IBFT to IQRA PARVEEN,23666.18,9386.56,180027.62
22 Nov 2024,22 Nov 2024,750883,Raast IBFT to IQRA PARVEEN,6230.01,14268.34,136523.43
06 Feb 2025,06 Feb 2025,188974,Mobile App MARYAM BEGUM,5323.33,14350.61,227841.15
23 Dec 2024,23 Dec 2024,,Raast IBFT to OMAR ZAMAN,10133.97,19844.19,104693.82
11 Dec 2024,11 Dec 2024,582099,Mobile App MARYAM BEGUM,7305.42,20535.83,320328.54
22 Jan 2025,22 Jan 2025,550987,Raast IBFT to OMAR ZAMAN,3132.43,6662.98,57297.16
20 Dec 2024,20 Dec 2024,,Raast IBFT to OMAR ZAMAN,22991.51,16589.53,417699.02
04 Dec 2024,04 Dec 2024,208588,INET Inter Bank Fund Transfer Charges,13039.53,18605.92,471148.72
06 Dec 2024,06 Dec 2024,,Mobile App MARYAM BEGUM,20215.04,10427.48,439628.51
23 Dec 2024,23 Dec 2024,,Raast IBFT to OMAR ZAMAN,6072.78,7022.54,132249.61
28 Nov 2024,28 Nov 2024,,Raast IBFT to OMAR ZAMAN,13778.51,13835.74,443294.65
08 Dec 2024,08 Dec 2024,433116,Mobile App MARYAM BEGUM,24680.42,10231.9,148516.85
27 Jan 2025,27 Jan 2025,799091,Raast IBFT to IQRA PARVEEN,24383.85,20655.0,448396.79
20 Dec 2024,20 Dec 2024,458201,Raast IBFT to IQRA PARVEEN,19434.62,10120.11,412894.87
04 Jan 2025,04 Jan 2025,,Mobile App MARYAM BEGUM,6332.13,17759.43,434065.32
28 Dec 2024,28 Dec 2024,,INET Inter Bank Fund Transfer Charges,19265.71,20704.69,495144.92
31 Jan 2025,31 Jan 2025,,INET Inter Bank Fund Transfer Charges,10510.02,20127.53,414281.97
26 Jan 2025,26 Jan 2025,889243,Raast IBFT to OMAR ZAMAN,12512.99,24899.31,245392.72
26 Jan 2025,26 Jan 2025,,Mobile App MARYAM BEGUM,17269.62,9019.66,103563.03
06 Nov 2024,06 Nov 2024,,Raast IBFT to IQRA PARVEEN,15711.45,20865.35,159092.48
27 Dec 2024,27 Dec 2024,,Mobile App MARYAM BEGUM,21522.73,22960.22,90907.37
28 Dec 2024,28 Dec 2024,,Raast IBFT to OMAR ZAMAN,10712.26,22851.64,128969.17
21 Jan 2025,21 Jan 2025,,Mobile App MARYAM BEGUM,11188.22,815.77,215888.37
28 Jan 2025,28 Jan 2025,,Raast IBFT to OMAR ZAMAN,20311.84,17471.59,306879.06
01 Dec 2024,01 Dec 2024,,INET Inter Bank Fund Transfer Charges,9947.49,9723.32,310953.21
04 Jan 2025,04 Jan 2025,346281,INET Inter Bank Fund Transfer Charges,9542.15,7005.79,416256.71
11 Dec 2024,11 Dec 2024,432802,Mobile App MARYAM BEGUM,11505.82,4977.77,280165.57
10 Dec 2024,10 Dec 2024,463163,Raast IBFT to OMAR ZAMAN,24768.32,9535.22,289708.3
14 Dec 2024,14 Dec 2024,627603,Mobile App MARYAM BEGUM,17967.41,5321.82,213994.08
09 Nov 2024,09 Nov 2024,705420,Raast IBFT to OMAR ZAMAN,15808.86,24078.52,275505.97
28 Nov 2024,28 Nov 2024,363282,Raast IBFT to IQRA PARVEEN,8131.05,11411.37,363047.92
09 Feb 2025,09 Feb 2025,509744,INET Inter Bank Fund Transfer Charges,3206.55,17519.02,234664.5
15 Dec 2024,15 Dec 2024,014387,Mobile App MARYAM BEGUM,6519.27,13887.88,458524.81
25 Jan 2025,25 Jan 2025,,Raast IBFT to IQRA PARVEEN,12420.32,9022.59,61097.79
08 Jan 2025,08 Jan 2025,,Raast IBFT to OMAR ZAMAN,19024.73,20518.73,226349.24
13 Jan 2025,13 Jan 2025,747158,Mobile App MARYAM BEGUM,20099.83,13860.88,191731.68
17 Jan 2025,17 Jan 2025,664407,Raast IBFT to OMAR ZAMAN,9307.96,9537.8,131447.86
25 Nov 2024,25 Nov 2024,072745,Raast IBFT to OMAR ZAMAN,9832.61,19013.88,201213.84
02 Dec 2024,02 Dec 2024,,INET Inter Bank Fund Transfer Charges,24767.99,21908.5,460416.81
20 Nov 2024,20 Nov 2024,968533,Raast IBFT to OMAR ZAMAN,14166.16,16974.6,318429.85
10 Dec 2024,10 Dec 2024,358750,Raast IBFT to OMAR ZAMAN,10951.41,17357.42,298702.47
18 Jan 2025,18 Jan 2025,507405,Raast IBFT to OMAR ZAMAN,7319.68,1851.23,295496.06
10 Dec 2024,10 Dec 2024,199817,Mobile App MARYAM BEGUM,23563.4,15937.03,124471.23
25 Nov 2024,25 Nov 2024,,Raast IBFT to IQRA PARVEEN,3591.14,20355.38,186351.42
16 Dec 2024,16 Dec 2024,273924,Raast IBFT to OMAR ZAMAN,15927.29,18529.66,429987.85
10 Dec 2024,10 Dec 2024,709511,Raast IBFT to OMAR ZAMAN,8871.99,3665.3,255348.6
12 Jan 2025,12 Jan 2025,106510,Raast IBFT to OMAR ZAMAN,1583.14,16148.12,129277.47
14 Jan 2025,14 Jan 2025,589935,Mobile App MARYAM BEGUM,12733.4,18507.07,214843.17
21 Jan 2025,21 Jan 2025,,Mobile App MARYAM BEGUM,5425.6,11942.15,465252.23
17 Dec 2024,17 Dec 2024,,INET Inter Bank Fund Transfer Charges,12407.07,20108.54,48777.69
04 Jan 2025,04 Jan 2025,039605,Mobile App MARYAM BEGUM,22459.32,20445.4,344099.55
28 Nov 2024,28 Nov 2024,162373,Mobile App MARYAM BEGUM,16203.42,107.74,24654.48
13 Jan 2025,13 Jan 2025,,Raast IBFT to IQRA PARVEEN,5065.25,9122.24,53581.19
08 Feb 2025,08 Feb 2025,187346,Mobile App MARYAM BEGUM,13703.04,8412.61,380467.28
19 Dec 2024,19 Dec 2024,,Raast IBFT to OMAR ZAMAN,4695.73,15073.48,266192.65
31 Dec 2024,31 Dec 2024,,Raast IBFT to OMAR ZAMAN,7918.99,16750.15,328695.51
17 Jan 2025,17 Jan 2025,395416,Mobile App MARYAM BEGUM,24000.56,19620.74,358996.86
24 Jan 2025,24 Jan 2025,,Raast IBFT to OMAR ZAMAN,10104.53,16921.13,391465.73
13 Nov 2024,13 Nov 2024,,INET Inter Bank Fund Transfer Charges,4342.25,22904.64,351854.5
02 Feb 2025,02 Feb 2025,195826,INET Inter Bank Fund Transfer Charges,7215.65,12989.9,187428.4
24 Nov 2024,24 Nov 2024,838595,INET Inter Bank Fund Transfer Charges,15102.34,8214.37,233156.76
02 Jan 2025,02 Jan 2025,,INET Inter Bank Fund Transfer Charges,20027.52,24089.28,276275.1
10 Nov 2024,10 Nov 2024,305925,Mobile App MARYAM BEGUM,14927.7,20001.41,122336.93
14 Nov 2024,14 Nov 2024,,Raast IBFT to IQRA PARVEEN,10911.58,10791.17,281858.62
14 Dec 2024,14 Dec 2024,,Raast IBFT to IQRA PARVEEN,13772.89,10989.98,80220.58
19 Jan 2025,19 Jan 2025,,Raast IBFT to OMAR ZAMAN,23321.44,4677.14,153872.67
02 Dec 2024,02 Dec 2024,847730,INET Inter Bank Fund Transfer Charges,5344.05,12214.14,319506.87
31 Jan 2025,31 Jan 2025,,Raast IBFT to IQRA PARVEEN,3481.82,15997.29,428267.7
06 Feb 2025,06 Feb 2025,,Mobile App MARYAM BEGUM,18915.02,3233.99,30850.51
11 Dec 2024,11 Dec 2024,,Raast IBFT to OMAR ZAMAN,11450.83,21320.81,380254.79
31 Dec 2024,31 Dec 2024,938261,Raast IBFT to OMAR ZAMAN,12493.92,10103.62,432567.15
24 Dec 2024,24 Dec 2024,350631,INET Inter Bank Fund Transfer Charges,15662.84,2352.04,173972.6
06 Dec 2024,06 Dec 2024,,INET Inter Bank Fund Transfer Charges,17984.44,7466.43,287087.44
09 Dec 2024,09 Dec 2024,736406,Raast IBFT to IQRA PARVEEN,4788.83,6448.56,447953.09
05 Jan 2025,05 Jan 2025,,INET Inter Bank Fund Transfer Charges,23197.8,14932.22,449484.79
05 Feb 2025,05 Feb 2025,654954,Raast IBFT to OMAR ZAMAN,17767.49,8457.31,220305.8
27 Jan 2025,27 Jan 2025,,Mobile App MARYAM BEGUM,4082.95,4949.87,440962.98
04 Nov 2024,04 Nov 2024,,Raast IBFT to IQRA PARVEEN,14992.8,8542.56,317065.63
11 Jan 2025,11 Jan 2025,,Raast IBFT to OMAR ZAMAN,15811.51,7855.4,322134.92
13 Nov 2024,13 Nov 2024,,INET Inter Bank Fund Transfer Charges,13142.98,6989.44,188858.35
25 Dec 2024,25 Dec 2024,258515,Raast IBFT to IQRA PARVEEN,7642.4,10030.38,60160.2
02 Feb 2025,02 Feb 2025,,Mobile App MARYAM BEGUM,4338.99,19799.9,243423.21
12 Jan 2025,12 Jan 2025,,INET Inter Bank Fund Transfer Charges,6600.05,6133.36,40340.75
25 Nov 2024,25 Nov 2024,,Mobile App MARYAM BEGUM,7454.77,14520.29,43868.03
01 Nov 2024,01 Nov 2024,228670,Raast IBFT to IQRA PARVEEN,10552.71,5381.27,307773.07
14 Nov 2024,14 Nov 2024,,Raast IBFT to OMAR ZAMAN,16985.43,12343.2,67847.25
11 Dec 2024,11 Dec 2024,811848,INET Inter Bank Fund Transfer Charges,20067.19,19258.51,143856.71
06 Feb 2025,06 Feb 2025,,Raast IBFT to IQRA PARVEEN,18297.91,22371.47,483752.47
30 Dec 2024,30 Dec 2024,431632,Raast IBFT to IQRA PARVEEN,1074.86,13262.33,348734.23
01 Nov 2024,01 Nov 2024,581316,INET Inter Bank Fund Transfer Charges,13798.96,19681.45,199218.97
11 Dec 2024,11 Dec 2024,,Raast IBFT to OMAR ZAMAN,13053.6,6251.69,31280.78
07 Nov 2024,07 Nov 2024,460479,Mobile App MARYAM BEGUM,17937.1,24228.58,470518.95
01 Feb 2025,01 Feb 2025,,Raast IBFT to IQRA PARVEEN,11829.3,18040.21,393445.46
05 Feb 2025,05 Feb 2025,841303,INET Inter Bank Fund Transfer Charges,15797.48,4320.69,433473.84
28 Dec 2024,28 Dec 2024,029075,INET Inter Bank Fund Transfer Charges,10091.01,2611.18,309170.35
07 Jan 2025,07 Jan 2025,,Raast IBFT to OMAR ZAMAN,19525.07,18283.95,365235.92
13 Jan 2025,13 Jan 2025,,INET Inter Bank Fund Transfer Charges,13346.07,22845.34,294628.08
01 Feb 2025,01 Feb 2025,,Mobile App MARYAM BEGUM,11510.52,362.37,327269.87
14 Nov 2024,14 Nov 2024,233221,Mobile App MARYAM BEGUM,24688.09,20306.95,231498.29
22 Jan 2025,22 Jan 2025,963689,Raast IBFT to IQRA PARVEEN,3719.65,9268.29,300671.85
21 Nov 2024,21 Nov 2024,,Mobile App MARYAM BEGUM,8166.19,18054.95,81088.36
31 Dec 2024,31 Dec 2024,601768,INET Inter Bank Fund Transfer Charges,3813.36,17300.02,279476.51
05 Dec 2024,05 Dec 2024,609108,Raast IBFT to IQRA PARVEEN,3216.86,8894.16,352513.46
26 Jan 2025,26 Jan 2025,126804,Raast IBFT to IQRA PARVEEN,22519.87,16999.77,246026.3
11 Nov 2024,11 Nov 2024,012661,INET Inter Bank Fund Transfer Charges,16030.58,24419.65,108202.69
09 Nov 2024,09 Nov 2024,462030,Mobile App MARYAM BEGUM,7171.75,1430.76,296138.79
03 Nov 2024,03 Nov 2024,,Mobile App MARYAM BEGUM,9674.95,12850.47,405191.24
03 Nov 2024,03 Nov 2024,046207,INET Inter Bank Fund Transfer Charges,24360.53,3807.55,379629.75
18 Nov 2024,18 Nov 2024,,Raast IBFT to IQRA PARVEEN,14442.59,12217.42,470722.85
11 Jan 2025,11 Jan 2025,111875,Mobile App MARYAM BEGUM,1693.14,20867.61,449528.22
19 Jan 2025,19 Jan 2025,264181,INET Inter Bank Fund Transfer Charges,2845.71,7705.0,130216.87
11 Jan 2025,11 Jan 2025,,Raast IBFT to IQRA PARVEEN,10740.06,18698.26,97503.61
03 Nov 2024,03 Nov 2024,894044,Mobile App MARYAM BEGUM,15999.26,21692.78,434340.28
08 Dec 2024,08 Dec 2024,699310,Mobile App MARYAM BEGUM,14120.26,7710.96,248492.98
13 Nov 2024,13 Nov 2024,,Mobile App MARYAM BEGUM,7728.03,2376.82,384582.4
18 Dec 2024,18 Dec 2024,,Raast IBFT to OMAR ZAMAN,9688.16,20741.34,326669.17
13 Dec 2024,13 Dec 2024,,Raast IBFT to OMAR ZAMAN,8538.96,9138.15,442769.54
03 Nov 2024,03 Nov 2024,990834,Raast IBFT to OMAR ZAMAN,6570.01,19769.76,142271.79
16 Nov 2024,16 Nov 2024,,Raast IBFT to IQRA PARVEEN,8116.52,19063.0,237784.13
05 Dec 2024,05 Dec 2024,449549,Raast IBFT to OMAR ZAMAN,19592.65,14526.34,364531.52
03 Dec 2024,03 Dec 2024,,INET Inter Bank Fund Transfer Charges,13723.18,6312.95,418300.72
19 Nov 2024,19 Nov 2024,768557,Mobile App MARYAM BEGUM,19050.58,20608.67,156528.77
17 Dec 2024,17 Dec 2024,,INET Inter Bank Fund Transfer Charges,19703.61,405.84,267399.04
09 Nov 2024,09 Nov 2024,118671,Mobile App MARYAM BEGUM,5084.18,14351.66,263441.98
18 Nov 2024,18 Nov 2024,197883,Raast IBFT to OMAR ZAMAN,1216.9,3941.07,91256.72
03 Dec 2024,03 Dec 2024,,Raast IBFT to OMAR ZAMAN,13994.02,3675.14,65606.75
28 Nov 2024,28 Nov 2024,981994,INET Inter Bank Fund Transfer Charges,24373.59,18221.05,474368.26
09 Jan 2025,09 Jan 2025,686087,Raast IBFT to OMAR ZAMAN,6069.31,21703.41,325990.56
29 Nov 2024,29 Nov 2024,621165,Raast IBFT to OMAR ZAMAN,7954.13,4662.05,128264.24
03 Nov 2024,03 Nov 2024,,Raast IBFT to OMAR ZAMAN,19750.85,7460.13,323973.55
21 Jan 2025,21 Jan 2025,557229,INET Inter Bank Fund Transfer Charges,4211.97,13437.88,326409.89
13 Jan 2025,13 Jan 2025,503679,Mobile App MARYAM BEGUM,18913.9,5551.8,397696.05
21 Dec 2024,21 Dec 2024,,Raast IBFT to OMAR ZAMAN,19812.86,12600.25,326432.61
29 Nov 2024,29 Nov 2024,,Raast IBFT to OMAR ZAMAN,13263.79,23284.03,441983.44
25 Dec 2024,25 Dec 2024,422475,INET Inter Bank Fund Transfer Charges,17297.9,1436.29,445284.81
18 Nov 2024,18 Nov 2024,992419,Mobile App MARYAM BEGUM,8017.76,1484.07,313972.83
29 Dec 2024,29 Dec 2024,053583,Raast IBFT to OMAR ZAMAN,13477.71,8386.32,91504.21
11 Jan 2025,11 Jan 2025,,Mobile App MARYAM BEGUM,8033.09,6122.21,412140.48
21 Jan 2025,21 Jan 2025,055183,Raast IBFT to IQRA PARVEEN,3023.03,22213.1,351646.73
17 Jan 2025,17 Jan 2025,713479,INET Inter Bank Fund Transfer Charges,18264.12,11346.41,458335.56
08 Jan 2025,08 Jan 2025,,INET Inter Bank Fund Transfer Charges,4770.5,4978.66,408047.55
16 Nov 2024,16 Nov 2024,,Mobile App MARYAM BEGUM,17970.64,10586.5,96626.59
07 Jan 2025,07 Jan 2025,549767,INET Inter Bank Fund Transfer Charges,7154.07,13839.77,391035.26
04 Nov 2024,04 Nov 2024,,Raast IBFT to IQRA PARVEEN,9435.61,20469.89,259679.64
05 Jan 2025,05 Jan 2025,,INET Inter Bank Fund Transfer Charges,13371.66,3431.91,86486.33
05 Nov 2024,05 Nov 2024,,Mobile App MARYAM BEGUM,11129.81,6219.05,315657.85
30 Dec 2024,30 Dec 2024,501505,Mobile App MARYAM BEGUM,6929.39,16250.15,452320.35
13 Dec 2024,13 Dec 2024,,Raast IBFT to IQRA PARVEEN,15485.98,23600.83,112404.41
10 Nov 2024,10 Nov 2024,144726,Mobile App MARYAM BEGUM,14306.32,13989.61,355389.12
29 Nov 2024,29 Nov 2024,,Raast IBFT to OMAR ZAMAN,10053.38,16441.8,10514.79
07 Feb 2025,07 Feb 2025,,Raast IBFT to OMAR ZAMAN,2388.36,5988.7,167139.7
19 Dec 2024,19 Dec 2024,,Mobile App MARYAM BEGUM,23316.97,11909.25,388650.97
18 Dec 2024,18 Dec 2024,,Raast IBFT to OMAR ZAMAN,2858.81,14157.01,51465.01
09 Jan 2025,09 Jan 2025,,Raast IBFT to IQRA PARVEEN,17541.11,4991.11,298318.76
10 Nov 2024,10 Nov 2024,881067,INET Inter Bank Fund Transfer Charges,22256.37,17109.23,372845.76
27 Nov 2024,27 Nov 2024,110728,Raast IBFT to IQRA PARVEEN,9246.58,9333.91,480397.98
26 Dec 2024,26 Dec 2024,,Mobile App MARYAM BEGUM,19076.25,4346.57,60487.98
03 Feb 2025,03 Feb 2025,,Raast IBFT to OMAR ZAMAN,16370.27,15846.81,309508.65
08 Jan 2025,08 Jan 2025,,Mobile App MARYAM BEGUM,2511.0,12034.7,69574.15
12 Dec 2024,12 Dec 2024,,Raast IBFT to IQRA PARVEEN,22098.92,16276.62,447965.62
16 Nov 2024,16 Nov 2024,,Raast IBFT to IQRA PARVEEN,7783.15,15672.56,124182.53
17 Dec 2024,17 Dec 2024,741225,Mobile App MARYAM BEGUM,2230.71,2714.12,93596.31
04 Feb 2025,04 Feb 2025,051360,Mobile App MARYAM BEGUM,13338.63,15917.29,273096.68
18 Jan 2025,18 Jan 2025,986489,Mobile App MARYAM BEGUM,11418.48,3509.76,137432.34
21 Jan 2025,21 Jan 2025,,Raast IBFT to OMAR ZAMAN,6118.76,9890.28,302482.2
06 Jan 2025,06 Jan 2025,737429,Raast IBFT to IQRA PARVEEN,19395.35,19029.38,382526.51
28 Nov 2024,28 Nov 2024,,Raast IBFT to IQRA PARVEEN,11565.42,17087.32,74144.69
20 Jan 2025,20 Jan 2025,,Raast IBFT to OMAR ZAMAN,3412.93,6240.67,410893.28
29 Nov 2024,29 Nov 2024,,INET Inter Bank Fund Transfer Charges,11523.92,9402.3,99932.26
26 Jan 2025,26 Jan 2025,319577,Raast IBFT to OMAR ZAMAN,18971.83,21491.88,320113.44
27 Jan 2025,27 Jan 2025,149625,INET Inter Bank Fund Transfer Charges,5831.51,10552.77,322516.34
23 Jan 2025,23 Jan 2025,478368,INET Inter Bank Fund Transfer Charges,5954.8,20182.84,158485.42
28 Nov 2024,28 Nov 2024,566318,INET Inter Bank Fund Transfer Charges,22873.85,3733.17,464272.21
09 Nov 2024,09 Nov 2024,957784,INET Inter Bank Fund Transfer Charges,10848.81,13271.83,393895.39
04 Feb 2025,04 Feb 2025,,Mobile App MARYAM BEGUM,8299.75,2055.36,173054.62
02 Jan 2025,02 Jan 2025,408141,Raast IBFT to OMAR ZAMAN,16944.34,520.26,463895.61
14 Dec 2024,14 Dec 2024,,Raast IBFT to IQRA PARVEEN,3219.73,18014.02,64997.68
18 Nov 2024,18 Nov 2024,,Raast IBFT to IQRA PARVEEN,1276.89,2690.4,312905.15
08 Jan 2025,08 Jan 2025,,Raast IBFT to OMAR ZAMAN,9679.26,4521.22,260332.96
22 Dec 2024,22 Dec 2024,,INET Inter Bank Fund Transfer Charges,12279.79,15956.72,438221.61
11 Jan 2025,11 Jan 2025,,Mobile App MARYAM BEGUM,10789.8,16485.18,17038.38
01 Jan 2025,01 Jan 2025,,Raast IBFT to OMAR ZAMAN,24940.42,455.55,372592.58
06 Feb 2025,06 Feb 2025,,Mobile App MARYAM BEGUM,15003.65,1699.59,453350.93
12 Dec 2024,12 Dec 2024,,Mobile App MARYAM BEGUM,8649.48,17132.24,63543.63
03 Nov 2024,03 Nov 2024,,Raast IBFT to IQRA PARVEEN,13597.12,16597.09,183043.36
26 Dec 2024,26 Dec 2024,990736,Mobile App MARYAM BEGUM,21842.91,9236.72,70419.57
07 Dec 2024,07 Dec 2024,,Mobile App MARYAM BEGUM,9925.65,3838.36,376326.75
20 Jan 2025,20 Jan 2025,,Mobile App MARYAM BEGUM,23720.41,15628.73,486879.03
11 Jan 2025,11 Jan 2025,047221,Raast IBFT to IQRA PARVEEN,6960.61,4969.83,384509.01
09 Feb 2025,09 Feb 2025,,Mobile App MARYAM BEGUM,4775.77,5807.79,59548.58
14 Jan 2025,14 Jan 2025,,Raast IBFT to OMAR ZAMAN,13856.42,11332.5,181112.58
21 Jan 2025,21 Jan 2025,205172,INET Inter Bank Fund Transfer Charges,18036.78,8137.88,173651.21
01 Nov 2024,01 Nov 2024,,Raast IBFT to IQRA PARVEEN,16310.93,4057.27,108871.96
17 Nov 2024,17 Nov 2024,,Raast IBFT to OMAR ZAMAN,4537.87,10402.75,204449.29
12 Jan 2025,12 Jan 2025,,INET Inter Bank Fund Transfer Charges,24701.45,22463.9,447570.7
06 Jan 2025,06 Jan 2025,,Raast IBFT to OMAR ZAMAN,1369.3,5748.44,198714.35
04 Nov 2024,04 Nov 2024,,Raast IBFT to OMAR ZAMAN,24751.35,2983.58,124316.54
21 Jan 2025,21 Jan 2025,653537,Mobile App MARYAM BEGUM,21814.1,17617.3,125977.89
14 Dec 2024,14 Dec 2024,538078,INET Inter Bank Fund Transfer Charges,15513.11,949.2,106449.65
13 Jan 2025,13 Jan 2025,,Raast IBFT to IQRA PARVEEN,20534.99,607.33,141530.08
02 Dec 2024,02 Dec 2024,910676,INET Inter Bank Fund Transfer Charges,14375.21,15709.89,46108.83
12 Nov 2024,12 Nov 2024,,Raast IBFT to OMAR ZAMAN,2532.23,16961.58,95362.26
30 Nov 2024,30 Nov 2024,612466,INET Inter Bank Fund Transfer Charges,5378.9,3198.78,436911.42
26 Nov 2024,26 Nov 2024,961076,Raast IBFT to IQRA PARVEEN,14668.6,14083.3,150279.69
13 Jan 2025,13 Jan 2025,809738,Raast IBFT to OMAR ZAMAN,9063.44,974.36,168690.0
06 Jan 2025,06 Jan 2025,168726,Mobile App MARYAM BEGUM,9649.05,10270.02,199099.25
28 Nov 2024,28 Nov 2024,217484,Mobile App MARYAM BEGUM,6831.53,12042.84,77873.69
25 Nov 2024,25 Nov 2024,,Raast IBFT to OMAR ZAMAN,10632.62,4413.6,138152.6
31 Dec 2024,31 Dec 2024,,Raast IBFT to OMAR ZAMAN,16069.16,19944.23,91413.16
06 Dec 2024,06 Dec 2024,,INET Inter Bank Fund Transfer Charges,3428.77,18607.86,287501.25
28 Nov 2024,28 Nov 2024,,INET Inter Bank Fund Transfer Charges,14105.73,629.71,415199.23
24 Dec 2024,24 Dec 2024,,INET Inter Bank Fund Transfer Charges,6124.28,23849.03,135357.28
08 Dec 2024,08 Dec 2024,486135,Raast IBFT to IQRA PARVEEN,3549.81,23880.41,398123.25
13 Jan 2025,13 Jan 2025,,INET Inter Bank Fund Transfer Charges,15166.36,524.66,250167.77
22 Dec 2024,22 Dec 2024,,Mobile App MARYAM BEGUM,2055.09,11281.65,178288.53
07 Nov 2024,07 Nov 2024,009365,Mobile App MARYAM BEGUM,5831.65,16906.21,129303.7
08 Jan 2025,08 Jan 2025,197085,Raast IBFT to IQRA PARVEEN,4549.19,15117.19,375833.92
30 Jan 2025,30 Jan 2025,530335,Mobile App MARYAM BEGUM,17959.69,16823.68,381933.53
11 Jan 2025,11 Jan 2025,416847,Mobile App MARYAM BEGUM,20550.26,19224.29,200205.79
24 Nov 2024,24 Nov 2024,,Mobile App MARYAM BEGUM,1337.07,4089.04,451379.28
10 Dec 2024,10 Dec 2024,747892,Raast IBFT to OMAR ZAMAN,3230.15,5411.9,364215.88
13 Jan 2025,13 Jan 2025,,Raast IBFT to OMAR ZAMAN,19322.15,15859.61,129053.49
12 Jan 2025,12 Jan 2025,,Raast IBFT to IQRA PARVEEN,9522.59,16734.44,191244.35
28 Dec 2024,28 Dec 2024,518496,INET Inter Bank Fund Transfer Charges,18341.5,19594.19,284465.53
07 Feb 2025,07 Feb 2025,,Raast IBFT to OMAR ZAMAN,8111.99,2122.46,202431.46
24 Dec 2024,24 Dec 2024,,Raast IBFT to OMAR ZAMAN,12013.55,17331.43,419146.53
23 Dec 2024,23 Dec 2024,642895,Raast IBFT to OMAR ZAMAN,13792.42,13191.53,274860.62
17 Jan 2025,17 Jan 2025,343293,INET Inter Bank Fund Transfer Charges,13940.91,7559.32,103137.05
21 Jan 2025,21 Jan 2025,022079,INET Inter Bank Fund Transfer Charges,11027.44,2329.4,266720.03
31 Jan 2025,31 Jan 2025,478245,Mobile App MARYAM BEGUM,23150.14,23597.37,171501.42
01 Dec 2024,01 Dec 2024,197338,Raast IBFT to OMAR ZAMAN,19940.91,2554.98,115568.87
05 Nov 2024,05 Nov 2024,,Raast IBFT to OMAR ZAMAN,18262.03,19221.42,382984.8
08 Dec 2024,08 Dec 2024,475980,INET Inter Bank Fund Transfer Charges,12275.57,3665.48,17459.1
20 Nov 2024,20 Nov 2024,167069,Raast IBFT to IQRA PARVEEN,5494.18,9196.85,31504.46
04 Jan 2025,04 Jan 2025,,INET Inter Bank Fund Transfer Charges,22838.43,14166.23,167560.68
17 Jan 2025,17 Jan 2025,204813,Raast IBFT to IQRA PARVEEN,8536.86,1847.9,24466.63
28 Jan 2025,28 Jan 2025,,Raast IBFT to OMAR ZAMAN,17617.88,1255.38,368344.96
03 Nov 2024,03 Nov 2024,,Raast IBFT to IQRA PARVEEN,24292.67,12377.92,194329.41
20 Dec 2024,20 Dec 2024,549157,Mobile App MARYAM BEGUM,16210.68,4267.34,306237.88
18 Nov 2024,18 Nov 2024,,Raast IBFT to OMAR ZAMAN,2705.42,22558.07,41474.45
01 Feb 2025,01 Feb 2025,293175,Raast IBFT to OMAR ZAMAN,22260.71,10053.18,425929.01
15 Dec 2024,15 Dec 2024,,Raast IBFT to OMAR ZAMAN,24101.64,16374.44,22720.79
04 Dec 2024,04 Dec 2024,714199,INET Inter Bank Fund Transfer Charges,9602.13,11891.21,31511.72
13 Dec 2024,13 Dec 2024,486578,Raast IBFT to OMAR ZAMAN,3323.47,8018.38,494423.2
16 Nov 2024,16 Nov 2024,,INET Inter Bank Fund Transfer Charges,9157.55,4880.85,79859.59
01 Feb 2025,01 Feb 2025,,INET Inter Bank Fund Transfer Charges,4485.09,17986.4,227454.84
24 Dec 2024,24 Dec 2024,863618,INET Inter Bank Fund Transfer Charges,7294.32,11259.31,59629.92
15 Nov 2024,15 Nov 2024,,INET Inter Bank Fund Transfer Charges,10749.78,4461.06,345167.37
08 Feb 2025,08 Feb 2025,700501,Raast IBFT to OMAR ZAMAN,16989.6,22750.36,83438.15
08 Nov 2024,08 Nov 2024,,Mobile App MARYAM BEGUM,5686.6,22061.59,164283.66
03 Jan 2025,03 Jan 2025,343816,Raast IBFT to OMAR ZAMAN,16847.48,15901.56,460066.43
02 Dec 2024,02 Dec 2024,820077,Raast IBFT to OMAR ZAMAN,2948.59,15305.42,23820.76
24 Dec 2024,24 Dec 2024,,Raast IBFT to IQRA PARVEEN,7244.63,13023.95,208115.68
09 Dec 2024,09 Dec 2024,,INET Inter Bank Fund Transfer Charges,22431.45,16753.36,167765.41
26 Jan 2025,26 Jan 2025,106119,Raast IBFT to OMAR ZAMAN,9855.87,17188.47,159178.85
28 Jan 2025,28 Jan 2025,954037,Raast IBFT to IQRA PARVEEN,15390.75,19757.19,324930.77
10 Nov 2024,10 Nov 2024,,Raast IBFT to OMAR ZAMAN,17513.89,12798.81,96753.92
30 Dec 2024,30 Dec 2024,875684,Raast IBFT to IQRA PARVEEN,20509.36,6430.03,189922.64
04 Jan 2025,04 Jan 2025,,Raast IBFT to OMAR ZAMAN,14124.57,13683.8,443223.45
02 Nov 2024,02 Nov 2024,580828,Raast IBFT to OMAR ZAMAN,19027.19,6548.59,332062.79
04 Feb 2025,04 Feb 2025,175919,Mobile App MARYAM BEGUM,1237.83,8235.41,27364.07
24 Dec 2024,24 Dec 2024,,Mobile App MARYAM BEGUM,10153.88,21960.04,478725.24
19 Nov 2024,19 Nov 2024,,Raast IBFT to IQRA PARVEEN,6008.87,15675.92,256481.69
02 Nov 2024,02 Nov 2024,,INET Inter Bank Fund Transfer Charges,22792.8,9477.58,321760.05
03 Jan 2025,03 Jan 2025,749996,Raast IBFT to OMAR ZAMAN,13405.38,14481.65,412610.62
28 Nov 2024,28 Nov 2024,289052,Raast IBFT to IQRA PARVEEN,9006.0,15820.67,243937.76
28 Jan 2025,28 Jan 2025,,INET Inter Bank Fund Transfer Charges,23108.41,3125.36,443070.09
10 Jan 2025,10 Jan 2025,,INET Inter Bank Fund Transfer Charges,2826.95,23562.49,301669.67
27 Dec 2024,27 Dec 2024,,Raast IBFT to OMAR ZAMAN,20895.82,21998.92,308968.63
26 Jan 2025,26 Jan 2025,242928,Mobile App MARYAM BEGUM,19005.55,21618.21,17115.68
04 Nov 2024,04 Nov 2024,471564,INET Inter Bank Fund Transfer Charges,20662.07,6870.25,61953.38
23 Jan 2025,23 Jan 2025,,INET Inter Bank Fund Transfer Charges,24080.5,10310.18,416026.77
17 Jan 2025,17 Jan 2025,,Raast IBFT to OMAR ZAMAN,11556.22,14674.21,454736.27
09 Feb 2025,09 Feb 2025,,Raast IBFT to IQRA PARVEEN,5803.39,3038.51,302168.04
30 Dec 2024,30 Dec 2024,911606,Raast IBFT to IQRA PARVEEN,15523.39,24218.45,12926.22
21 Dec 2024,21 Dec 2024,,Raast IBFT to OMAR ZAMAN,17974.58,4904.29,233477.75
28 Nov 2024,28 Nov 2024,,INET Inter Bank Fund Transfer Charges,22339.03,9830.21,445574.13
23 Jan 2025,23 Jan 2025,825360,Raast IBFT to OMAR ZAMAN,22110.63,1617.63,441385.94
21 Dec 2024,21 Dec 2024,,Mobile App MARYAM BEGUM,2081.53,19340.75,132841.87
23 Nov 2024,23 Nov 2024,503065,Raast IBFT to OMAR ZAMAN,3595.41,8804.55,104185.04
09 Dec 2024,09 Dec 2024,,Raast IBFT to OMAR ZAMAN,9440.17,5548.14,27957.23
13 Dec 2024,13 Dec 2024,,INET Inter Bank Fund Transfer Charges,8443.22,14424.81,488789.0
07 Nov 2024,07 Nov 2024,,Mobile App MARYAM BEGUM,15454.4,22508.91,47077.11
09 Jan 2025,09 Jan 2025,336543,Raast IBFT to IQRA PARVEEN,12992.71,5055.3,82732.43
16 Jan 2025,16 Jan 2025,202358,Mobile App MARYAM BEGUM,19016.08,15969.67,110399.96
11 Dec 2024,11 Dec 2024,052063,Raast IBFT to IQRA PARVEEN,16270.36,14171.33,114488.04
06 Dec 2024,06 Dec 2024,,Raast IBFT to IQRA PARVEEN,7907.51,19514.01,143293.13
30 Nov 2024,30 Nov 2024,,INET Inter Bank Fund Transfer Charges,5326.92,2255.14,13393.05
23 Jan 2025,23 Jan 2025,443398,Raast IBFT to OMAR ZAMAN,12461.91,14734.9,403771.78
15 Jan 2025,15 Jan 2025,,Raast IBFT to OMAR ZAMAN,16094.62,15620.1,351745.11
29 Nov 2024,29 Nov 2024,565964,Raast IBFT to OMAR ZAMAN,14396.3,21692.62,414192.32
08 Feb 2025,08 Feb 2025,315128,Mobile App MARYAM BEGUM,16169.81,19966.97,361364.08
09 Jan 2025,09 Jan 2025,,Raast IBFT to OMAR ZAMAN,8441.92,16304.8,434073.31
26 Jan 2025,26 Jan 2025,,Mobile App MARYAM BEGUM,16609.9,13526.71,78913.17
09 Nov 2024,09 Nov 2024,,Mobile App MARYAM BEGUM,19561.12,15454.25,337908.77
22 Jan 2025,22 Jan 2025,,Mobile App MARYAM BEGUM,5045.34,8795.07,402409.19
03 Jan 2025,03 Jan 2025,,Raast IBFT to OMAR ZAMAN,22820.97,23305.44,489234.01
09 Dec 2024,09 Dec 2024,,Mobile App MARYAM BEGUM,1924.64,18338.16,487930.91
19 Jan 2025,19 Jan 2025,900289,Raast IBFT to OMAR ZAMAN,9307.73,1604.71,138319.49
01 Feb 2025,01 Feb 2025,635632,Raast IBFT to IQRA PARVEEN,23991.44,19949.6,376488.47
25 Jan 2025,25 Jan 2025,,Raast IBFT to IQRA PARVEEN,21311.82,8118.0,255748.19
19 Jan 2025,19 Jan 2025,612984,Raast IBFT to OMAR ZAMAN,5444.61,4516.79,455578.09
08 Jan 2025,08 Jan 2025,,Raast IBFT to IQRA PARVEEN,16563.72,7324.06,361003.17
06 Dec 2024,06 Dec 2024,,Mobile App MARYAM BEGUM,3787.98,4231.16,246407.64
10 Jan 2025,10 Jan 2025,,Mobile App MARYAM BEGUM,19329.24,6870.36,254399.34
09 Jan 2025,09 Jan 2025,,Mobile App MARYAM BEGUM,13655.67,4333.31,471602.56
26 Nov 2024,26 Nov 2024,448926,Raast IBFT to IQRA PARVEEN,6898.75,9644.88,186595.2
30 Dec 2024,30 Dec 2024,070757,Raast IBFT to OMAR ZAMAN,9507.43,20684.42,310352.94
01 Dec 2024,01 Dec 2024,,Raast IBFT to OMAR ZAMAN,17314.26,12490.22,444924.62
10 Nov 2024,10 Nov 2024,,INET Inter Bank Fund Transfer Charges,10575.26,21690.9,132269.33
03 Jan 2025,03 Jan 2025,,Raast IBFT to OMAR ZAMAN,6349.77,16202.46,468180.24
04 Dec 2024,04 Dec 2024,388507,INET Inter Bank Fund Transfer Charges,12734.41,22569.35,272808.5
21 Dec 2024,21 Dec 2024,,Mobile App MARYAM BEGUM,22101.7,20678.25,347219.53
21 Jan 2025,21 Jan 2025,333738,Raast IBFT to IQRA PARVEEN,13531.45,20346.03,121162.58
22 Nov 2024,22 Nov 2024,183270,Raast IBFT to IQRA PARVEEN,13034.55,16798.36,139756.35
15 Nov 2024,15 Nov 2024,145107,INET Inter Bank Fund Transfer Charges,18344.33,5383.8,437680.7
20 Jan 2025,20 Jan 2025,,Raast IBFT to OMAR ZAMAN,18120.16,23440.69,415903.14
01 Jan 2025,01 Jan 2025,,Mobile App MARYAM BEGUM,17114.76,1169.21,131846.62
09 Jan 2025,09 Jan 2025,,Raast IBFT to OMAR ZAMAN,16124.95,5463.32,498100.69
09 Feb 2025,09 Feb 2025,922632,Raast IBFT to IQRA PARVEEN,11924.47,11177.69,160448.73
11 Jan 2025,11 Jan 2025,,INET Inter Bank Fund Transfer Charges,17166.5,11609.88,64436.74
26 Nov 2024,26 Nov 2024,,Raast IBFT to OMAR ZAMAN,24973.17,8270.08,283651.18
08 Feb 2025,08 Feb 2025,,INET Inter Bank Fund Transfer Charges,12977.45,22873.54,484692.93
16 Dec 2024,16 Dec 2024,,INET Inter Bank Fund Transfer Charges,23288.82,9939.08,31243.53
18 Jan 2025,18 Jan 2025,491441,Mobile App MARYAM BEGUM,12687.0,15951.51,195211.6
08 Jan 2025,08 Jan 2025,313765,Mobile App MARYAM BEGUM,18174.37,1849.52,436919.62
18 Nov 2024,18 Nov 2024,968379,INET Inter Bank Fund Transfer Charges,1342.31,3813.4,31823.72
21 Jan 2025,21 Jan 2025,,Mobile App MARYAM BEGUM,16006.83,12288.1,162721.51
16 Jan 2025,16 Jan 2025,570444,Raast IBFT to OMAR ZAMAN,18948.81,12345.14,66538.34
07 Jan 2025,07 Jan 2025,,INET Inter Bank Fund Transfer Charges,12671.08,17607.79,366617.44
27 Nov 2024,27 Nov 2024,517134,Mobile App MARYAM BEGUM,7214.22,8874.39,249002.23
04 Nov 2024,04 Nov 2024,505075,INET Inter Bank Fund Transfer Charges,5308.43,4727.71,199171.04
31 Dec 2024,31 Dec 2024,703757,INET Inter Bank Fund Transfer Charges,9637.6,23576.17,123910.8
20 Dec 2024,20 Dec 2024,,Raast IBFT to OMAR ZAMAN,21412.01,22356.23,134112.03
11 Nov 2024,11 Nov 2024,,Raast IBFT to OMAR ZAMAN,20314.89,20871.18,29018.77
03 Dec 2024,03 Dec 2024,,Raast IBFT to IQRA PARVEEN,10505.79,1628.54,126720.78
02 Dec 2024,02 Dec 2024,839769,INET Inter Bank Fund Transfer Charges,9870.09,17628.95,393073.62
16 Dec 2024,16 Dec 2024,984590,INET Inter Bank Fund Transfer Charges,16982.74,22208.52,381353.32
11 Jan 2025,11 Jan 2025,,Raast IBFT to IQRA PARVEEN,23839.6,19935.03,237699.99
11 Nov 2024,11 Nov 2024,735327,Raast IBFT to IQRA PARVEEN,21466.83,834.9,331919.1
21 Jan 2025,21 Jan 2025,563162,INET Inter Bank Fund Transfer Charges,23035.49,20049.3,172840.73
20 Dec 2024,20 Dec 2024,,Raast IBFT to OMAR ZAMAN,4762.29,11972.99,239687.91
05 Nov 2024,05 Nov 2024,,Mobile App MARYAM BEGUM,20867.31,14960.01,474504.65
04 Jan 2025,04 Jan 2025,,Raast IBFT to OMAR ZAMAN,2891.96,15599.83,496882.34
20 Jan 2025,20 Jan 2025,413926,Raast IBFT to OMAR ZAMAN,20811.08,3629.4,336912.58
01 Dec 2024,01 Dec 2024,,Raast IBFT to OMAR ZAMAN,4565.44,3500.17,491923.29
09 Feb 2025,09 Feb 2025,,Mobile App MARYAM BEGUM,24082.56,3809.42,306426.16
26 Dec 2024,26 Dec 2024,,Raast IBFT to OMAR ZAMAN,23830.73,1364.58,201993.63
14 Dec 2024,14 Dec 2024,759674,Raast IBFT to OMAR ZAMAN,13320.86,4938.4,327660.45
18 Nov 2024,18 Nov 2024,822548,INET Inter Bank Fund Transfer Charges,12869.58,17227.41,13377.72
26 Nov 2024,26 Nov 2024,504855,Raast IBFT to IQRA PARVEEN,22506.11,8745.37,431374.89
03 Feb 2025,03 Feb 2025,091219,Mobile App MARYAM BEGUM,14298.5,21650.68,464250.53
02 Nov 2024,02 Nov 2024,,Mobile App MARYAM BEGUM,24486.36,18064.54,376366.71
12 Jan 2025,12 Jan 2025,,Mobile App MARYAM BEGUM,15152.64,24595.97,203895.86
04 Nov 2024,04 Nov 2024,172453,INET Inter Bank Fund Transfer Charges,12611.1,5689.78,256897.09
18 Nov 2024,18 Nov 2024,020267,Mobile App MARYAM BEGUM,22290.39,765.35,101452.05
28 Nov 2024,28 Nov 2024,,INET Inter Bank Fund Transfer Charges,8619.63,12523.4,480092.35
10 Dec 2024,10 Dec 2024,214084,Mobile App MARYAM BEGUM,11975.08,11455.54,73366.14
14 Jan 2025,14 Jan 2025,,Raast IBFT to IQRA PARVEEN,14523.41,9036.12,157647.52
25 Jan 2025,25 Jan 2025,396299,Raast IBFT to OMAR ZAMAN,19213.74,16475.87,176970.34
12 Nov 2024,12 Nov 2024,,Raast IBFT to IQRA PARVEEN,5373.58,13220.33,238068.78
11 Dec 2024,11 Dec 2024,,INET Inter Bank Fund Transfer Charges,23096.86,4072.84,207200.95
09 Nov 2024,09 Nov 2024,088365,INET Inter Bank Fund Transfer Charges,8107.94,4660.68,358195.73
01 Feb 2025,01 Feb 2025,,Mobile App MARYAM BEGUM,13456.09,4362.02,116556.71
31 Dec 2024,31 Dec 2024,,Raast IBFT to OMAR ZAMAN,8716.85,14999.16,401252.06
09 Jan 2025,09 Jan 2025,,Mobile App MARYAM BEGUM,4414.66,14001.65,42922.75
11 Dec 2024,11 Dec 2024,,Raast IBFT to OMAR ZAMAN,23558.68,14346.41,41098.97
10 Dec 2024,10 Dec 2024,537178,INET Inter Bank Fund Transfer Charges,22389.98,2150.13,482243.91
01 Nov 2024,01 Nov 2024,,INET Inter Bank Fund Transfer Charges,4786.49,4363.51,287019.48
29 Nov 2024,29 Nov 2024,165074,Raast IBFT to OMAR ZAMAN,20810.41,552.55,54870.31
31 Jan 2025,31 Jan 2025,,Raast IBFT to IQRA PARVEEN,13570.17,11743.88,121711.84
04 Nov 2024,04 Nov 2024,,Raast IBFT to IQRA PARVEEN,16582.59,21332.43,71585.03
26 Nov 2024,26 Nov 2024,,Raast IBFT to IQRA PARVEEN,14612.52,16709.74,81641.96
24 Jan 2025,24 Jan 2025,,Raast IBFT to IQRA PARVEEN,23458.38,4729.31,12453.73
09 Jan 2025,09 Jan 2025,,Raast IBFT to IQRA PARVEEN,10439.72,13310.52,139314.92
28 Dec 2024,28 Dec 2024,,Mobile App MARYAM BEGUM,5002.54,2315.13,127345.78
11 Jan 2025,11 Jan 2025,,Mobile App MARYAM BEGUM,15066.11,2348.67,498741.21
17 Jan 2025,17 Jan 2025,538622,Raast IBFT to OMAR ZAMAN,17993.63,24237.21,52197.22
23 Nov 2024,23 Nov 2024,,INET Inter Bank Fund Transfer Charges,23583.43,12912.12,431678.5
21 Nov 2024,21 Nov 2024,829441,Raast IBFT to OMAR ZAMAN,3360.16,6010.06,485435.66
02 Feb 2025,02 Feb 2025,,Mobile App MARYAM BEGUM,12735.62,20045.66,132671.16
11 Nov 2024,11 Nov 2024,,Raast IBFT to OMAR ZAMAN,18868.06,10125.17,302160.03
10 Dec 2024,10 Dec 2024,035829,Mobile App MARYAM BEGUM,10133.68,20752.16,147497.68
30 Nov 2024,30 Nov 2024,030193,Mobile App MARYAM BEGUM,14115.53,1012.88,103071.75
21 Nov 2024,21 Nov 2024,,Raast IBFT to OMAR ZAMAN,3576.03,23631.93,233505.47
05 Nov 2024,05 Nov 2024,552406,INET Inter Bank Fund Transfer Charges,14000.62,11561.29,364331.31
08 Jan 2025,08 Jan 2025,869616,Mobile App MARYAM BEGUM,16071.01,10767.32,320340.59
08 Nov 2024,08 Nov 2024,981581,Mobile App MARYAM BEGUM,15351.82,20447.34,461945.1
27 Nov 2024,27 Nov 2024,508004,Mobile App MARYAM BEGUM,24580.09,12496.43,139492.46
17 Dec 2024,17 Dec 2024,140232,INET Inter Bank Fund Transfer Charges,7566.2,24382.43,494344.91
07 Dec 2024,07 Dec 2024,647904,Mobile App MARYAM BEGUM,18732.07,4984.77,137520.61
27 Jan 2025,27 Jan 2025,304264,INET Inter Bank Fund Transfer Charges,9738.57,17228.99,58446.82
31 Jan 2025,31 Jan 2025,,INET Inter Bank Fund Transfer Charges,19554.17,18759.15,377956.43
31 Dec 2024,31 Dec 2024,,Mobile App MARYAM BEGUM,16225.23,10112.94,66550.14
09 Dec 2024,09 Dec 2024,757812,INET Inter Bank Fund Transfer Charges,19785.68,5173.34,354226.6
07 Feb 2025,07 Feb 2025,259279,Raast IBFT to IQRA PARVEEN,2261.08,10855.2,414103.7
02 Dec 2024,02 Dec 2024,532097,INET Inter Bank Fund Transfer Charges,18891.48,12909.79,129836.94
21 Nov 2024,21 Nov 2024,,Mobile App MARYAM BEGUM,8080.73,15952.0,114698.74
11 Jan 2025,11 Jan 2025,453250,Mobile App MARYAM BEGUM,22433.22,16677.07,302406.2
15 Nov 2024,15 Nov 2024,,Mobile App MARYAM BEGUM,12321.49,667.54,369703.27
16 Nov 2024,16 Nov 2024,,Raast IBFT to OMAR ZAMAN,14155.55,14600.1,136154.77
03 Feb 2025,03 Feb 2025,094873,Raast IBFT to IQRA PARVEEN,2877.61,23458.95,479358.66
02 Nov 2024,02 Nov 2024,138171,Mobile App MARYAM BEGUM,6578.06,20304.21,481124.59
20 Nov 2024,20 Nov 2024,470898,INET Inter Bank Fund Transfer Charges,15943.73,4373.34,297514.13
12 Jan 2025,12 Jan 2025,,Mobile App MARYAM BEGUM,11804.87,20018.93,418146.03
02 Jan 2025,02 Jan 2025,936953,INET Inter Bank Fund Transfer Charges,14864.07,7813.26,24298.51
21 Jan 2025,21 Jan 2025,,INET Inter Bank Fund Transfer Charges,15696.95,1381.81,392443.85
14 Nov 2024,14 Nov 2024,372306,Raast IBFT to IQRA PARVEEN,24914.56,9750.0,419447.84
05 Feb 2025,05 Feb 2025,,INET Inter Bank Fund Transfer Charges,20669.18,3493.31,486341.12
26 Jan 2025,26 Jan 2025,886520,INET Inter Bank Fund Transfer Charges,6380.36,16746.08,176713.22
06 Jan 2025,06 Jan 2025,,Raast IBFT to OMAR ZAMAN,12573.76,6876.49,417827.93
04 Jan 2025,04 Jan 2025,336726,INET Inter Bank Fund Transfer Charges,22744.68,6548.46,361563.36
07 Feb 2025,07 Feb 2025,,Raast IBFT to IQRA PARVEEN,14294.12,12258.27,177811.53
07 Dec 2024,07 Dec 2024,,Raast IBFT to OMAR ZAMAN,1335.34,2467.7,256614.71
30 Dec 2024,30 Dec 2024,,INET Inter Bank Fund Transfer Charges,19658.58,9494.63,395212.65
07 Nov 2024,07 Nov 2024,648359,Raast IBFT to OMAR ZAMAN,5507.48,18304.71,493028.95
13 Jan 2025,13 Jan 2025,041948,Mobile App MARYAM BEGUM,12700.76,15779.2,180374.82
29 Jan 2025,29 Jan 2025,,INET Inter Bank Fund Transfer Charges,23800.09,16115.94,456735.86
18 Jan 2025,18 Jan 2025,063036,Raast IBFT to IQRA PARVEEN,5132.0,187.03,389517.49
21 Dec 2024,21 Dec 2024,272255,Mobile App MARYAM BEGUM,4348.07,6646.16,439140.0
31 Dec 2024,31 Dec 2024,,Raast IBFT to IQRA PARVEEN,2135.78,12709.24,437141.76
25 Nov 2024,25 Nov 2024,832343,INET Inter Bank Fund Transfer Charges,12477.96,23569.28,72770.1
22 Dec 2024,22 Dec 2024,,INET Inter Bank Fund Transfer Charges,11119.3,208.66,46516.85
12 Jan 2025,12 Jan 2025,094355,INET Inter Bank Fund Transfer Charges,15726.3,2235.91,282698.36
09 Feb 2025,09 Feb 2025,262404,Raast IBFT to OMAR ZAMAN,18345.95,6429.24,254920.32
20 Nov 2024,20 Nov 2024,153353,INET Inter Bank Fund Transfer Charges,8811.91,6264.49,448428.39
30 Jan 2025,30 Jan 2025,,INET Inter Bank Fund Transfer Charges,12101.6,24934.91,270748.34
26 Dec 2024,26 Dec 2024,,Raast IBFT to IQRA PARVEEN,11586.33,4541.91,380274.2
31 Jan 2025,31 Jan 2025,,Raast IBFT to IQRA PARVEEN,16163.55,7078.92,230498.24
20 Nov 2024,20 Nov 2024,911905,Raast IBFT to OMAR ZAMAN,6366.64,22324.77,297842.19
27 Nov 2024,27 Nov 2024,225512,Mobile App MARYAM BEGUM,17244.53,18051.37,318747.38
03 Nov 2024,03 Nov 2024,711722,Raast IBFT to IQRA PARVEEN,9377.84,23658.7,63844.26
10 Dec 2024,10 Dec 2024,596740,Mobile App MARYAM BEGUM,21707.53,19472.52,79863.16
08 Feb 2025,08 Feb 2025,,INET Inter Bank Fund Transfer Charges,17357.42,16505.87,195534.18
15 Dec 2024,15 Dec 2024,,Mobile App MARYAM BEGUM,10583.56,18010.08,329348.18
17 Nov 2024,17 Nov 2024,,Raast IBFT to OMAR ZAMAN,6262.55,5832.88,168698.19
16 Dec 2024,16 Dec 2024,,Raast IBFT to IQRA PARVEEN,24432.11,2613.54,25887.91
02 Feb 2025,02 Feb 2025,,Raast IBFT to IQRA PARVEEN,23906.12,1842.69,150990.07
01 Jan 2025,01 Jan 2025,,INET Inter Bank Fund Transfer Charges,11586.69,5661.75,251920.57
18 Jan 2025,18 Jan 2025,,Mobile App MARYAM BEGUM,8781.79,14216.09,257526.15
24 Dec 2024,24 Dec 2024,,Mobile App MARYAM BEGUM,24073.32,16285.95,369756.64
19 Jan 2025,19 Jan 2025,641702,Mobile App MARYAM BEGUM,2977.73,2589.55,346116.77
12 Jan 2025,12 Jan 2025,,Raast IBFT to IQRA PARVEEN,5582.87,2554.64,88466.68
04 Feb 2025,04 Feb 2025,,Mobile App MARYAM BEGUM,2236.46,24102.64,264123.34
02 Jan 2025,02 Jan 2025,861388,Raast IBFT to IQRA PARVEEN,15323.06,11652.93,251585.51
03 Nov 2024,03 Nov 2024,,Mobile App MARYAM BEGUM,3819.39,20743.59,242482.17
28 Jan 2025,28 Jan 2025,,Raast IBFT to IQRA PARVEEN,6593.84,14821.26,138893.69
07 Dec 2024,07 Dec 2024,,Raast IBFT to IQRA PARVEEN,19159.35,12557.2,449313.4
07 Nov 2024,07 Nov 2024,,INET Inter Bank Fund Transfer Charges,5382.14,23543.66,430208.76
03 Dec 2024,03 Dec 2024,205351,INET Inter Bank Fund Transfer Charges,13368.2,22627.19,14094.77
02 Nov 2024,02 Nov 2024,,INET Inter Bank Fund Transfer Charges,21492.57,16834.92,65187.12
23 Dec 2024,23 Dec 2024,127067,Mobile App MARYAM BEGUM,1163.28,11888.0,488183.49
07 Nov 2024,07 Nov 2024,,Raast IBFT to OMAR ZAMAN,4058.33,12157.05,442293.21
05 Nov 2024,05 Nov 2024,,Mobile App MARYAM BEGUM,2140.12,23187.04,24855.74
24 Dec 2024,24 Dec 2024,,Raast IBFT to OMAR ZAMAN,1868.25,12504.07,370635.52
02 Dec 2024,02 Dec 2024,309403,Mobile App MARYAM BEGUM,18323.68,21480.83,291684.62
31 Jan 2025,31 Jan 2025,,Raast IBFT to OMAR ZAMAN,15707.18,24245.05,384332.17
03 Dec 2024,03 Dec 2024,,Raast IBFT to OMAR ZAMAN,20362.96,67.86,217769.9
21 Jan 2025,21 Jan 2025,440039,Raast IBFT to IQRA PARVEEN,10912.7,7794.67,251408.64
15 Jan 2025,15 Jan 2025,,INET Inter Bank Fund Transfer Charges,20346.13,10870.43,452053.96
02 Nov 2024,02 Nov 2024,126883,Mobile App MARYAM BEGUM,21504.64,23297.98,425116.69
27 Nov 2024,27 Nov 2024,,Mobile App MARYAM BEGUM,3236.53,17985.45,259026.94
08 Feb 2025,08 Feb 2025,,INET Inter Bank Fund Transfer Charges,6050.59,6671.76,147648.31
28 Nov 2024,28 Nov 2024,,Raast IBFT to OMAR ZAMAN,19462.65,21406.29,198060.14
25 Jan 2025,25 Jan 2025,,INET Inter Bank Fund Transfer Charges,11592.01,4004.89,413027.08
22 Jan 2025,22 Jan 2025,374877,Raast IBFT to OMAR ZAMAN,8916.39,21583.82,118705.59
16 Jan 2025,16 Jan 2025,,Raast IBFT to OMAR ZAMAN,17179.5,16902.14,482656.11
21 Dec 2024,21 Dec 2024,,Raast IBFT to IQRA PARVEEN,19199.72,1483.52,376782.15
26 Jan 2025,26 Jan 2025,944096,Raast IBFT to IQRA PARVEEN,5634.34,11018.94,218667.53
17 Dec 2024,17 Dec 2024,,INET Inter Bank Fund Transfer Charges,1241.05,7465.92,470168.67
30 Jan 2025,30 Jan 2025,,Mobile App MARYAM BEGUM,3891.41,410.53,463457.59
28 Jan 2025,28 Jan 2025,784374,Mobile App MARYAM BEGUM,17498.7,243.04,420743.3
04 Feb 2025,04 Feb 2025,860715,INET Inter Bank Fund Transfer Charges,15544.47,13064.61,252399.26
10 Nov 2024,10 Nov 2024,163697,INET Inter Bank Fund Transfer Charges,18568.95,18734.66,361556.45
04 Dec 2024,04 Dec 2024,784993,Raast IBFT to OMAR ZAMAN,8744.97,19454.02,201994.02
13 Dec 2024,13 Dec 2024,530131,INET Inter Bank Fund Transfer Charges,11271.35,20466.77,226979.44
14 Dec 2024,14 Dec 2024,,INET Inter Bank Fund Transfer Charges,10215.93,22719.94,472984.26
13 Dec 2024,13 Dec 2024,612333,Mobile App MARYAM BEGUM,24433.93,14630.69,247111.12
30 Dec 2024,30 Dec 2024,,Raast IBFT to OMAR ZAMAN,10794.11,22968.85,197124.66
13 Nov 2024,13 Nov 2024,,Raast IBFT to IQRA PARVEEN,4176.03,12699.96,122366.45
07 Jan 2025,07 Jan 2025,823189,Raast IBFT to OMAR ZAMAN,1851.39,11377.87,66162.19
19 Jan 2025,19 Jan 2025,194651,Raast IBFT to IQRA PARVEEN,19416.46,24843.01,18786.05
10 Dec 2024,10 Dec 2024,399096,Raast IBFT to IQRA PARVEEN,9324.66,22272.87,157179.52
27 Jan 2025,27 Jan 2025,262426,INET Inter Bank Fund Transfer Charges,4445.86,1650.29,303723.57
07 Feb 2025,07 Feb 2025,436674,Mobile App MARYAM BEGUM,19489.71,24431.67,260990.05
07 Feb 2025,07 Feb 2025,654720,Raast IBFT to OMAR ZAMAN,24202.12,22924.84,150282.07
18 Dec 2024,18 Dec 2024,587757,Mobile App MARYAM BEGUM,1410.17,18643.26,125437.27
24 Jan 2025,24 Jan 2025,563238,INET Inter Bank Fund Transfer Charges,20314.92,8023.78,44172.74
26 Jan 2025,26 Jan 2025,570975,Raast IBFT to IQRA PARVEEN,10553.22,9735.59,23768.95
20 Nov 2024,20 Nov 2024,,INET Inter Bank Fund Transfer Charges,22759.49,13633.78,312058.76
10 Jan 2025,10 Jan 2025,,Mobile App MARYAM BEGUM,7109.35,12626.75,436434.51
25 Jan 2025,25 Jan 2025,779830,Mobile App MARYAM BEGUM,12347.85,6906.98,270712.44
03 Feb 2025,03 Feb 2025,,Raast IBFT to IQRA PARVEEN,1879.16,12709.73,427274.17
14 Nov 2024,14 Nov 2024,,Mobile App MARYAM BEGUM,23813.37,7574.13,395236.53
06 Nov 2024,06 Nov 2024,659361,Mobile App MARYAM BEGUM,6615.48,1693.53,246707.09
20 Jan 2025,20 Jan 2025,,INET Inter Bank Fund Transfer Charges,22106.78,8547.57,59149.46
17 Dec 2024,17 Dec 2024,,INET Inter Bank Fund Transfer Charges,18455.83,19085.56,390993.27
23 Jan 2025,23 Jan 2025,828496,Raast IBFT to OMAR ZAMAN,24272.46,8265.75,403413.89
25 Dec 2024,25 Dec 2024,122822,INET Inter Bank Fund Transfer Charges,16165.53,3030.16,383432.02
04 Feb 2025,04 Feb 2025,107746,Raast IBFT to OMAR ZAMAN,4183.87,10874.46,177363.98
22 Nov 2024,22 Nov 2024,,INET Inter Bank Fund Transfer Charges,22882.88,13896.04,190640.44
14 Jan 2025,14 Jan 2025,,Mobile App MARYAM BEGUM,6589.43,5195.34,443702.15
06 Jan 2025,06 Jan 2025,161774,Raast IBFT to OMAR ZAMAN,11348.48,3650.9,12668.84
23 Dec 2024,23 Dec 2024,,Raast IBFT to IQRA PARVEEN,21126.18,24975.48,498258.04
08 Dec 2024,08 Dec 2024,227806,Mobile App MARYAM BEGUM,3048.16,7296.78,148834.67
25 Nov 2024,25 Nov 2024,960276,Raast IBFT to OMAR ZAMAN,15064.68,2399.29,141475.86
30 Nov 2024,30 Nov 2024,,Raast IBFT to IQRA PARVEEN,18190.07,23449.0,352909.73
24 Dec 2024,24 Dec 2024,760066,Raast IBFT to OMAR ZAMAN,15510.69,1825.76,28549.45
09 Nov 2024,09 Nov 2024,260043,Raast IBFT to IQRA PARVEEN,1705.88,3940.12,105658.65
20 Jan 2025,20 Jan 2025,528156,Raast IBFT to OMAR ZAMAN,8140.13,18042.93,91318.83
13 Jan 2025,13 Jan 2025,237422,INET Inter Bank Fund Transfer Charges,14324.31,21534.86,69261.53
20 Nov 2024,20 Nov 2024,432196,Mobile App MARYAM BEGUM,2321.56,17647.83,226337.57
17 Jan 2025,17 Jan 2025,437686,Raast IBFT to OMAR ZAMAN,11530.02,7003.1,96298.76
26 Nov 2024,26 Nov 2024,,Raast IBFT to IQRA PARVEEN,14002.82,10676.15,34453.96
27 Jan 2025,27 Jan 2025,,Mobile App MARYAM BEGUM,10041.59,24932.97,337311.37
04 Feb 2025,04 Feb 2025,,INET Inter Bank Fund Transfer Charges,8866.68,15373.74,22673.66
03 Jan 2025,03 Jan 2025,013077,Mobile App MARYAM BEGUM,10143.97,2383.82,303243.69
01 Dec 2024,01 Dec 2024,015160,Raast IBFT to IQRA PARVEEN,18936.13,2961.98,40531.47
30 Dec 2024,30 Dec 2024,485181,Raast IBFT to IQRA PARVEEN,22214.34,7415.27,26216.85
08 Dec 2024,08 Dec 2024,,Mobile App MARYAM BEGUM,7894.13,7905.95,31987.85
16 Nov 2024,16 Nov 2024,905734,INET Inter Bank Fund Transfer Charges,15403.64,16598.1,331093.47
19 Jan 2025,19 Jan 2025,,Mobile App MARYAM BEGUM,4546.79,5451.26,261123.87
31 Jan 2025,31 Jan 2025,256906,Raast IBFT to OMAR ZAMAN,3314.44,17160.95,278674.87
31 Jan 2025,31 Jan 2025,959904,Raast IBFT to OMAR ZAMAN,21458.45,19078.46,220132.54
08 Feb 2025,08 Feb 2025,,Mobile App MARYAM BEGUM,7971.68,9343.26,260245.73
13 Nov 2024,13 Nov 2024,543373,Raast IBFT to IQRA PARVEEN,4871.54,23102.7,157011.01
02 Dec 2024,02 Dec 2024,299722,Raast IBFT to OMAR ZAMAN,12401.48,24400.13,353613.12
18 Jan 2025,18 Jan 2025,,Mobile App MARYAM BEGUM,7788.53,18770.06,58600.4
01 Dec 2024,01 Dec 2024,677242,Raast IBFT to IQRA PARVEEN,23447.29,10005.46,495732.37
12 Jan 2025,12 Jan 2025,696792,Raast IBFT to IQRA PARVEEN,24505.68,1832.41,359372.81
31 Dec 2024,31 Dec 2024,,INET Inter Bank Fund Transfer Charges,11860.86,22741.44,17781.52
11 Nov 2024,11 Nov 2024,,Raast IBFT to IQRA PARVEEN,22019.43,15878.57,214910.76
03 Feb 2025,03 Feb 2025,,Mobile App MARYAM BEGUM,20512.92,6040.41,147111.26
21 Jan 2025,21 Jan 2025,,Mobile App MARYAM BEGUM,22819.57,23261.85,19961.0
22 Nov 2024,22 Nov 2024,509590,Raast IBFT to OMAR ZAMAN,18656.18,3379.73,390379.03
13 Jan 2025,13 Jan 2025,,Mobile App MARYAM BEGUM,18922.62,7640.38,164230.19
20 Jan 2025,20 Jan 2025,,Raast IBFT to IQRA PARVEEN,15093.72,16771.96,31770.58
28 Nov 2024,28 Nov 2024,145893,INET Inter Bank Fund Transfer Charges,15162.64,21516.19,50835.6
21 Jan 2025,21 Jan 2025,298488,Mobile App MARYAM BEGUM,12361.15,2276.67,335329.45
04 Jan 2025,04 Jan 2025,593338,Raast IBFT to OMAR ZAMAN,19187.83,6563.58,206024.58
06 Dec 2024,06 Dec 2024,,Mobile App MARYAM BEGUM,21189.45,23353.29,209909.69
05 Feb 2025,05 Feb 2025,319380,INET Inter Bank Fund Transfer Charges,8720.01,14848.38,473770.45
06 Feb 2025,06 Feb 2025,,INET Inter Bank Fund Transfer Charges,23681.85,2668.49,35755.3
02 Feb 2025,02 Feb 2025,,Raast IBFT to OMAR ZAMAN,19309.05,13987.31,107557.36
08 Feb 2025,08 Feb 2025,289334,Mobile App MARYAM BEGUM,4157.12,22363.94,109503.53
19 Dec 2024,19 Dec 2024,584879,Raast IBFT to IQRA PARVEEN,20042.53,9651.98,219225.8
03 Jan 2025,03 Jan 2025,,INET Inter Bank Fund Transfer Charges,5787.35,3296.84,138503.08
18 Jan 2025,18 Jan 2025,,Raast IBFT to IQRA PARVEEN,11397.74,20032.95,242158.32
18 Dec 2024,18 Dec 2024,,Mobile App MARYAM BEGUM,8511.61,11452.72,430256.51
19 Dec 2024,19 Dec 2024,,Raast IBFT to IQRA PARVEEN,9240.27,16689.47,45724.49
27 Dec 2024,27 Dec 2024,,Raast IBFT to OMAR ZAMAN,3268.13,23686.25,471932.38
09 Jan 2025,09 Jan 2025,,INET Inter Bank Fund Transfer Charges,11807.16,17470.95,272648.97
04 Dec 2024,04 Dec 2024,,Mobile App MARYAM BEGUM,1451.53,7258.84,190956.86
08 Dec 2024,08 Dec 2024,793441,Raast IBFT to OMAR ZAMAN,23843.6,8145.8,346297.47
20 Jan 2025,20 Jan 2025,,Raast IBFT to IQRA PARVEEN,16291.54,3781.54,146173.64
30 Jan 2025,30 Jan 2025,568700,Raast IBFT to IQRA PARVEEN,10773.99,23766.95,391469.32
17 Jan 2025,17 Jan 2025,,Raast IBFT to IQRA PARVEEN,16193.98,1041.77,98553.17
20 Jan 2025,20 Jan 2025,823661,Raast IBFT to OMAR ZAMAN,13596.58,9868.58,58172.84
19 Dec 2024,19 Dec 2024,869135,INET Inter Bank Fund Transfer Charges,15833.24,9589.46,420709.56
20 Jan 2025,20 Jan 2025,,Raast IBFT to IQRA PARVEEN,13349.09,16552.99,234252.84
22 Jan 2025,22 Jan 2025,526337,Raast IBFT to OMAR ZAMAN,15129.18,18780.04,243469.46
24 Dec 2024,24 Dec 2024,,Raast IBFT to OMAR ZAMAN,11189.62,18586.86,232265.35
10 Nov 2024,10 Nov 2024,515252,INET Inter Bank Fund Transfer Charges,8747.03,3166.91,129608.5
26 Dec 2024,26 Dec 2024,,Mobile App MARYAM BEGUM,24665.51,9796.02,384552.13
30 Nov 2024,30 Nov 2024,,Raast IBFT to IQRA PARVEEN,9864.37,6546.67,124751.64
04 Jan 2025,04 Jan 2025,,Raast IBFT to IQRA PARVEEN,10213.17,8643.98,491112.22
07 Dec 2024,07 Dec 2024,061088,Raast IBFT to IQRA PARVEEN,18433.31,16991.24,16197.3
09 Dec 2024,09 Dec 2024,431749,Raast IBFT to OMAR ZAMAN,8019.56,18563.61,304978.22
07 Feb 2025,07 Feb 2025,,Raast IBFT to OMAR ZAMAN,13024.98,13808.91,379530.82
16 Dec 2024,16 Dec 2024,344552,Raast IBFT to IQRA PARVEEN,20658.54,5436.89,308321.8
22 Dec 2024,22 Dec 2024,,Mobile App MARYAM BEGUM,6727.35,12646.69,379826.07
11 Dec 2024,11 Dec 2024,,INET Inter Bank Fund Transfer Charges,24744.37,19158.57,292644.83
28 Dec 2024,28 Dec 2024,,INET Inter Bank Fund Transfer Charges,21939.05,14648.62,259315.45
04 Feb 2025,04 Feb 2025,,Mobile App MARYAM BEGUM,8910.15,10293.83,265635.72
26 Dec 2024,26 Dec 2024,053651,Raast IBFT to OMAR ZAMAN,14157.53,9894.96,139491.87
04 Dec 2024,04 Dec 2024,027554,Raast IBFT to OMAR ZAMAN,2220.83,2459.47,240923.67
17 Jan 2025,17 Jan 2025,,Raast IBFT to IQRA PARVEEN,11335.25,1821.38,465148.54
18 Jan 2025,18 Jan 2025,,Raast IBFT to OMAR ZAMAN,2432.23,1241.28,398169.59
17 Jan 2025,17 Jan 2025,423841,Raast IBFT to IQRA PARVEEN,21618.96,13820.84,488837.53
16 Nov 2024,16 Nov 2024,314349,Raast IBFT to OMAR ZAMAN,8729.84,5276.43,78005.35
03 Nov 2024,03 Nov 2024,400988,Mobile App MARYAM BEGUM,24885.08,2680.35,55271.51
12 Dec 2024,12 Dec 2024,400655,Raast IBFT to IQRA PARVEEN,18081.01,5794.06,480882.81
06 Nov 2024,06 Nov 2024,,Raast IBFT to OMAR ZAMAN,15658.79,20889.92,258130.71
01 Feb 2025,01 Feb 2025,,INET Inter Bank Fund Transfer Charges,13908.77,10904.91,264223.38
25 Dec 2024,25 Dec 2024,170197,Raast IBFT to OMAR ZAMAN,19563.46,20293.95,427035.93
18 Nov 2024,18 Nov 2024,,INET Inter Bank Fund Transfer Charges,15606.29,16904.04,36598.48
13 Jan 2025,13 Jan 2025,211311,Raast IBFT to OMAR ZAMAN,20771.1,21981.92,218514.67
02 Jan 2025,02 Jan 2025,757688,Raast IBFT to OMAR ZAMAN,17203.22,5588.73,311084.82
28 Jan 2025,28 Jan 2025,479520,Mobile App MARYAM BEGUM,9744.96,13833.8,216022.51
23 Nov 2024,23 Nov 2024,710234,INET Inter Bank Fund Transfer Charges,21486.22,17698.09,219969.63
12 Dec 2024,12 Dec 2024,190897,Mobile App MARYAM BEGUM,19834.08,11260.64,363241.54
15 Dec 2024,15 Dec 2024,,Raast IBFT to OMAR ZAMAN,7617.41,7351.58,180845.25
20 Nov 2024,20 Nov 2024,,Raast IBFT to OMAR ZAMAN,20449.85,12715.68,312127.07
30 Jan 2025,30 Jan 2025,787700,Raast IBFT to OMAR ZAMAN,22447.26,5616.58,395716.34
05 Feb 2025,05 Feb 2025,660812,Mobile App MARYAM BEGUM,16537.46,8141.63,355365.93
14 Dec 2024,14 Dec 2024,746772,Raast IBFT to IQRA PARVEEN,11650.69,16013.92,367035.71
15 Jan 2025,15 Jan 2025,,Raast IBFT to OMAR ZAMAN,12766.7,18301.15,278339.63
12 Jan 2025,12 Jan 2025,,Raast IBFT to OMAR ZAMAN,4240.91,14429.14,33561.32
21 Nov 2024,21 Nov 2024,,Mobile App MARYAM BEGUM,9729.47,21278.99,253956.86
24 Nov 2024,24 Nov 2024,,Raast IBFT to OMAR ZAMAN,15675.09,9286.62,256233.37
30 Jan 2025,30 Jan 2025,711140,INET Inter Bank Fund Transfer Charges,18106.94,21895.38,105358.24
22 Nov 2024,22 Nov 2024,,Raast IBFT to IQRA PARVEEN,13337.61,23393.95,304741.47
20 Nov 2024,20 Nov 2024,404098,Mobile App MARYAM BEGUM,5133.48,19515.32,314128.27
01 Dec 2024,01 Dec 2024,,Raast IBFT to OMAR ZAMAN,18378.71,17438.25,87988.31
03 Feb 2025,03 Feb 2025,190085,Mobile App MARYAM BEGUM,9085.96,17488.31,206171.07
01 Feb 2025,01 Feb 2025,,Raast IBFT to IQRA PARVEEN,15001.41,13857.23,473839.91
10 Jan 2025,10 Jan 2025,907523,INET Inter Bank Fund Transfer Charges,18677.6,16998.05,251567.93
20 Dec 2024,20 Dec 2024,321756,INET Inter Bank Fund Transfer Charges,16636.18,1083.03,167254.12
14 Jan 2025,14 Jan 2025,,INET Inter Bank Fund Transfer Charges,21238.0,7501.02,228990.78
28 Dec 2024,28 Dec 2024,,Raast IBFT to OMAR ZAMAN,15620.91,7966.4,281441.44
28 Dec 2024,28 Dec 2024,476317,Mobile App MARYAM BEGUM,14923.43,18187.71,27968.93
07 Jan 2025,07 Jan 2025,,Raast IBFT to IQRA PARVEEN,2294.9,17079.63,303504.99
26 Dec 2024,26 Dec 2024,444695,INET Inter Bank Fund Transfer Charges,24367.92,13410.9,131035.93
13 Jan 2025,13 Jan 2025,939846,Mobile App MARYAM BEGUM,21206.76,19119.6,203500.56
24 Dec 2024,24 Dec 2024,714399,Raast IBFT to OMAR ZAMAN,7210.77,24127.19,152102.44
18 Dec 2024,18 Dec 2024,,Mobile App MARYAM BEGUM,5026.45,11420.5,369778.86
07 Jan 2025,07 Jan 2025,,Mobile App MARYAM BEGUM,17371.93,3664.83,63424.01
28 Jan 2025,28 Jan 2025,273868,INET Inter Bank Fund Transfer Charges,3637.09,23332.59,247303.4
02 Jan 2025,02 Jan 2025,,Raast IBFT to IQRA PARVEEN,17498.3,2274.86,420103.94
04 Feb 2025,04 Feb 2025,,Mobile App MARYAM BEGUM,15345.98,24139.01,75629.74
12 Dec 2024,12 Dec 2024,305695,Raast IBFT to OMAR ZAMAN,17137.32,3963.14,44868.61
23 Nov 2024,23 Nov 2024,120964,Raast IBFT to IQRA PARVEEN,4242.62,11441.41,446812.57
04 Feb 2025,04 Feb 2025,,INET Inter Bank Fund Transfer Charges,1635.4,4564.22,456586.7
30 Nov 2024,30 Nov 2024,,Raast IBFT to OMAR ZAMAN,12666.83,8016.2,119763.3
23 Nov 2024,23 Nov 2024,797296,INET Inter Bank Fund Transfer Charges,10720.47,23346.57,233334.85
27 Dec 2024,27 Dec 2024,,Raast IBFT to OMAR ZAMAN,10519.36,3782.1,350143.73
02 Dec 2024,02 Dec 2024,843953,Raast IBFT to IQRA PARVEEN,24588.0,683.05,61128.14
03 Jan 2025,03 Jan 2025,843667,INET Inter Bank Fund Transfer Charges,19938.53,11654.76,301795.89
24 Jan 2025,24 Jan 2025,042285,INET Inter Bank Fund Transfer Charges,8577.64,19371.93,150596.45
19 Nov 2024,19 Nov 2024,,INET Inter Bank Fund Transfer Charges,1003.77,6012.44,189377.95
10 Jan 2025,10 Jan 2025,,Raast IBFT to IQRA PARVEEN,22197.67,23509.53,74859.04
16 Jan 2025,16 Jan 2025,,Raast IBFT to IQRA PARVEEN,2114.15,21008.64,50974.67
14 Dec 2024,14 Dec 2024,,INET Inter Bank Fund Transfer Charges,17472.24,13072.58,10450.78
25 Nov 2024,25 Nov 2024,907577,Raast IBFT to OMAR ZAMAN,13083.19,18500.42,192897.28
15 Nov 2024,15 Nov 2024,,Mobile App MARYAM BEGUM,10519.9,11321.81,324062.22
15 Dec 2024,15 Dec 2024,200744,Raast IBFT to IQRA PARVEEN,16214.37,24063.67,420056.42
28 Dec 2024,28 Dec 2024,,Mobile App MARYAM BEGUM,19306.73,24325.26,288298.0
11 Jan 2025,11 Jan 2025,587082,Raast IBFT to OMAR ZAMAN,14154.48,19171.66,258085.08
11 Nov 2024,11 Nov 2024,,Mobile App MARYAM BEGUM,19388.01,2885.09,83407.71
11 Dec 2024,11 Dec 2024,712590,INET Inter Bank Fund Transfer Charges,23014.83,4435.35,294883.23
02 Jan 2025,02 Jan 2025,,Mobile App MARYAM BEGUM,2662.36,5167.71,165532.82
04 Jan 2025,04 Jan 2025,,INET Inter Bank Fund Transfer Charges,1823.36,5925.81,411991.65
16 Jan 2025,16 Jan 2025,627445,Raast IBFT to IQRA PARVEEN,7638.98,11323.09,295390.9
24 Nov 2024,24 Nov 2024,643541,Mobile App MARYAM BEGUM,12338.81,13870.31,454218.15
02 Feb 2025,02 Feb 2025,629587,Mobile App MARYAM BEGUM,15338.28,14446.43,439422.13
06 Dec 2024,06 Dec 2024,621892,Raast IBFT to OMAR ZAMAN,9295.7,3525.44,342558.25
17 Dec 2024,17 Dec 2024,808513,Raast IBFT to OMAR ZAMAN,22095.6,8042.35,108619.41
26 Dec 2024,26 Dec 2024,948641,INET Inter Bank Fund Transfer Charges,14927.08,397.76,253808.21
03 Feb 2025,03 Feb 2025,085120,Raast IBFT to OMAR ZAMAN,21425.78,14942.72,480349.76
25 Nov 2024,25 Nov 2024,,Mobile App MARYAM BEGUM,11921.31,8128.96,194713.24
06 Nov 2024,06 Nov 2024,,INET Inter Bank Fund Transfer Charges,8057.96,2451.21,400588.82
16 Dec 2024,16 Dec 2024,226470,Mobile App MARYAM BEGUM,10702.96,16979.77,486283.12
20 Nov 2024,20 Nov 2024,316153,Mobile App MARYAM BEGUM,21457.8,4338.66,212021.37
23 Dec 2024,23 Dec 2024,,Raast IBFT to OMAR ZAMAN,22607.14,1810.8,223442.83
03 Dec 2024,03 Dec 2024,,Raast IBFT to IQRA PARVEEN,18028.77,5699.97,61907.89
01 Feb 2025,01 Feb 2025,123198,Raast IBFT to IQRA PARVEEN,23232.0,2968.83,408937.16
20 Jan 2025,20 Jan 2025,356263,Raast IBFT to IQRA PARVEEN,20851.93,24833.4,499543.7
13 Jan 2025,13 Jan 2025,751516,Raast IBFT to IQRA PARVEEN,10058.67,7042.3,283833.86
30 Nov 2024,30 Nov 2024,,Mobile App MARYAM BEGUM,10380.46,6167.7,323654.95
25 Jan 2025,25 Jan 2025,050722,INET Inter Bank Fund Transfer Charges,23174.81,17782.25,312838.5
07 Feb 2025,07 Feb 2025,126391,Mobile App MARYAM BEGUM,6428.07,807.99,37630.32
18 Jan 2025,18 Jan 2025,954237,Raast IBFT to IQRA PARVEEN,21225.02,8558.74,166114.04
09 Feb 2025,09 Feb 2025,017495,Mobile App MARYAM BEGUM,8061.14,6768.06,410643.72
03 Dec 2024,03 Dec 2024,553516,Raast IBFT to IQRA PARVEEN,17679.57,17546.33,298333.34
14 Dec 2024,14 Dec 2024,,Raast IBFT to OMAR ZAMAN,21373.67,20652.27,498759.29
28 Dec 2024,28 Dec 2024,,Raast IBFT to IQRA PARVEEN,18205.81,4883.32,415286.19
25 Nov 2024,25 Nov 2024,,INET Inter Bank Fund Transfer Charges,20072.45,15230.74,354482.85
03 Nov 2024,03 Nov 2024,728652,Raast IBFT to OMAR ZAMAN,3469.1,23979.89,84541.84
08 Dec 2024,08 Dec 2024,559152,Mobile App MARYAM BEGUM,2333.9,305.7,155673.27
09 Feb 2025,09 Feb 2025,,INET Inter Bank Fund Transfer Charges,23464.84,13342.55,222838.56
18 Jan 2025,18 Jan 2025,688260,Mobile App MARYAM BEGUM,9660.77,5540.57,407643.89
18 Dec 2024,18 Dec 2024,,INET Inter Bank Fund Transfer Charges,17406.06,7528.64,440327.01
13 Jan 2025,13 Jan 2025,,INET Inter Bank Fund Transfer Charges,22586.03,2185.04,42992.41
02 Feb 2025,02 Feb 2025,,Raast IBFT to OMAR ZAMAN,12620.27,22271.42,60209.32
22 Dec 2024,22 Dec 2024,481877,Mobile App MARYAM BEGUM,6709.24,8145.48,150232.37
28 Dec 2024,28 Dec 2024,479262,Raast IBFT to IQRA PARVEEN,9769.06,21282.72,140744.29
09 Dec 2024,09 Dec 2024,,Raast IBFT to OMAR ZAMAN,7829.37,22720.03,312964.15
24 Dec 2024,24 Dec 2024,,Raast IBFT to IQRA PARVEEN,4647.46,7631.55,291435.18
06 Nov 2024,06 Nov 2024,,INET Inter Bank Fund Transfer Charges,14828.95,6537.18,260202.7
17 Nov 2024,17 Nov 2024,,Mobile App MARYAM BEGUM,13580.99,5682.32,161541.52
01 Jan 2025,01 Jan 2025,043558,Raast IBFT to OMAR ZAMAN,1468.56,17571.76,346678.14
17 Nov 2024,17 Nov 2024,504188,Mobile App MARYAM BEGUM,14268.18,20351.06,17988.42
15 Nov 2024,15 Nov 2024,756504,Raast IBFT to OMAR ZAMAN,13135.65,22395.09,449688.27
06 Feb 2025,06 Feb 2025,,Raast IBFT to IQRA PARVEEN,18981.49,19612.56,216994.85
11 Jan 2025,11 Jan 2025,630097,Raast IBFT to OMAR ZAMAN,11934.16,16168.69,33576.56
28 Dec 2024,28 Dec 2024,696462,Raast IBFT to OMAR ZAMAN,12613.23,5989.97,185335.33
07 Dec 2024,07 Dec 2024,212304,INET Inter Bank Fund Transfer Charges,12159.23,18907.43,461464.98
26 Jan 2025,26 Jan 2025,,INET Inter Bank Fund Transfer Charges,2342.66,16230.33,348206.57
14 Dec 2024,14 Dec 2024,393814,INET Inter Bank Fund Transfer Charges,21886.9,11242.19,457516.01
07 Nov 2024,07 Nov 2024,,Raast IBFT to IQRA PARVEEN,14650.17,3739.6,269984.37
07 Nov 2024,07 Nov 2024,,INET Inter Bank Fund Transfer Charges,5071.57,1447.67,145088.44
17 Nov 2024,17 Nov 2024,,Raast IBFT to OMAR ZAMAN,6117.83,19940.75,489878.25
13 Dec 2024,13 Dec 2024,223629,Raast IBFT to OMAR ZAMAN,15526.29,1718.18,254551.72
23 Jan 2025,23 Jan 2025,736129,Mobile App MARYAM BEGUM,13731.99,15485.69,11968.26
05 Dec 2024,05 Dec 2024,,Raast IBFT to IQRA PARVEEN,11471.39,14742.3,273238.82
01 Jan 2025,01 Jan 2025,569762,INET Inter Bank Fund Transfer Charges,15434.26,17516.22,266410.24
05 Feb 2025,05 Feb 2025,678673,Raast IBFT to IQRA PARVEEN,12851.92,2905.03,369535.82
25 Jan 2025,25 Jan 2025,,Mobile App MARYAM BEGUM,9802.02,24415.56,286458.6
05 Jan 2025,05 Jan 2025,486745,Raast IBFT to IQRA PARVEEN,13420.59,13969.73,197451.23
04 Dec 2024,04 Dec 2024,689687,Raast IBFT to IQRA PARVEEN,20050.69,11999.86,387138.01
26 Nov 2024,26 Nov 2024,,INET Inter Bank Fund Transfer Charges,6074.76,16283.21,396658.74
01 Feb 2025,01 Feb 2025,,INET Inter Bank Fund Transfer Charges,21021.27,9636.55,265195.69
04 Feb 2025,04 Feb 2025,306183,Raast IBFT to IQRA PARVEEN,3419.8,18291.62,79363.38
05 Nov 2024,05 Nov 2024,564131,Mobile App MARYAM BEGUM,16369.23,18462.8,96607.94
29 Nov 2024,29 Nov 2024,,Raast IBFT to OMAR ZAMAN,16968.86,9790.71,82716.99
28 Dec 2024,28 Dec 2024,261840,INET Inter Bank Fund Transfer Charges,18440.71,4519.07,468693.9
06 Jan 2025,06 Jan 2025,,INET Inter Bank Fund Transfer Charges,16558.04,2594.87,418128.56
12 Nov 2024,12 Nov 2024,,Raast IBFT to IQRA PARVEEN,9657.17,17235.16,31006.25
09 Nov 2024,09 Nov 2024,750695,Raast IBFT to OMAR ZAMAN,18255.36,7634.89,190748.08
13 Nov 2024,13 Nov 2024,166746,INET Inter Bank Fund Transfer Charges,5457.45,7832.43,211425.34
09 Jan 2025,09 Jan 2025,,Mobile App MARYAM BEGUM,16944.3,16015.35,361708.22
24 Dec 2024,24 Dec 2024,904360,INET Inter Bank Fund Transfer Charges,21349.99,11081.7,391220.71
09 Jan 2025,09 Jan 2025,927642,Mobile App MARYAM BEGUM,23578.57,23589.56,272411.69
15 Nov 2024,15 Nov 2024,,Mobile App MARYAM BEGUM,3930.11,2651.86,237718.67
09 Dec 2024,09 Dec 2024,323803,INET Inter Bank Fund Transfer Charges,17713.55,9579.0,315708.17
31 Jan 2025,31 Jan 2025,,Mobile App MARYAM BEGUM,16583.0,3653.06,281028.37
14 Nov 2024,14 Nov 2024,,Mobile App MARYAM BEGUM,10582.72,4972.88,285290.2
29 Nov 2024,29 Nov 2024,,Mobile App MARYAM BEGUM,6832.59,15816.75,30060.09
14 Nov 2024,14 Nov 2024,665506,Raast IBFT to IQRA PARVEEN,11811.28,19617.86,433464.28
20 Jan 2025,20 Jan 2025,402668,Raast IBFT to OMAR ZAMAN,12565.79,6899.27,310832.68
29 Nov 2024,29 Nov 2024,102640,Raast IBFT to IQRA PARVEEN,14113.75,10270.44,92422.74
05 Nov 2024,05 Nov 2024,627631,Raast IBFT to IQRA PARVEEN,1740.22,12985.12,443567.52
22 Nov 2024,22 Nov 2024,,Raast IBFT to OMAR ZAMAN,1647.24,15941.93,44717.97
07 Nov 2024,07 Nov 2024,,Mobile App MARYAM BEGUM,14218.26,6172.67,422344.13
23 Dec 2024,23 Dec 2024,319322,Raast IBFT to OMAR ZAMAN,22734.64,24071.2,56750.58
21 Nov 2024,21 Nov 2024,346745,Raast IBFT to OMAR ZAMAN,18981.97,11531.75,472641.93
28 Jan 2025,28 Jan 2025,813584,Raast IBFT to OMAR ZAMAN,7067.21,10200.71,84247.13
05 Dec 2024,05 Dec 2024,,Mobile App MARYAM BEGUM,9345.48,14826.3,171344.89
19 Dec 2024,19 Dec 2024,,Raast IBFT to IQRA PARVEEN,16702.69,11368.7,497988.57
13 Dec 2024,13 Dec 2024,,Mobile App MARYAM BEGUM,7369.56,24151.89,103017.45
18 Dec 2024,18 Dec 2024,,Raast IBFT to IQRA PARVEEN,18441.47,2714.17,198067.84
10 Jan 2025,10 Jan 2025,495016,Raast IBFT to OMAR ZAMAN,9677.59,598.04,239558.19
18 Nov 2024,18 Nov 2024,877223,Raast IBFT to OMAR ZAMAN,21226.02,2070.95,128496.09
05 Dec 2024,05 Dec 2024,358771,INET Inter Bank Fund Transfer Charges,15518.84,19307.38,460855.24
20 Nov 2024,20 Nov 2024,,Mobile App MARYAM BEGUM,11008.8,17912.49,170734.57
31 Jan 2025,31 Jan 2025,006444,INET Inter Bank Fund Transfer Charges,9633.55,7344.01,313335.56
04 Feb 2025,04 Feb 2025,079609,Mobile App MARYAM BEGUM,21355.37,24894.3,397058.73
16 Nov 2024,16 Nov 2024,290119,Mobile App MARYAM BEGUM,23368.85,1036.36,34179.9
20 Jan 2025,20 Jan 2025,,Raast IBFT to IQRA PARVEEN,15407.39,2941.75,347508.1
01 Jan 2025,01 Jan 2025,489798,Raast IBFT to IQRA PARVEEN,8313.8,4036.23,123655.62
09 Nov 2024,09 Nov 2024,,INET Inter Bank Fund Transfer Charges,7534.15,11160.43,381721.41
23 Jan 2025,23 Jan 2025,,Raast IBFT to OMAR ZAMAN,9044.72,24131.31,478589.59
12 Nov 2024,12 Nov 2024,,Mobile App MARYAM BEGUM,22420.78,1635.43,466586.1
07 Nov 2024,07 Nov 2024,,Raast IBFT to IQRA PARVEEN,20730.55,2016.61,163168.48
05 Nov 2024,05 Nov 2024,,Raast IBFT to IQRA PARVEEN,10077.32,20334.9,292947.46
30 Dec 2024,30 Dec 2024,055827,INET Inter Bank Fund Transfer Charges,22199.87,9121.23,215753.46
06 Dec 2024,06 Dec 2024,,Mobile App MARYAM BEGUM,23993.17,24417.3,189006.06
02 Feb 2025,02 Feb 2025,532835,Raast IBFT to IQRA PARVEEN,19964.38,10880.59,149475.79
13 Jan 2025,13 Jan 2025,087182,Raast IBFT to IQRA PARVEEN,22916.11,15219.4,389147.47
07 Nov 2024,07 Nov 2024,009560,Raast IBFT to OMAR ZAMAN,16685.42,2112.55,261010.28
01 Dec 2024,01 Dec 2024,952333,Mobile App MARYAM BEGUM,3815.08,24815.82,278358.9
24 Nov 2024,24 Nov 2024,867402,Raast IBFT to OMAR ZAMAN,21993.48,8633.29,398826.57
19 Dec 2024,19 Dec 2024,660717,INET Inter Bank Fund Transfer Charges,10594.29,13473.26,339924.45
19 Dec 2024,19 Dec 2024,454771,Mobile App MARYAM BEGUM,9946.73,18198.21,233142.98
02 Dec 2024,02 Dec 2024,,INET Inter Bank Fund Transfer Charges,20979.19,2673.56,449848.6
06 Nov 2024,06 Nov 2024,253155,Raast IBFT to OMAR ZAMAN,4009.98,20509.38,198984.51
09 Nov 2024,09 Nov 2024,694940,Raast IBFT to IQRA PARVEEN,13478.53,14374.02,412059.89
25 Nov 2024,25 Nov 2024,843908,Raast IBFT to OMAR ZAMAN,11330.1,30.23,266611.04
01 Nov 2024,01 Nov 2024,803189,Raast IBFT to OMAR ZAMAN,4657.54,5245.84,23141.9
25 Jan 2025,25 Jan 2025,,Raast IBFT to OMAR ZAMAN,14469.69,10725.45,48843.72
17 Nov 2024,17 Nov 2024,,Mobile App MARYAM BEGUM,5123.95,9489.62,340648.46
12 Nov 2024,12 Nov 2024,,INET Inter Bank Fund Transfer Charges,6779.57,1867.57,361764.32
15 Nov 2024,15 Nov 2024,,Raast IBFT to IQRA PARVEEN,8950.04,11867.47,241759.16
01 Jan 2025,01 Jan 2025,209693,Raast IBFT to IQRA PARVEEN,11787.34,8964.44,465696.62
02 Feb 2025,02 Feb 2025,296789,INET Inter Bank Fund Transfer Charges,9733.92,1400.62,363150.16
12 Nov 2024,12 Nov 2024,877821,INET Inter Bank Fund Transfer Charges,11632.11,23300.66,301467.58
18 Jan 2025,18 Jan 2025,,Raast IBFT to OMAR ZAMAN,17310.65,17401.57,96519.37
19 Nov 2024,19 Nov 2024,619397,Mobile App MARYAM BEGUM,1534.15,18969.8,93284.72
16 Nov 2024,16 Nov 2024,,Raast IBFT to IQRA PARVEEN,24378.03,9934.89,232961.76
09 Feb 2025,09 Feb 2025,,Raast IBFT to OMAR ZAMAN,13287.68,15395.94,405455.98
03 Dec 2024,03 Dec 2024,,INET Inter Bank Fund Transfer Charges,6275.47,949.23,459276.96
02 Dec 2024,02 Dec 2024,662405,Mobile App MARYAM BEGUM,14686.53,24230.27,387215.28
04 Feb 2025,04 Feb 2025,460600,INET Inter Bank Fund Transfer Charges,19029.28,24079.01,193174.05
21 Jan 2025,21 Jan 2025,571815,INET Inter Bank Fund Transfer Charges,10218.13,14049.03,293308.24
21 Dec 2024,21 Dec 2024,,Raast IBFT to IQRA PARVEEN,5377.29,3862.02,207951.42
31 Dec 2024,31 Dec 2024,842393,Raast IBFT to OMAR ZAMAN,24417.14,12265.16,352398.29
03 Feb 2025,03 Feb 2025,887429,Raast IBFT to OMAR ZAMAN,18029.81,19939.29,177686.1
23 Jan 2025,23 Jan 2025,,Raast IBFT to OMAR ZAMAN,8618.58,1712.64,205678.21
28 Nov 2024,28 Nov 2024,125044,Raast IBFT to IQRA PARVEEN,11738.23,19107.04,414210.83
11 Jan 2025,11 Jan 2025,502376,Raast IBFT to OMAR ZAMAN,8960.04,23039.1,382064.55
03 Jan 2025,03 Jan 2025,,Mobile App MARYAM BEGUM,10876.44,8890.14,243532.97
05 Nov 2024,05 Nov 2024,,Raast IBFT to IQRA PARVEEN,17752.65,11217.15,34105.17
03 Dec 2024,03 Dec 2024,,Raast IBFT to OMAR ZAMAN,5160.13,3246.44,36729.01
04 Jan 2025,04 Jan 2025,,Raast IBFT to IQRA PARVEEN,6884.23,20506.28,437959.02
23 Nov 2024,23 Nov 2024,194705,Raast IBFT to OMAR ZAMAN,23658.52,19932.38,39101.66
14 Nov 2024,14 Nov 2024,873116,Raast IBFT to OMAR ZAMAN,19744.96,16403.05,399515.62
08 Jan 2025,08 Jan 2025,,INET Inter Bank Fund Transfer Charges,13843.66,500.61,120461.99
01 Dec 2024,01 Dec 2024,904239,Raast IBFT to IQRA PARVEEN,10158.77,11319.4,12509.98
23 Dec 2024,23 Dec 2024,,Mobile App MARYAM BEGUM,16510.04,13614.3,463352.47
01 Nov 2024,01 Nov 2024,,Raast IBFT to IQRA PARVEEN,3480.88,4343.81,448460.39
15 Jan 2025,15 Jan 2025,746255,INET Inter Bank Fund Transfer Charges,24045.42,19039.9,449848.75
21 Nov 2024,21 Nov 2024,629036,INET Inter Bank Fund Transfer Charges,2255.34,17845.72,372779.91
04 Feb 2025,04 Feb 2025,021721,Raast IBFT to OMAR ZAMAN,23542.71,12524.39,378863.74
18 Dec 2024,18 Dec 2024,634950,Mobile App MARYAM BEGUM,10591.0,7948.0,416193.17
17 Dec 2024,17 Dec 2024,561754,Raast IBFT to IQRA PARVEEN,12769.84,16325.37,415711.26
19 Dec 2024,19 Dec 2024,,Raast IBFT to OMAR ZAMAN,15514.19,15288.13,389311.22
05 Feb 2025,05 Feb 2025,872569,Raast IBFT to OMAR ZAMAN,20800.08,13496.41,339974.24
30 Nov 2024,30 Nov 2024,977477,Mobile App MARYAM BEGUM,13940.77,7881.76,115427.03
10 Nov 2024,10 Nov 2024,,Mobile App MARYAM BEGUM,9499.99,3840.82,15220.5
07 Dec 2024,07 Dec 2024,612593,Mobile App MARYAM BEGUM,14569.22,4914.25,452025.0
09 Nov 2024,09 Nov 2024,,Mobile App MARYAM BEGUM,6368.39,6751.2,249250.23
05 Jan 2025,05 Jan 2025,336652,Raast IBFT to OMAR ZAMAN,1337.55,3955.47,397763.79
15 Dec 2024,15 Dec 2024,291044,Raast IBFT to IQRA PARVEEN,4772.64,12196.23,347372.79
05 Nov 2024,05 Nov 2024,,Raast IBFT to IQRA PARVEEN,3013.32,14517.59,11040.88
11 Dec 2024,11 Dec 2024,,Raast IBFT to IQRA PARVEEN,7127.61,1465.98,139719.28
27 Dec 2024,27 Dec 2024,,Raast IBFT to IQRA PARVEEN,6887.46,671.98,484810.88
19 Dec 2024,19 Dec 2024,,INET Inter Bank Fund Transfer Charges,20303.1,16780.92,98066.86
22 Nov 2024,22 Nov 2024,640286,Raast IBFT to IQRA PARVEEN,6826.45,11502.17,309365.11
01 Nov 2024,01 Nov 2024,079191,Raast IBFT to OMAR ZAMAN,21593.24,1592.13,487243.19
02 Feb 2025,02 Feb 2025,,Raast IBFT to IQRA PARVEEN,6138.71,18293.26,400804.28
08 Jan 2025,08 Jan 2025,404361,Raast IBFT to IQRA PARVEEN,6007.28,1397.45,451899.77
27 Jan 2025,27 Jan 2025,,Raast IBFT to OMAR ZAMAN,6406.87,11575.56,108473.44
22 Nov 2024,22 Nov 2024,,Mobile App MARYAM BEGUM,22234.37,17373.01,239908.03
20 Dec 2024,20 Dec 2024,561640,INET Inter Bank Fund Transfer Charges,20268.74,5431.38,47125.48
16 Jan 2025,16 Jan 2025,,Raast IBFT to OMAR ZAMAN,3535.95,9606.7,453237.4
28 Nov 2024,28 Nov 2024,553951,Mobile App MARYAM BEGUM,2537.9,417.08,315032.44
21 Jan 2025,21 Jan 2025,,Raast IBFT to IQRA PARVEEN,7477.56,5651.33,446472.63
09 Feb 2025,09 Feb 2025,010173,Mobile App MARYAM BEGUM,21183.48,17370.4,366156.67
17 Dec 2024,17 Dec 2024,073770,Mobile App MARYAM BEGUM,17590.8,10023.59,205220.04
28 Jan 2025,28 Jan 2025,703329,Raast IBFT to OMAR ZAMAN,2229.43,16013.9,43868.33
15 Dec 2024,15 Dec 2024,715791,INET Inter Bank Fund Transfer Charges,16319.71,5346.27,180022.04
16 Jan 2025,16 Jan 2025,,Raast IBFT to OMAR ZAMAN,17396.88,3717.42,213675.83
26 Jan 2025,26 Jan 2025,221778,Raast IBFT to OMAR ZAMAN,3948.94,15085.26,138094.48
29 Dec 2024,29 Dec 2024,,Raast IBFT to IQRA PARVEEN,13367.03,22464.25,156380.13
11 Nov 2024,11 Nov 2024,007597,INET Inter Bank Fund Transfer Charges,4016.31,23968.4,430342.76
02 Dec 2024,02 Dec 2024,,Mobile App MARYAM BEGUM,13951.63,6761.5,468131.47
15 Jan 2025,15 Jan 2025,,Mobile App MARYAM BEGUM,20165.76,11611.1,108580.8
18 Dec 2024,18 Dec 2024,390599,INET Inter Bank Fund Transfer Charges,13946.97,3244.53,464941.34
18 Jan 2025,18 Jan 2025,666645,Raast IBFT to OMAR ZAMAN,8458.94,11210.2,240641.42
03 Dec 2024,03 Dec 2024,427129,Raast IBFT to IQRA PARVEEN,1650.68,8852.51,325755.41
23 Jan 2025,23 Jan 2025,,INET Inter Bank Fund Transfer Charges,11114.34,18442.99,37680.32
17 Dec 2024,17 Dec 2024,574417,Mobile App MARYAM BEGUM,7270.85,19349.74,264228.47
07 Jan 2025,07 Jan 2025,013311,Mobile App MARYAM BEGUM,22249.88,15896.52,409518.1
01 Dec 2024,01 Dec 2024,518429,INET Inter Bank Fund Transfer Charges,15996.81,24215.7,218303.4
28 Dec 2024,28 Dec 2024,583517,Raast IBFT to IQRA PARVEEN,3517.56,6944.51,435099.45
03 Nov 2024,03 Nov 2024,121330,Raast IBFT to IQRA PARVEEN,5161.86,4193.5,258900.92
06 Dec 2024,06 Dec 2024,367518,Mobile App MARYAM BEGUM,5531.12,17768.01,363366.6
03 Nov 2024,03 Nov 2024,784905,Mobile App MARYAM BEGUM,11144.76,16607.21,103732.49
05 Feb 2025,05 Feb 2025,,Mobile App MARYAM BEGUM,24319.01,16633.71,103467.5
04 Dec 2024,04 Dec 2024,689162,INET Inter Bank Fund Transfer Charges,13940.89,3858.68,220693.81
07 Nov 2024,07 Nov 2024,,Raast IBFT to OMAR ZAMAN,4511.29,23557.33,179813.85
02 Jan 2025,02 Jan 2025,,INET Inter Bank Fund Transfer Charges,7411.57,22341.98,347501.55
20 Nov 2024,20 Nov 2024,890426,Raast IBFT to IQRA PARVEEN,4809.92,24685.78,395076.54
23 Jan 2025,23 Jan 2025,,INET Inter Bank Fund Transfer Charges,18723.62,20942.84,480659.16
11 Jan 2025,11 Jan 2025,849506,INET Inter Bank Fund Transfer Charges,14114.33,6205.68,329498.74
18 Dec 2024,18 Dec 2024,,INET Inter Bank Fund Transfer Charges,24438.94,10792.63,375186.43
08 Jan 2025,08 Jan 2025,,INET Inter Bank Fund Transfer Charges,4535.86,9891.71,169488.6
04 Jan 2025,04 Jan 2025,203962,Raast IBFT to OMAR ZAMAN,12885.87,5451.72,14793.57
19 Nov 2024,19 Nov 2024,,Raast IBFT to IQRA PARVEEN,4454.69,560.25,18967.81
05 Feb 2025,05 Feb 2025,390434,Raast IBFT to IQRA PARVEEN,5630.6,10034.82,239757.59
30 Jan 2025,30 Jan 2025,,Raast IBFT to OMAR ZAMAN,10255.96,1061.9,445848.32
29 Nov 2024,29 Nov 2024,841334,INET Inter Bank Fund Transfer Charges,12486.06,4727.1,381411.73
09 Dec 2024,09 Dec 2024,438201,INET Inter Bank Fund Transfer Charges,4575.79,672.39,55586.34
25 Dec 2024,25 Dec 2024,956725,Raast IBFT to IQRA PARVEEN,18772.11,14940.44,266939.76
13 Dec 2024,13 Dec 2024,041181,Raast IBFT to IQRA PARVEEN,19199.13,16434.35,13300.29
28 Nov 2024,28 Nov 2024,,Raast IBFT to IQRA PARVEEN,10188.4,69.39,39879.0
20 Nov 2024,20 Nov 2024,,Mobile App MARYAM BEGUM,10212.22,24327.57,51106.5
05 Nov 2024,05 Nov 2024,,Raast IBFT to IQRA PARVEEN,13538.15,4336.52,255252.18
08 Nov 2024,08 Nov 2024,112752,Raast IBFT to IQRA PARVEEN,2678.82,8955.62,290686.05
03 Nov 2024,03 Nov 2024,,Raast IBFT to IQRA PARVEEN,16975.59,21147.04,61845.06
16 Jan 2025,16 Jan 2025,121826,INET Inter Bank Fund Transfer Charges,18545.36,19158.52,108785.71
14 Dec 2024,14 Dec 2024,991064,Raast IBFT to IQRA PARVEEN,2596.23,9084.94,333560.95
29 Jan 2025,29 Jan 2025,055864,INET Inter Bank Fund Transfer Charges,4212.14,971.09,15421.68
10 Nov 2024,10 Nov 2024,,Mobile App MARYAM BEGUM,17288.12,13305.07,354271.28
13 Jan 2025,13 Jan 2025,191414,Mobile App MARYAM BEGUM,22724.12,12062.58,335694.1
22 Dec 2024,22 Dec 2024,384023,Raast IBFT to OMAR ZAMAN,1314.78,5766.86,382627.65
14 Nov 2024,14 Nov 2024,994479,Mobile App MARYAM BEGUM,8736.12,10884.68,27558.21
12 Jan 2025,12 Jan 2025,,Mobile App MARYAM BEGUM,5875.96,23626.07,169509.01
07 Jan 2025,07 Jan 2025,,Mobile App MARYAM BEGUM,3987.65,12773.76,48380.9
15 Jan 2025,15 Jan 2025,578352,Raast IBFT to IQRA PARVEEN,3132.67,15573.33,139918.27
03 Jan 2025,03 Jan 2025,548352,Raast IBFT to IQRA PARVEEN,1518.94,12104.91,55779.18
26 Jan 2025,26 Jan 2025,,Raast IBFT to OMAR ZAMAN,20300.78,7021.6,275594.75
04 Feb 2025,04 Feb 2025,336910,INET Inter Bank Fund Transfer Charges,22690.9,7346.79,152730.86
21 Jan 2025,21 Jan 2025,105910,Raast IBFT to OMAR ZAMAN,5587.07,22031.55,393142.7
23 Jan 2025,23 Jan 2025,376065,Raast IBFT to OMAR ZAMAN,4242.39,18415.5,413888.11
26 Jan 2025,26 Jan 2025,731000,Raast IBFT to OMAR ZAMAN,16123.42,21185.17,418249.29
04 Dec 2024,04 Dec 2024,747199,Raast IBFT to IQRA PARVEEN,15426.11,2275.0,450571.61
24 Nov 2024,24 Nov 2024,134836,Raast IBFT to IQRA PARVEEN,16651.12,4420.95,363955.08
09 Feb 2025,09 Feb 2025,242765,Mobile App MARYAM BEGUM,7692.26,10449.39,331609.73
25 Jan 2025,25 Jan 2025,899677,Raast IBFT to IQRA PARVEEN,11537.21,19945.01,301972.97
01 Jan 2025,01 Jan 2025,,Mobile App MARYAM BEGUM,12227.71,6070.9,163903.24
28 Dec 2024,28 Dec 2024,,Mobile App MARYAM BEGUM,19831.29,2922.85,145794.96
25 Jan 2025,25 Jan 2025,462201,INET Inter Bank Fund Transfer Charges,10988.86,24804.87,298540.48
26 Jan 2025,26 Jan 2025,788738,Mobile App MARYAM BEGUM,21676.6,1785.07,96378.2
09 Jan 2025,09 Jan 2025,906915,INET Inter Bank Fund Transfer Charges,15712.82,23798.36,146479.16
28 Jan 2025,28 Jan 2025,,Raast IBFT to OMAR ZAMAN,12888.33,16736.21,275981.64
21 Jan 2025,21 Jan 2025,,INET Inter Bank Fund Transfer Charges,20093.96,15890.52,43941.78
27 Dec 2024,27 Dec 2024,,Raast IBFT to OMAR ZAMAN,18984.53,11680.45,20577.68
13 Nov 2024,13 Nov 2024,,Raast IBFT to OMAR ZAMAN,23216.67,10934.08,153148.58
29 Dec 2024,29 Dec 2024,,Mobile App MARYAM BEGUM,8802.18,18945.4,388102.85
16 Dec 2024,16 Dec 2024,,Raast IBFT to OMAR ZAMAN,3933.47,23202.96,282509.78
12 Dec 2024,12 Dec 2024,,Mobile App MARYAM BEGUM,22629.61,7793.09,413541.32
04 Dec 2024,04 Dec 2024,,INET Inter Bank Fund Transfer Charges,12029.51,11511.32,273567.37
02 Jan 2025,02 Jan 2025,293940,Mobile App MARYAM BEGUM,3318.34,18792.87,148993.24
25 Jan 2025,25 Jan 2025,,Mobile App MARYAM BEGUM,2179.0,16730.22,394165.37
22 Dec 2024,22 Dec 2024,,INET Inter Bank Fund Transfer Charges,19398.19,13361.77,59746.02
14 Nov 2024,14 Nov 2024,509208,Mobile App MARYAM BEGUM,2444.91,1549.47,46384.22
04 Jan 2025,04 Jan 2025,645149,INET Inter Bank Fund Transfer Charges,4829.07,5464.16,448723.83
25 Jan 2025,25 Jan 2025,601381,Mobile App MARYAM BEGUM,23933.86,13554.53,68023.83
01 Nov 2024,01 Nov 2024,247764,Raast IBFT to OMAR ZAMAN,3696.41,11827.58,234562.61
03 Nov 2024,03 Nov 2024,,Raast IBFT to OMAR ZAMAN,5842.85,7231.78,310851.04
20 Dec 2024,20 Dec 2024,,Mobile App MARYAM BEGUM,15125.94,20253.25,356285.33
13 Jan 2025,13 Jan 2025,,Raast IBFT to OMAR ZAMAN,8631.64,8160.56,317145.69
08 Feb 2025,08 Feb 2025,452726,Raast IBFT to IQRA PARVEEN,9180.57,24809.06,152507.47
24 Jan 2025,24 Jan 2025,,Mobile App MARYAM BEGUM,23161.21,17254.44,156063.66
16 Nov 2024,16 Nov 2024,077909,Raast IBFT to IQRA PARVEEN,2790.95,15822.19,404558.83
05 Dec 2024,05 Dec 2024,,Raast IBFT to IQRA PARVEEN,3413.27,10498.49,60466.71
11 Nov 2024,11 Nov 2024,,Raast IBFT to OMAR ZAMAN,21175.01,20727.72,45572.08
10 Nov 2024,10 Nov 2024,343684,Raast IBFT to OMAR ZAMAN,1435.82,23046.01,142254.96
17 Dec 2024,17 Dec 2024,977965,INET Inter Bank Fund Transfer Charges,21549.94,14137.65,339648.8
30 Jan 2025,30 Jan 2025,,Raast IBFT to IQRA PARVEEN,1294.21,3094.2,185718.88
02 Jan 2025,02 Jan 2025,361001,Mobile App MARYAM BEGUM,24542.37,10269.61,331835.62
11 Nov 2024,11 Nov 2024,,Mobile App MARYAM BEGUM,4629.35,15392.68,96526.83
20 Jan 2025,20 Jan 2025,270322,INET Inter Bank Fund Transfer Charges,2660.16,19005.43,376814.5
20 Nov 2024,20 Nov 2024,982406,Mobile App MARYAM BEGUM,19743.86,24487.32,181946.24
17 Nov 2024,17 Nov 2024,,Mobile App MARYAM BEGUM,18296.39,868.95,240372.09
17 Dec 2024,17 Dec 2024,893876,Mobile App MARYAM BEGUM,8785.57,7411.83,368229.38
05 Feb 2025,05 Feb 2025,,Mobile App MARYAM BEGUM,2700.66,2630.3,179748.52
17 Jan 2025,17 Jan 2025,,Raast IBFT to IQRA PARVEEN,17983.59,8091.64,485040.82
05 Jan 2025,05 Jan 2025,321590,Raast IBFT to OMAR ZAMAN,16701.13,6258.16,309201.37
19 Jan 2025,19 Jan 2025,,Raast IBFT to IQRA PARVEEN,3933.47,6353.55,207766.2
16 Jan 2025,16 Jan 2025,318161,INET Inter Bank Fund Transfer Charges,24943.29,6868.56,112457.19
10 Jan 2025,10 Jan 2025,034592,INET Inter Bank Fund Transfer Charges,6006.42,16324.74,227886.4
07 Jan 2025,07 Jan 2025,214621,Raast IBFT to OMAR ZAMAN,5543.96,10082.94,399890.62
14 Jan 2025,14 Jan 2025,,Mobile App MARYAM BEGUM,4346.76,4297.93,128058.28
12 Jan 2025,12 Jan 2025,,INET Inter Bank Fund Transfer Charges,17138.96,826.71,326627.05
30 Nov 2024,30 Nov 2024,305735,INET Inter Bank Fund Transfer Charges,17012.94,20441.24,395247.07
04 Nov 2024,04 Nov 2024,,Mobile App MARYAM BEGUM,5501.09,20497.98,278952.27
03 Dec 2024,03 Dec 2024,,Mobile App MARYAM BEGUM,7549.49,17209.77,458959.9
25 Jan 2025,25 Jan 2025,,Mobile App MARYAM BEGUM,11258.73,17911.21,29558.51
03 Nov 2024,03 Nov 2024,,INET Inter Bank Fund Transfer Charges,21051.11,8595.87,33831.61
03 Jan 2025,03 Jan 2025,765244,Raast IBFT to IQRA PARVEEN,10223.38,18880.91,201360.0
26 Dec 2024,26 Dec 2024,155058,INET Inter Bank Fund Transfer Charges,22070.4,17967.75,387888.59
06 Dec 2024,06 Dec 2024,,INET Inter Bank Fund Transfer Charges,1592.68,2296.99,449855.47
12 Nov 2024,12 Nov 2024,,INET Inter Bank Fund Transfer Charges,20525.51,14322.25,300587.93
22 Nov 2024,22 Nov 2024,,INET Inter Bank Fund Transfer Charges,13306.41,9543.0,188345.13
04 Jan 2025,04 Jan 2025,,Raast IBFT to IQRA PARVEEN,7910.66,11702.89,371884.51
09 Nov 2024,09 Nov 2024,,Raast IBFT to IQRA PARVEEN,6009.69,3342.7,205895.29
09 Dec 2024,09 Dec 2024,,Raast IBFT to IQRA PARVEEN,5995.31,24981.12,256803.76
07 Dec 2024,07 Dec 2024,554026,Raast IBFT to IQRA PARVEEN,7950.28,22314.73,220899.32
05 Dec 2024,05 Dec 2024,,Mobile App MARYAM BEGUM,23569.66,16555.97,323021.27
09 Jan 2025,09 Jan 2025,,Raast IBFT to OMAR ZAMAN,13578.54,15275.5,109258.45
24 Jan 2025,24 Jan 2025,414686,Raast IBFT to IQRA PARVEEN,18176.11,16588.95,87785.96
03 Nov 2024,03 Nov 2024,722158,Raast IBFT to IQRA PARVEEN,20187.95,16385.67,316019.31
08 Dec 2024,08 Dec 2024,,Raast IBFT to OMAR ZAMAN,19887.4,24669.65,484276.04
12 Jan 2025,12 Jan 2025,909738,Mobile App MARYAM BEGUM,5101.99,20131.28,290224.98
23 Nov 2024,23 Nov 2024,440702,Raast IBFT to OMAR ZAMAN,15316.0,9551.73,167780.64
02 Nov 2024,02 Nov 2024,,Raast IBFT to IQRA PARVEEN,20029.1,4401.0,287227.63
25 Jan 2025,25 Jan 2025,838078,Mobile App MARYAM BEGUM,7734.37,2166.73,395252.68
02 Nov 2024,02 Nov 2024,,Raast IBFT to IQRA PARVEEN,13911.4,4829.14,413221.02
12 Jan 2025,12 Jan 2025,923664,Raast IBFT to OMAR ZAMAN,1481.38,8736.35,286460.15
12 Nov 2024,12 Nov 2024,574594,Raast IBFT to OMAR ZAMAN,3880.36,3917.84,200593.65
08 Feb 2025,08 Feb 2025,,INET Inter Bank Fund Transfer Charges,10335.1,19010.82,176876.73
17 Jan 2025,17 Jan 2025,712732,Mobile App MARYAM BEGUM,9118.68,1773.97,273595.27
06 Jan 2025,06 Jan 2025,,Raast IBFT to OMAR ZAMAN,22835.46,10489.89,497861.81
20 Nov 2024,20 Nov 2024,,Raast IBFT to IQRA PARVEEN,2923.86,18563.54,335430.55
17 Jan 2025,17 Jan 2025,,Mobile App MARYAM BEGUM,13986.17,9586.28,241278.68
15 Dec 2024,15 Dec 2024,807459,Mobile App MARYAM BEGUM,2534.91,9394.39,113390.32
04 Feb 2025,04 Feb 2025,057096,Raast IBFT to OMAR ZAMAN,14987.2,12202.92,112549.87
01 Jan 2025,01 Jan 2025,,INET Inter Bank Fund Transfer Charges,12256.51,3046.15,19861.12
25 Dec 2024,25 Dec 2024,,INET Inter Bank Fund Transfer Charges,10561.55,16347.07,318882.25
21 Jan 2025,21 Jan 2025,343340,Mobile App MARYAM BEGUM,18324.76,10144.65,433904.27
25 Jan 2025,25 Jan 2025,306720,Raast IBFT to IQRA PARVEEN,16254.76,9528.99,301076.63
03 Feb 2025,03 Feb 2025,926610,Raast IBFT to IQRA PARVEEN,16050.26,1175.76,37674.11
06 Feb 2025,06 Feb 2025,478871,Mobile App MARYAM BEGUM,12221.74,19060.76,259109.32
26 Jan 2025,26 Jan 2025,,Mobile App MARYAM BEGUM,23546.34,14703.81,283996.92
09 Dec 2024,09 Dec 2024,,INET Inter Bank Fund Transfer Charges,13813.72,1571.78,168320.68
04 Dec 2024,04 Dec 2024,252201,INET Inter Bank Fund Transfer Charges,9852.01,460.3,206074.31
27 Nov 2024,27 Nov 2024,093866,INET Inter Bank Fund Transfer Charges,21839.96,2199.26,283642.97
27 Nov 2024,27 Nov 2024,,Raast IBFT to IQRA PARVEEN,4845.33,23004.46,68661.94
13 Jan 2025,13 Jan 2025,,Raast IBFT to IQRA PARVEEN,18994.83,14917.91,275116.99
21 Dec 2024,21 Dec 2024,,INET Inter Bank Fund Transfer Charges,14418.14,20083.98,268495.52
05 Dec 2024,05 Dec 2024,,Mobile App MARYAM BEGUM,19897.99,18286.7,28800.2
03 Jan 2025,03 Jan 2025,717258,Mobile App MARYAM BEGUM,4425.87,16450.37,408946.39
23 Dec 2024,23 Dec 2024,587825,Raast IBFT to IQRA PARVEEN,1282.72,4936.65,289750.13
14 Jan 2025,14 Jan 2025,008771,Raast IBFT to OMAR ZAMAN,2313.02,16216.75,109380.72
20 Jan 2025,20 Jan 2025,,INET Inter Bank Fund Transfer Charges,4129.11,9319.64,423160.25
02 Feb 2025,02 Feb 2025,516946,Raast IBFT to IQRA PARVEEN,5481.6,6587.73,208014.13
31 Dec 2024,31 Dec 2024,,Raast IBFT to IQRA PARVEEN,8643.91,13434.11,327220.71
23 Dec 2024,23 Dec 2024,908269,Raast IBFT to OMAR ZAMAN,21180.93,1855.82,158345.24
21 Dec 2024,21 Dec 2024,,Raast IBFT to IQRA PARVEEN,9610.06,429.7,229590.95
17 Jan 2025,17 Jan 2025,,INET Inter Bank Fund Transfer Charges,2124.96,7052.73,107298.09
26 Dec 2024,26 Dec 2024,,INET Inter Bank Fund Transfer Charges,2385.96,11798.8,302721.89
03 Nov 2024,03 Nov 2024,,Raast IBFT to OMAR ZAMAN,23477.07,10928.7,401171.09
01 Nov 2024,01 Nov 2024,337093,INET Inter Bank Fund Transfer Charges,6995.63,19739.24,167088.6
03 Feb 2025,03 Feb 2025,,Mobile App MARYAM BEGUM,12093.51,244.02,326141.24
31 Dec 2024,31 Dec 2024,,INET Inter Bank Fund Transfer Charges,17060.01,14006.31,174367.88
08 Dec 2024,08 Dec 2024,046389,INET Inter Bank Fund Transfer Charges,15585.95,5617.89,61035.76
06 Jan 2025,06 Jan 2025,494027,Raast IBFT to IQRA PARVEEN,23101.56,16552.93,472429.29
29 Jan 2025,29 Jan 2025,454610,INET Inter Bank Fund Transfer Charges,23390.78,9487.23,389693.78
09 Jan 2025,09 Jan 2025,028242,Mobile App MARYAM BEGUM,1894.28,9914.04,99455.58
28 Dec 2024,28 Dec 2024,,Raast IBFT to OMAR ZAMAN,10666.49,6786.18,187887.88
23 Dec 2024,23 Dec 2024,256135,Raast IBFT to IQRA PARVEEN,12711.32,4541.29,252288.42
29 Dec 2024,29 Dec 2024,,Raast IBFT to IQRA PARVEEN,12861.03,22571.69,231937.68
25 Jan 2025,25 Jan 2025,,Raast IBFT to IQRA PARVEEN,1689.98,20615.09,165533.14
08 Jan 2025,08 Jan 2025,,INET Inter Bank Fund Transfer Charges,9321.03,11713.82,491135.58
01 Dec 2024,01 Dec 2024,775432,Raast IBFT to OMAR ZAMAN,14325.14,20717.28,18281.18
26 Dec 2024,26 Dec 2024,594315,Raast IBFT to IQRA PARVEEN,10799.88,8505.37,58722.08
13 Nov 2024,13 Nov 2024,135893,Raast IBFT to IQRA PARVEEN,15826.76,13976.95,237496.21
15 Dec 2024,15 Dec 2024,,Raast IBFT to IQRA PARVEEN,24738.44,16261.18,261737.34
20 Nov 2024,20 Nov 2024,276868,Mobile App MARYAM BEGUM,12402.81,2783.36,49065.64
09 Jan 2025,09 Jan 2025,,Raast IBFT to IQRA PARVEEN,15831.37,16524.25,201046.94
31 Jan 2025,31 Jan 2025,388187,INET Inter Bank Fund Transfer Charges,10073.02,13317.6,421945.76
11 Nov 2024,11 Nov 2024,,Mobile App MARYAM BEGUM,12003.61,18374.29,428769.58
17 Nov 2024,17 Nov 2024,416298,Mobile App MARYAM BEGUM,21147.58,10643.17,479591.2
22 Dec 2024,22 Dec 2024,858246,Raast IBFT to OMAR ZAMAN,14503.21,9285.97,479552.39
27 Nov 2024,27 Nov 2024,753950,Raast IBFT to IQRA PARVEEN,1230.36,17938.13,324810.31
23 Nov 2024,23 Nov 2024,114236,Raast IBFT to IQRA PARVEEN,18172.88,23584.76,32384.38
25 Nov 2024,25 Nov 2024,,Raast IBFT to IQRA PARVEEN,24815.57,9344.38,419295.28
27 Nov 2024,27 Nov 2024,,Mobile App MARYAM BEGUM,18228.55,24570.34,343069.99
14 Jan 2025,14 Jan 2025,699879,Mobile App MARYAM BEGUM,2206.47,16966.52,417742.66
26 Dec 2024,26 Dec 2024,,INET Inter Bank Fund Transfer Charges,17233.5,3312.74,218373.57
05 Dec 2024,05 Dec 2024,,Raast IBFT to IQRA PARVEEN,15980.51,23818.95,302654.37
29 Jan 2025,29 Jan 2025,993016,INET Inter Bank Fund Transfer Charges,24642.4,4565.76,78932.17
05 Feb 2025,05 Feb 2025,,Mobile App MARYAM BEGUM,8455.65,5039.48,210125.03
25 Jan 2025,25 Jan 2025,,Raast IBFT to OMAR ZAMAN,23069.33,20462.97,29509.97
01 Jan 2025,01 Jan 2025,,INET Inter Bank Fund Transfer Charges,21676.46,22164.94,38968.33
21 Nov 2024,21 Nov 2024,691381,INET Inter Bank Fund Transfer Charges,24981.79,9639.15,72328.2
27 Jan 2025,27 Jan 2025,114811,Raast IBFT to IQRA PARVEEN,17067.56,20126.24,309469.79
13 Nov 2024,13 Nov 2024,,INET Inter Bank Fund Transfer Charges,8105.77,417.73,490628.75
26 Dec 2024,26 Dec 2024,,Mobile App MARYAM BEGUM,19264.41,16324.05,202476.91
17 Dec 2024,17 Dec 2024,549762,Raast IBFT to IQRA PARVEEN,13823.97,23680.12,51874.92
10 Dec 2024,10 Dec 2024,,Raast IBFT to OMAR ZAMAN,22582.1,5754.59,191471.32
25 Jan 2025,25 Jan 2025,,Mobile App MARYAM BEGUM,20305.84,18751.58,240267.17
17 Nov 2024,17 Nov 2024,,INET Inter Bank Fund Transfer Charges,12783.89,8937.43,274963.14
23 Dec 2024,23 Dec 2024,387339,Mobile App MARYAM BEGUM,16674.24,8410.46,46816.29
17 Dec 2024,17 Dec 2024,,Raast IBFT to OMAR ZAMAN,6854.36,2509.59,262632.76
19 Dec 2024,19 Dec 2024,,Mobile App MARYAM BEGUM,13304.89,19698.86,179450.54
02 Feb 2025,02 Feb 2025,140600,Raast IBFT to OMAR ZAMAN,12983.81,14020.36,159683.02
30 Nov 2024,30 Nov 2024,,Raast IBFT to IQRA PARVEEN,20418.91,14585.01,243933.39
30 Nov 2024,30 Nov 2024,,INET Inter Bank Fund Transfer Charges,14432.27,11816.94,201606.14
15 Nov 2024,15 Nov 2024,536379,Raast IBFT to OMAR ZAMAN,18781.69,24666.41,339494.75
12 Jan 2025,12 Jan 2025,,Raast IBFT to IQRA PARVEEN,1138.35,3991.79,270161.35
18 Nov 2024,18 Nov 2024,,Raast IBFT to OMAR ZAMAN,1403.89,15040.57,267391.16
12 Jan 2025,12 Jan 2025,,Mobile App MARYAM BEGUM,14312.07,9792.33,442726.68
22 Jan 2025,22 Jan 2025,231434,INET Inter Bank Fund Transfer Charges,15071.93,13147.18,147927.59
17 Nov 2024,17 Nov 2024,278370,Mobile App MARYAM BEGUM,5230.91,10019.86,277720.99
13 Nov 2024,13 Nov 2024,,Mobile App MARYAM BEGUM,3447.48,4579.4,113359.78
24 Nov 2024,24 Nov 2024,811726,INET Inter Bank Fund Transfer Charges,5103.44,236.93,221232.56
30 Nov 2024,30 Nov 2024,,Mobile App MARYAM BEGUM,22206.58,20222.01,414604.97
03 Jan 2025,03 Jan 2025,,Mobile App MARYAM BEGUM,22286.38,3291.33,49146.27
12 Nov 2024,12 Nov 2024,994991,Raast IBFT to IQRA PARVEEN,17168.8,23941.71,256358.78
01 Feb 2025,01 Feb 2025,,INET Inter Bank Fund Transfer Charges,12962.82,2442.4,189713.95
29 Jan 2025,29 Jan 2025,123237,INET Inter Bank Fund Transfer Charges,23107.7,5222.44,99875.73
20 Dec 2024,20 Dec 2024,,Raast IBFT to OMAR ZAMAN,9119.85,18762.37,319109.45
16 Jan 2025,16 Jan 2025,,Mobile App MARYAM BEGUM,17436.31,4382.54,314202.69
28 Dec 2024,28 Dec 2024,203809,Raast IBFT to IQRA PARVEEN,23661.11,22385.54,477347.48
13 Dec 2024,13 Dec 2024,041226,Raast IBFT to IQRA PARVEEN,15345.92,24072.48,444828.88
03 Feb 2025,03 Feb 2025,,INET Inter Bank Fund Transfer Charges,14708.89,11865.32,198083.97
16 Nov 2024,16 Nov 2024,,Raast IBFT to OMAR ZAMAN,20826.72,5645.78,459525.54
29 Dec 2024,29 Dec 2024,,Raast IBFT to IQRA PARVEEN,16433.7,3303.98,88490.65
17 Jan 2025,17 Jan 2025,,INET Inter Bank Fund Transfer Charges,7688.96,4290.17,415251.71
18 Nov 2024,18 Nov 2024,540599,Raast IBFT to OMAR ZAMAN,11012.99,13419.87,329014.02
22 Dec 2024,22 Dec 2024,277508,Mobile App MARYAM BEGUM,11294.16,7251.39,281181.24
29 Dec 2024,29 Dec 2024,081605,Raast IBFT to IQRA PARVEEN,23771.48,23863.13,150823.63
01 Nov 2024,01 Nov 2024,,Raast IBFT to IQRA PARVEEN,20084.9,16489.36,202038.89
10 Nov 2024,10 Nov 2024,,INET Inter Bank Fund Transfer Charges,14869.22,13192.74,89295.74
20 Dec 2024,20 Dec 2024,858974,Mobile App MARYAM BEGUM,19571.17,9931.74,370403.02
14 Nov 2024,14 Nov 2024,956487,Raast IBFT to IQRA PARVEEN,3445.79,21894.51,222672.7
28 Nov 2024,28 Nov 2024,,Raast IBFT to IQRA PARVEEN,21644.43,15827.06,402158.73
10 Nov 2024,10 Nov 2024,,INET Inter Bank Fund Transfer Charges,3901.48,4617.6,426234.58
01 Feb 2025,01 Feb 2025,,INET Inter Bank Fund Transfer Charges,21486.13,13067.6,424238.88
16 Jan 2025,16 Jan 2025,,Raast IBFT to OMAR ZAMAN,16964.16,3428.21,215977.46
14 Jan 2025,14 Jan 2025,354553,Raast IBFT to IQRA PARVEEN,23922.1,6086.58,332340.61
14 Dec 2024,14 Dec 2024,,Mobile App MARYAM BEGUM,13138.78,19414.23,297998.97
26 Dec 2024,26 Dec 2024,,Mobile App MARYAM BEGUM,2900.16,14975.82,203335.65
27 Dec 2024,27 Dec 2024,,INET Inter Bank Fund Transfer Charges,17885.93,4008.81,157790.19
17 Nov 2024,17 Nov 2024,013280,Raast IBFT to OMAR ZAMAN,1570.85,13088.21,36567.75
24 Dec 2024,24 Dec 2024,,INET Inter Bank Fund Transfer Charges,13161.69,9420.09,32055.35
18 Jan 2025,18 Jan 2025,025021,Raast IBFT to IQRA PARVEEN,15024.85,15996.57,269725.46
23 Dec 2024,23 Dec 2024,,Raast IBFT to IQRA PARVEEN,10493.46,20858.71,284445.42
12 Jan 2025,12 Jan 2025,981103,INET Inter Bank Fund Transfer Charges,22633.46,19571.46,53534.12
21 Jan 2025,21 Jan 2025,,Raast IBFT to IQRA PARVEEN,13400.87,16095.96,429195.65
08 Nov 2024,08 Nov 2024,094117,Raast IBFT to IQRA PARVEEN,10872.65,5649.16,32247.93
25 Jan 2025,25 Jan 2025,,INET Inter Bank Fund Transfer Charges,10204.48,1052.4,322816.33
20 Dec 2024,20 Dec 2024,329431,Raast IBFT to IQRA PARVEEN,6194.33,16216.13,73380.26
03 Dec 2024,03 Dec 2024,,Mobile App MARYAM BEGUM,12457.09,6696.08,448737.56
04 Feb 2025,04 Feb 2025,370880,INET Inter Bank Fund Transfer Charges,18286.37,13725.44,407089.62
12 Nov 2024,12 Nov 2024,396692,Raast IBFT to IQRA PARVEEN,11347.71,9367.96,392527.18
04 Feb 2025,04 Feb 2025,561084,Raast IBFT to IQRA PARVEEN,16281.89,24945.9,491215.64
30 Dec 2024,30 Dec 2024,579042,Mobile App MARYAM BEGUM,13940.95,10828.75,473080.72
31 Jan 2025,31 Jan 2025,531312,Raast IBFT to OMAR ZAMAN,20607.32,8928.79,20585.02
16 Dec 2024,16 Dec 2024,,Raast IBFT to IQRA PARVEEN,12613.8,15777.1,156432.02
20 Nov 2024,20 Nov 2024,466700,INET Inter Bank Fund Transfer Charges,12665.7,4483.17,302218.13
02 Dec 2024,02 Dec 2024,326485,Raast IBFT to IQRA PARVEEN,13294.58,7661.03,461894.02
12 Jan 2025,12 Jan 2025,,INET Inter Bank Fund Transfer Charges,17915.06,24431.21,84320.08
01 Feb 2025,01 Feb 2025,375416,Mobile App MARYAM BEGUM,19990.22,6549.77,190499.53
28 Dec 2024,28 Dec 2024,055613,Raast IBFT to OMAR ZAMAN,15818.36,21993.71,339196.15
16 Dec 2024,16 Dec 2024,,Raast IBFT to OMAR ZAMAN,15382.61,12032.22,393831.38
11 Jan 2025,11 Jan 2025,777895,Raast IBFT to OMAR ZAMAN,16635.45,2468.43,47925.74
15 Jan 2025,15 Jan 2025,376669,INET Inter Bank Fund Transfer Charges,14325.19,17642.82,431129.48
07 Jan 2025,07 Jan 2025,647954,Mobile App MARYAM BEGUM,7484.41,10604.1,268328.21
24 Dec 2024,24 Dec 2024,663435,Mobile App MARYAM BEGUM,18101.86,2101.9,171856.82
20 Dec 2024,20 Dec 2024,,INET Inter Bank Fund Transfer Charges,23830.82,7782.48,28803.84
12 Dec 2024,12 Dec 2024,944830,Mobile App MARYAM BEGUM,15032.7,5675.35,325534.08
04 Feb 2025,04 Feb 2025,,Raast IBFT to OMAR ZAMAN,17765.73,5102.18,241510.76
15 Jan 2025,15 Jan 2025,,Raast IBFT to OMAR ZAMAN,12953.96,6710.34,168397.3
26 Nov 2024,26 Nov 2024,540038,Raast IBFT to IQRA PARVEEN,21578.42,18175.07,229742.91
15 Jan 2025,15 Jan 2025,119643,INET Inter Bank Fund Transfer Charges,17380.49,15445.2,207424.34
26 Jan 2025,26 Jan 2025,932980,INET Inter Bank Fund Transfer Charges,23886.79,17663.64,60985.37
22 Jan 2025,22 Jan 2025,,Raast IBFT to OMAR ZAMAN,17947.59,11922.49,125412.03
08 Feb 2025,08 Feb 2025,357212,Raast IBFT to OMAR ZAMAN,6710.97,6485.52,486983.04
18 Nov 2024,18 Nov 2024,648658,Raast IBFT to IQRA PARVEEN,23590.09,5865.35,316218.93
13 Nov 2024,13 Nov 2024,778447,Raast IBFT to IQRA PARVEEN,21799.4,24291.97,477356.74
09 Dec 2024,09 Dec 2024,,INET Inter Bank Fund Transfer Charges,14840.08,22186.14,446025.64
16 Nov 2024,16 Nov 2024,,Raast IBFT to OMAR ZAMAN,17959.1,12337.01,214571.43
09 Nov 2024,09 Nov 2024,,INET Inter Bank Fund Transfer Charges,12112.28,10455.51,462301.48
08 Dec 2024,08 Dec 2024,339861,INET Inter Bank Fund Transfer Charges,3849.98,14083.54,285430.86
12 Nov 2024,12 Nov 2024,681114,Mobile App MARYAM BEGUM,1482.82,24502.49,51239.11
27 Nov 2024,27 Nov 2024,,Raast IBFT to OMAR ZAMAN,22412.08,5340.44,383853.32
04 Nov 2024,04 Nov 2024,,Raast IBFT to OMAR ZAMAN,11332.65,7268.0,182435.0
29 Nov 2024,29 Nov 2024,,Raast IBFT to IQRA PARVEEN,18393.92,14697.72,205927.66
17 Jan 2025,17 Jan 2025,,Raast IBFT to IQRA PARVEEN,24574.7,20696.54,110689.28
08 Feb 2025,08 Feb 2025,206448,Mobile App MARYAM BEGUM,13284.05,20041.01,201404.04
24 Jan 2025,24 Jan 2025,418986,Raast IBFT to IQRA PARVEEN,4545.07,15778.66,384179.33
22 Jan 2025,22 Jan 2025,,INET Inter Bank Fund Transfer Charges,9058.38,8377.65,409605.76
30 Jan 2025,30 Jan 2025,839927,Raast IBFT to OMAR ZAMAN,19859.45,6173.65,16797.32
17 Dec 2024,17 Dec 2024,617981,Raast IBFT to OMAR ZAMAN,15332.83,12511.31,389537.73
06 Nov 2024,06 Nov 2024,082993,INET Inter Bank Fund Transfer Charges,14407.89,5796.84,178844.7
21 Dec 2024,21 Dec 2024,451786,Raast IBFT to IQRA PARVEEN,17348.02,14814.02,53531.2
09 Feb 2025,09 Feb 2025,,Raast IBFT to OMAR ZAMAN,16167.81,17625.64,365730.92
21 Nov 2024,21 Nov 2024,783063,Mobile App MARYAM BEGUM,2073.44,11116.16,478502.64
10 Dec 2024,10 Dec 2024,789650,Mobile App MARYAM BEGUM,5739.74,15280.84,376176.97
19 Nov 2024,19 Nov 2024,533215,Raast IBFT to OMAR ZAMAN,18922.14,22411.57,454466.03
29 Jan 2025,29 Jan 2025,324206,Raast IBFT to IQRA PARVEEN,23441.07,21874.8,50872.39
04 Dec 2024,04 Dec 2024,,Mobile App MARYAM BEGUM,10674.18,7581.39,371543.02
12 Dec 2024,12 Dec 2024,,Raast IBFT to IQRA PARVEEN,14496.0,24502.29,497838.94
08 Feb 2025,08 Feb 2025,763764,Raast IBFT to IQRA PARVEEN,21668.06,22491.07,151369.4
17 Jan 2025,17 Jan 2025,779210,Raast IBFT to OMAR ZAMAN,16192.28,8328.61,201985.08
02 Feb 2025,02 Feb 2025,,Raast IBFT to IQRA PARVEEN,15360.36,2607.83,370487.77
24 Nov 2024,24 Nov 2024,721849,Mobile App MARYAM BEGUM,12152.12,14031.12,193398.71
06 Dec 2024,06 Dec 2024,941767,Raast IBFT to OMAR ZAMAN,8838.53,3004.41,129918.11
11 Jan 2025,11 Jan 2025,,Mobile App MARYAM BEGUM,22613.52,8455.91,77122.47
09 Feb 2025,09 Feb 2025,,Raast IBFT to OMAR ZAMAN,14704.89,6447.89,334775.83
20 Nov 2024,20 Nov 2024,,Raast IBFT to OMAR ZAMAN,4549.32,21697.24,417781.65
17 Dec 2024,17 Dec 2024,,Raast IBFT to OMAR ZAMAN,13498.71,20171.95,233718.11
05 Dec 2024,05 Dec 2024,,INET Inter Bank Fund Transfer Charges,13349.86,18657.66,150438.52
04 Jan 2025,04 Jan 2025,377018,Mobile App MARYAM BEGUM,10367.76,1520.26,256599.6
28 Nov 2024,28 Nov 2024,092304,Mobile App MARYAM BEGUM,9841.17,13947.06,194439.51
19 Jan 2025,19 Jan 2025,,Raast IBFT to OMAR ZAMAN,20665.36,2649.95,182329.91
17 Dec 2024,17 Dec 2024,405620,INET Inter Bank Fund Transfer Charges,6881.0,23242.08,377079.94
18 Dec 2024,18 Dec 2024,952237,Mobile App MARYAM BEGUM,21574.39,12371.19,46862.52
08 Jan 2025,08 Jan 2025,809797,Raast IBFT to IQRA PARVEEN,10269.45,24987.7,409472.35
22 Jan 2025,22 Jan 2025,,INET Inter Bank Fund Transfer Charges,23481.4,13436.95,181723.0
31 Jan 2025,31 Jan 2025,989874,INET Inter Bank Fund Transfer Charges,21700.04,3759.62,279213.29
04 Jan 2025,04 Jan 2025,,Mobile App MARYAM BEGUM,9644.54,15714.2,261789.4
06 Feb 2025,06 Feb 2025,096624,Raast IBFT to OMAR ZAMAN,5695.91,7617.08,409737.26
24 Jan 2025,24 Jan 2025,799378,Mobile App MARYAM BEGUM,21595.06,13536.69,272300.62
07 Nov 2024,07 Nov 2024,,INET Inter Bank Fund Transfer Charges,4094.55,2782.95,486800.82
13 Nov 2024,13 Nov 2024,,Raast IBFT to IQRA PARVEEN,15312.97,9858.54,218478.94
20 Nov 2024,20 Nov 2024,,INET Inter Bank Fund Transfer Charges,12563.05,13389.02,211787.98
04 Nov 2024,04 Nov 2024,335121,Mobile App MARYAM BEGUM,19997.4,272.88,41972.69
16 Nov 2024,16 Nov 2024,,Raast IBFT to IQRA PARVEEN,16050.68,16996.11,334440.3
13 Dec 2024,13 Dec 2024,308601,Raast IBFT to OMAR ZAMAN,9184.61,3227.79,288806.89
16 Jan 2025,16 Jan 2025,713819,INET Inter Bank Fund Transfer Charges,18553.93,6964.25,428866.55
05 Feb 2025,05 Feb 2025,786680,Mobile App MARYAM BEGUM,18694.48,1678.19,85936.45
27 Dec 2024,27 Dec 2024,,INET Inter Bank Fund Transfer Charges,3360.72,16111.71,480556.21
24 Jan 2025,24 Jan 2025,,Raast IBFT to OMAR ZAMAN,22636.76,22703.67,267283.14
01 Nov 2024,01 Nov 2024,,INET Inter Bank Fund Transfer Charges,24117.96,5263.4,462479.45
10 Jan 2025,10 Jan 2025,122833,Raast IBFT to IQRA PARVEEN,22259.77,6406.32,238885.0
24 Dec 2024,24 Dec 2024,,Raast IBFT to IQRA PARVEEN,19371.28,8994.22,372180.27
03 Nov 2024,03 Nov 2024,,Mobile App MARYAM BEGUM,18001.35,12384.84,343543.43
27 Nov 2024,27 Nov 2024,689316,Raast IBFT to OMAR ZAMAN,24698.48,12397.32,208268.73
30 Jan 2025,30 Jan 2025,237555,Raast IBFT to IQRA PARVEEN,10596.3,11368.82,308115.31
21 Jan 2025,21 Jan 2025,,Raast IBFT to OMAR ZAMAN,8853.48,2260.03,250750.7
02 Jan 2025,02 Jan 2025,,Raast IBFT to OMAR ZAMAN,23088.52,11693.39,40909.37
20 Nov 2024,20 Nov 2024,462305,Raast IBFT to IQRA PARVEEN,14268.54,24187.29,448612.93
24 Dec 2024,24 Dec 2024,908874,Mobile App MARYAM BEGUM,9593.26,11556.66,498290.0
13 Dec 2024,13 Dec 2024,,Raast IBFT to IQRA PARVEEN,3588.57,13469.06,154383.15
31 Jan 2025,31 Jan 2025,,Mobile App MARYAM BEGUM,3272.45,24253.81,376561.51
13 Nov 2024,13 Nov 2024,,Raast IBFT to IQRA PARVEEN,23019.97,10329.77,23955.13
28 Jan 2025,28 Jan 2025,541626,Mobile App MARYAM BEGUM,13270.91,955.05,78016.79
09 Nov 2024,09 Nov 2024,,Raast IBFT to IQRA PARVEEN,18854.96,1469.51,395229.81
07 Feb 2025,07 Feb 2025,,INET Inter Bank Fund Transfer Charges,4569.89,24245.53,419899.29
23 Jan 2025,23 Jan 2025,,INET Inter Bank Fund Transfer Charges,9202.38,2064.36,269895.6
25 Dec 2024,25 Dec 2024,,Mobile App MARYAM BEGUM,1480.89,6082.77,478512.9
15 Jan 2025,15 Jan 2025,892947,INET Inter Bank Fund Transfer Charges,3970.04,8298.58,44396.68
31 Dec 2024,31 Dec 2024,,INET Inter Bank Fund Transfer Charges,18559.96,7570.99,161231.91
14 Nov 2024,14 Nov 2024,,Raast IBFT to OMAR ZAMAN,2953.22,12844.8,166069.25
29 Nov 2024,29 Nov 2024,,Mobile App MARYAM BEGUM,20306.07,20261.08,210757.41
16 Nov 2024,16 Nov 2024,395731,Mobile App MARYAM BEGUM,18885.55,13777.1,211732.61
12 Dec 2024,12 Dec 2024,,Mobile App MARYAM BEGUM,21848.38,17667.0,290268.05
20 Dec 2024,20 Dec 2024,222646,Mobile App MARYAM BEGUM,8170.42,14992.58,482195.51
22 Dec 2024,22 Dec 2024,,Mobile App MARYAM BEGUM,17913.61,23099.22,433848.38
09 Dec 2024,09 Dec 2024,684976,INET Inter Bank Fund Transfer Charges,19363.84,17311.57,330703.25
22 Dec 2024,22 Dec 2024,,Mobile App MARYAM BEGUM,22875.92,4361.96,131531.73
21 Jan 2025,21 Jan 2025,102283,INET Inter Bank Fund Transfer Charges,8918.75,20615.79,107932.74
07 Dec 2024,07 Dec 2024,896703,INET Inter Bank Fund Transfer Charges,24574.35,4056.62,478790.91
02 Feb 2025,02 Feb 2025,078348,Raast IBFT to IQRA PARVEEN,12361.37,24308.42,150725.14
01 Nov 2024,01 Nov 2024,113264,Mobile App MARYAM BEGUM,5873.06,2148.62,305923.56
15 Dec 2024,15 Dec 2024,,INET Inter Bank Fund Transfer Charges,24869.65,16185.24,422051.57
10 Dec 2024,10 Dec 2024,662714,Mobile App MARYAM BEGUM,19218.95,6235.36,296349.82
22 Nov 2024,22 Nov 2024,,Raast IBFT to IQRA PARVEEN,4179.43,14924.98,153293.53
10 Dec 2024,10 Dec 2024,,INET Inter Bank Fund Transfer Charges,23211.51,12434.08,20309.01
13 Jan 2025,13 Jan 2025,093049,INET Inter Bank Fund Transfer Charges,7654.41,6140.94,70576.94
30 Jan 2025,30 Jan 2025,586425,Raast IBFT to OMAR ZAMAN,15941.15,21511.13,256288.59
29 Dec 2024,29 Dec 2024,,INET Inter Bank Fund Transfer Charges,9855.94,15524.37,251195.83
18 Dec 2024,18 Dec 2024,,Mobile App MARYAM BEGUM,3276.29,21261.14,126384.69
16 Jan 2025,16 Jan 2025,,INET Inter Bank Fund Transfer Charges,14785.48,4244.94,118621.82
23 Jan 2025,23 Jan 2025,999547,Raast IBFT to IQRA PARVEEN,4645.81,21896.61,26922.81
19 Jan 2025,19 Jan 2025,,INET Inter Bank Fund Transfer Charges,8406.84,18979.77,157958.65
15 Dec 2024,15 Dec 2024,,INET Inter Bank Fund Transfer Charges,14733.83,8751.95,262214.72
04 Dec 2024,04 Dec 2024,,Raast IBFT to OMAR ZAMAN,1535.63,11110.03,275321.15
13 Jan 2025,13 Jan 2025,797989,Mobile App MARYAM BEGUM,23340.6,18372.93,279868.1
30 Nov 2024,30 Nov 2024,070819,INET Inter Bank Fund Transfer Charges,6479.7,9895.99,289289.04
18 Nov 2024,18 Nov 2024,027501,Raast IBFT to IQRA PARVEEN,3598.31,4041.09,384910.38
01 Nov 2024,01 Nov 2024,317885,Raast IBFT to IQRA PARVEEN,23259.37,1239.37,39494.2
22 Nov 2024,22 Nov 2024,,INET Inter Bank Fund Transfer Charges,23115.95,22349.25,123519.38
17 Nov 2024,17 Nov 2024,,Mobile App MARYAM BEGUM,1647.58,19005.83,189591.36
16 Nov 2024,16 Nov 2024,,Mobile App MARYAM BEGUM,8568.63,18997.17,156905.41
06 Feb 2025,06 Feb 2025,,Raast IBFT to IQRA PARVEEN,18750.51,8546.16,135577.84
17 Dec 2024,17 Dec 2024,384670,Raast IBFT to OMAR ZAMAN,22599.98,2243.15,24982.53
17 Nov 2024,17 Nov 2024,,Raast IBFT to IQRA PARVEEN,9527.83,16313.67,164899.04
20 Dec 2024,20 Dec 2024,856021,INET Inter Bank Fund Transfer Charges,1079.79,19878.61,310307.45
30 Nov 2024,30 Nov 2024,,Raast IBFT to IQRA PARVEEN,3239.2,1343.88,449509.47
04 Feb 2025,04 Feb 2025,,Raast IBFT to IQRA PARVEEN,10840.5,12126.28,151419.09
11 Dec 2024,11 Dec 2024,,Mobile App MARYAM BEGUM,8403.6,1243.76,443456.85
23 Jan 2025,23 Jan 2025,,Mobile App MARYAM BEGUM,10449.38,5991.17,148913.72
02 Feb 2025,02 Feb 2025,,Mobile App MARYAM BEGUM,12414.76,23000.11,167018.07
10 Nov 2024,10 Nov 2024,453937,Raast IBFT to IQRA PARVEEN,24102.84,5230.46,442094.84
26 Jan 2025,26 Jan 2025,,Mobile App MARYAM BEGUM,14704.85,16248.28,202176.34
10 Jan 2025,10 Jan 2025,563040,Raast IBFT to OMAR ZAMAN,20751.76,9866.28,300102.44
31 Dec 2024,31 Dec 2024,840179,INET Inter Bank Fund Transfer Charges,21983.05,3978.11,489249.87
03 Dec 2024,03 Dec 2024,564126,Raast IBFT to IQRA PARVEEN,20480.68,22170.66,309340.68
03 Feb 2025,03 Feb 2025,,Mobile App MARYAM BEGUM,3004.63,19934.71,374442.52
02 Dec 2024,02 Dec 2024,,Raast IBFT to IQRA PARVEEN,10930.96,5904.37,106733.79
07 Jan 2025,07 Jan 2025,355761,Mobile App MARYAM BEGUM,20203.14,1382.75,217177.43
14 Jan 2025,14 Jan 2025,,Raast IBFT to OMAR ZAMAN,1583.84,1579.57,227648.14
11 Dec 2024,11 Dec 2024,608054,Raast IBFT to IQRA PARVEEN,17735.92,5462.05,484840.3
06 Jan 2025,06 Jan 2025,419072,Mobile App MARYAM BEGUM,14767.79,15296.58,100041.97
24 Nov 2024,24 Nov 2024,783556,Mobile App MARYAM BEGUM,17178.24,7130.7,167307.3
02 Nov 2024,02 Nov 2024,164236,Raast IBFT to IQRA PARVEEN,4071.57,9593.44,163736.26
05 Dec 2024,05 Dec 2024,140382,Raast IBFT to OMAR ZAMAN,13054.87,4019.59,315976.15
02 Nov 2024,02 Nov 2024,692950,Raast IBFT to IQRA PARVEEN,19606.03,12365.37,443071.21
16 Nov 2024,16 Nov 2024,,Raast IBFT to OMAR ZAMAN,14872.67,16820.1,471557.25
08 Nov 2024,08 Nov 2024,,Mobile App MARYAM BEGUM,23554.29,1434.71,230885.75
12 Nov 2024,12 Nov 2024,,Raast IBFT to IQRA PARVEEN,11156.66,12605.27,419559.18
29 Jan 2025,29 Jan 2025,139605,Mobile App MARYAM BEGUM,9358.23,4778.3,250527.19
25 Nov 2024,25 Nov 2024,,Raast IBFT to OMAR ZAMAN,11792.45,20761.6,316674.83
26 Nov 2024,26 Nov 2024,616266,Mobile App MARYAM BEGUM,1113.9,10409.51,54432.88
06 Jan 2025,06 Jan 2025,938797,Raast IBFT to IQRA PARVEEN,23727.34,3381.02,420214.87
04 Jan 2025,04 Jan 2025,,Mobile App MARYAM BEGUM,17809.45,11698.81,147670.59
11 Jan 2025,11 Jan 2025,234551,Mobile App MARYAM BEGUM,21614.83,24017.03,460486.08
24 Jan 2025,24 Jan 2025,394492,INET Inter Bank Fund Transfer Charges,4780.07,24889.71,269681.31
23 Nov 2024,23 Nov 2024,744250,Raast IBFT to OMAR ZAMAN,7218.93,15328.79,174670.51
04 Jan 2025,04 Jan 2025,675691,Raast IBFT to OMAR ZAMAN,20563.84,369.58,170048.28
30 Nov 2024,30 Nov 2024,,Mobile App MARYAM BEGUM,13075.32,2537.54,180732.0
07 Jan 2025,07 Jan 2025,612271,INET Inter Bank Fund Transfer Charges,19637.1,18016.46,445944.93
18 Dec 2024,18 Dec 2024,,Raast IBFT to IQRA PARVEEN,10031.44,18583.13,26324.5
01 Dec 2024,01 Dec 2024,,Mobile App MARYAM BEGUM,16860.08,12858.16,26107.42
30 Jan 2025,30 Jan 2025,,Raast IBFT to OMAR ZAMAN,5448.15,17961.57,126840.57
28 Dec 2024,28 Dec 2024,610279,INET Inter Bank Fund Transfer Charges,24552.66,13861.91,132776.56
27 Nov 2024,27 Nov 2024,,Mobile App MARYAM BEGUM,9748.89,21051.03,434969.64
30 Dec 2024,30 Dec 2024,,Mobile App MARYAM BEGUM,16573.63,3221.69,141432.47
24 Jan 2025,24 Jan 2025,425454,Raast IBFT to IQRA PARVEEN,22255.71,8792.5,397577.14
08 Dec 2024,08 Dec 2024,774210,Mobile App MARYAM BEGUM,23452.9,24699.83,255917.01
09 Jan 2025,09 Jan 2025,279225,Raast IBFT to IQRA PARVEEN,18999.21,9797.71,191936.45
28 Dec 2024,28 Dec 2024,,Raast IBFT to OMAR ZAMAN,8264.3,3377.29,364451.22
05 Jan 2025,05 Jan 2025,084232,Raast IBFT to IQRA PARVEEN,1626.65,18128.6,466431.77
19 Dec 2024,19 Dec 2024,008536,INET Inter Bank Fund Transfer Charges,3103.63,9315.73,254861.12
07 Jan 2025,07 Jan 2025,546868,INET Inter Bank Fund Transfer Charges,10340.11,24957.31,266997.27
10 Nov 2024,10 Nov 2024,279470,Raast IBFT to IQRA PARVEEN,13810.22,8488.69,111568.79
10 Dec 2024,10 Dec 2024,,INET Inter Bank Fund Transfer Charges,8231.99,10621.12,107288.05
23 Dec 2024,23 Dec 2024,591399,Raast IBFT to IQRA PARVEEN,17915.58,13195.05,147183.95
04 Jan 2025,04 Jan 2025,,Raast IBFT to IQRA PARVEEN,1807.11,22219.47,174227.36
22 Jan 2025,22 Jan 2025,321801,Raast IBFT to IQRA PARVEEN,24960.83,9469.84,107115.69
13 Dec 2024,13 Dec 2024,,INET Inter Bank Fund Transfer Charges,6924.09,5054.21,183228.21
22 Nov 2024,22 Nov 2024,868549,Mobile App MARYAM BEGUM,23428.21,23133.03,223856.08
04 Nov 2024,04 Nov 2024,869949,INET Inter Bank Fund Transfer Charges,22847.86,20582.65,136135.52
05 Feb 2025,05 Feb 2025,,Raast IBFT to IQRA PARVEEN,17019.56,4402.24,358244.07
02 Jan 2025,02 Jan 2025,194539,INET Inter Bank Fund Transfer Charges,4812.28,22493.19,466362.28
21 Nov 2024,21 Nov 2024,770605,Raast IBFT to IQRA PARVEEN,12200.99,14945.27,49914.04
09 Feb 2025,09 Feb 2025,,Raast IBFT to OMAR ZAMAN,1080.43,6780.22,281852.18
27 Jan 2025,27 Jan 2025,,INET Inter Bank Fund Transfer Charges,16218.55,19030.91,299754.68
25 Nov 2024,25 Nov 2024,,Raast IBFT to OMAR ZAMAN,24340.59,10589.32,357464.31
15 Jan 2025,15 Jan 2025,614699,Raast IBFT to IQRA PARVEEN,4580.93,2282.71,156454.66
24 Nov 2024,24 Nov 2024,,Mobile App MARYAM BEGUM,11701.37,4232.13,357908.02
19 Jan 2025,19 Jan 2025,,INET Inter Bank Fund Transfer Charges,6012.76,5185.64,197348.92
09 Jan 2025,09 Jan 2025,833540,Raast IBFT to IQRA PARVEEN,18785.88,4784.72,413967.25
22 Jan 2025,22 Jan 2025,616260,Mobile App MARYAM BEGUM,13517.09,5997.96,373843.3
26 Jan 2025,26 Jan 2025,,Raast IBFT to IQRA PARVEEN,24221.6,17756.62,396047.09
07 Dec 2024,07 Dec 2024,,Mobile App MARYAM BEGUM,3580.9,22364.74,94251.08
08 Nov 2024,08 Nov 2024,000221,Raast IBFT to OMAR ZAMAN,10207.87,8652.26,472413.5
02 Feb 2025,02 Feb 2025,,Mobile App MARYAM BEGUM,5751.08,2197.89,287419.36
06 Dec 2024,06 Dec 2024,,Raast IBFT to IQRA PARVEEN,10295.75,439.81,395080.75
08 Nov 2024,08 Nov 2024,,Mobile App MARYAM BEGUM,22834.15,1998.53,368385.72
21 Dec 2024,21 Dec 2024,,INET Inter Bank Fund Transfer Charges,14870.52,1564.08,445384.86
01 Nov 2024,01 Nov 2024,109204,Raast IBFT to OMAR ZAMAN,21157.67,1635.77,278611.7
29 Dec 2024,29 Dec 2024,,Raast IBFT to OMAR ZAMAN,21716.64,20600.99,97020.16
25 Dec 2024,25 Dec 2024,,INET Inter Bank Fund Transfer Charges,24614.47,21842.34,215378.21
15 Nov 2024,15 Nov 2024,,INET Inter Bank Fund Transfer Charges,24703.33,12871.79,172730.45
06 Jan 2025,06 Jan 2025,684441,Mobile App MARYAM BEGUM,2896.0,13442.06,457914.72
20 Nov 2024,20 Nov 2024,,Raast IBFT to IQRA PARVEEN,9585.39,11965.35,59246.94
19 Jan 2025,19 Jan 2025,,INET Inter Bank Fund Transfer Charges,13784.84,17841.46,62490.63
04 Jan 2025,04 Jan 2025,737837,Raast IBFT to OMAR ZAMAN,15474.66,19025.51,156707.2
02 Nov 2024,02 Nov 2024,,INET Inter Bank Fund Transfer Charges,21330.05,6935.13,212456.4
10 Dec 2024,10 Dec 2024,,Raast IBFT to OMAR ZAMAN,21763.01,7935.22,345405.2
05 Feb 2025,05 Feb 2025,626929,Mobile App MARYAM BEGUM,22978.55,24232.11,189206.06
04 Nov 2024,04 Nov 2024,239174,Raast IBFT to OMAR ZAMAN,12874.64,2203.84,350562.94
19 Jan 2025,19 Jan 2025,,Mobile App MARYAM BEGUM,13218.94,24511.83,306713.81
21 Jan 2025,21 Jan 2025,692063,Raast IBFT to IQRA PARVEEN,3293.99,20235.23,61437.35
29 Nov 2024,29 Nov 2024,152903,Raast IBFT to OMAR ZAMAN,21037.0,4127.78,196351.12
28 Nov 2024,28 Nov 2024,671119,Raast IBFT to OMAR ZAMAN,5645.46,24663.27,220999.44
15 Dec 2024,15 Dec 2024,979825,Mobile App MARYAM BEGUM,20507.21,379.45,244106.86
12 Nov 2024,12 Nov 2024,348217,Mobile App MARYAM BEGUM,12469.51,14325.2,280958.67
16 Nov 2024,16 Nov 2024,,Mobile App MARYAM BEGUM,13707.15,11201.82,142190.96
25 Dec 2024,25 Dec 2024,846917,INET Inter Bank Fund Transfer Charges,2744.18,19724.36,135797.46
29 Jan 2025,29 Jan 2025,,INET Inter Bank Fund Transfer Charges,18915.35,3668.03,33390.68
12 Jan 2025,12 Jan 2025,215054,INET Inter Bank Fund Transfer Charges,2067.43,7459.23,318153.52
31 Dec 2024,31 Dec 2024,,Raast IBFT to IQRA PARVEEN,16023.96,22922.19,392807.45
03 Jan 2025,03 Jan 2025,,Raast IBFT to OMAR ZAMAN,23888.45,18108.49,83135.35
02 Jan 2025,02 Jan 2025,186880,INET Inter Bank Fund Transfer Charges,3652.2,16138.0,310966.43
04 Nov 2024,04 Nov 2024,,INET Inter Bank Fund Transfer Charges,10050.79,14420.47,139175.75
08 Nov 2024,08 Nov 2024,393962,Mobile App MARYAM BEGUM,23045.85,21767.22,160299.45
02 Jan 2025,02 Jan 2025,858099,Raast IBFT to IQRA PARVEEN,23817.94,9317.73,311096.34
30 Nov 2024,30 Nov 2024,,Raast IBFT to OMAR ZAMAN,8205.81,5788.43,217913.59
02 Nov 2024,02 Nov 2024,,Mobile App MARYAM BEGUM,8425.98,12466.8,88736.06
15 Nov 2024,15 Nov 2024,,INET Inter Bank Fund Transfer Charges,20736.49,12442.29,91509.17
14 Dec 2024,14 Dec 2024,,INET Inter Bank Fund Transfer Charges,7431.42,6371.77,169528.67
05 Jan 2025,05 Jan 2025,,Mobile App MARYAM BEGUM,14142.3,4068.01,143629.35
24 Nov 2024,24 Nov 2024,912796,Raast IBFT to IQRA PARVEEN,2609.03,12785.98,209378.21
27 Jan 2025,27 Jan 2025,,Raast IBFT to IQRA PARVEEN,15637.72,246.78,193353.16
06 Feb 2025,06 Feb 2025,,Mobile App MARYAM BEGUM,10576.18,8142.35,263607.81
04 Feb 2025,04 Feb 2025,,Raast IBFT to IQRA PARVEEN,1197.2,5772.63,233856.16
19 Dec 2024,19 Dec 2024,,Mobile App MARYAM BEGUM,16383.75,9898.25,188321.55
15 Dec 2024,15 Dec 2024,058820,Raast IBFT to IQRA PARVEEN,14067.24,9393.29,285403.35
21 Jan 2025,21 Jan 2025,,Raast IBFT to IQRA PARVEEN,24344.0,7118.86,92882.44
05 Feb 2025,05 Feb 2025,340229,Raast IBFT to IQRA PARVEEN,15374.42,22437.41,15459.65
22 Nov 2024,22 Nov 2024,,Mobile App MARYAM BEGUM,1055.45,13401.82,372570.61
03 Nov 2024,03 Nov 2024,849225,Raast IBFT to IQRA PARVEEN,1510.64,24875.46,499008.32
20 Jan 2025,20 Jan 2025,538318,Raast IBFT to OMAR ZAMAN,16101.15,15066.42,51591.69
12 Jan 2025,12 Jan 2025,020021,Mobile App MARYAM BEGUM,13515.46,13132.52,450938.93
04 Feb 2025,04 Feb 2025,,INET Inter Bank Fund Transfer Charges,16627.83,21457.72,393928.16
13 Jan 2025,13 Jan 2025,998317,Raast IBFT to OMAR ZAMAN,14228.07,24767.41,473387.12
25 Jan 2025,25 Jan 2025,,Raast IBFT to OMAR ZAMAN,7419.01,40.92,250269.36
06 Feb 2025,06 Feb 2025,,Mobile App MARYAM BEGUM,17012.31,23757.92,304906.81
02 Feb 2025,02 Feb 2025,057448,INET Inter Bank Fund Transfer Charges,7239.3,22808.88,185654.72
08 Jan 2025,08 Jan 2025,961764,Raast IBFT to OMAR ZAMAN,5067.61,4698.43,466423.55
04 Jan 2025,04 Jan 2025,,Mobile App MARYAM BEGUM,19179.4,189.89,23454.67
10 Jan 2025,10 Jan 2025,895986,INET Inter Bank Fund Transfer Charges,2829.47,2678.68,375686.94
15 Jan 2025,15 Jan 2025,,INET Inter Bank Fund Transfer Charges,5083.31,15700.19,129280.57
20 Jan 2025,20 Jan 2025,,Raast IBFT to OMAR ZAMAN,20854.62,21282.85,463375.08
04 Jan 2025,04 Jan 2025,,Mobile App MARYAM BEGUM,21023.62,5531.49,296069.51
18 Jan 2025,18 Jan 2025,,INET Inter Bank Fund Transfer Charges,5487.14,23516.94,160885.64
04 Nov 2024,04 Nov 2024,219406,Raast IBFT to IQRA PARVEEN,19654.55,20257.55,102696.67
23 Nov 2024,23 Nov 2024,652963,INET Inter Bank Fund Transfer Charges,4062.74,12705.23,152429.52
15 Dec 2024,15 Dec 2024,016996,Mobile App MARYAM BEGUM,18240.42,3357.58,47869.87
30 Nov 2024,30 Nov 2024,,Raast IBFT to OMAR ZAMAN,21544.62,19267.39,486782.32
30 Nov 2024,30 Nov 2024,431994,Raast IBFT to OMAR ZAMAN,1999.89,818.71,424870.34
28 Jan 2025,28 Jan 2025,,INET Inter Bank Fund Transfer Charges,16182.0,14160.84,282453.14
20 Dec 2024,20 Dec 2024,,INET Inter Bank Fund Transfer Charges,6736.33,7225.92,491451.39
07 Jan 2025,07 Jan 2025,,Raast IBFT to IQRA PARVEEN,20275.89,1042.66,52487.03
03 Dec 2024,03 Dec 2024,,Raast IBFT to IQRA PARVEEN,9002.65,10576.01,350839.37
18 Jan 2025,18 Jan 2025,300696,Raast IBFT to OMAR ZAMAN,8865.96,24530.87,216059.14
16 Jan 2025,16 Jan 2025,,Raast IBFT to IQRA PARVEEN,5568.5,6686.76,478457.42
11 Nov 2024,11 Nov 2024,763339,INET Inter Bank Fund Transfer Charges,19282.69,9331.39,414474.62
13 Nov 2024,13 Nov 2024,,INET Inter Bank Fund Transfer Charges,5437.15,23318.98,450037.76
11 Nov 2024,11 Nov 2024,,INET Inter Bank Fund Transfer Charges,22176.7,8389.56,199682.09
29 Nov 2024,29 Nov 2024,453496,Raast IBFT to IQRA PARVEEN,13436.02,22237.03,222939.07
23 Jan 2025,23 Jan 2025,,Raast IBFT to IQRA PARVEEN,23497.56,2373.64,390103.93
07 Dec 2024,07 Dec 2024,,Raast IBFT to IQRA PARVEEN,22775.38,22676.38,258302.4
31 Dec 2024,31 Dec 2024,370869,Raast IBFT to OMAR ZAMAN,4602.55,23627.98,324441.09
12 Nov 2024,12 Nov 2024,,Raast IBFT to OMAR ZAMAN,15604.37,6470.8,135844.98
31 Jan 2025,31 Jan 2025,516340,Mobile App MARYAM BEGUM,12206.58,12254.62,30622.2
01 Dec 2024,01 Dec 2024,,Mobile App MARYAM BEGUM,17581.64,6541.36,193161.71
13 Nov 2024,13 Nov 2024,239501,INET Inter Bank Fund Transfer Charges,6626.04,21268.19,294747.35
22 Dec 2024,22 Dec 2024,839768,Raast IBFT to OMAR ZAMAN,16468.16,811.01,140189.41
13 Dec 2024,13 Dec 2024,699681,Raast IBFT to OMAR ZAMAN,17732.3,18760.48,327771.39
26 Jan 2025,26 Jan 2025,,Mobile App MARYAM BEGUM,6066.31,22282.63,377873.2
07 Feb 2025,07 Feb 2025,,Raast IBFT to OMAR ZAMAN,2663.81,278.39,498301.11
21 Nov 2024,21 Nov 2024,,Raast IBFT to OMAR ZAMAN,19572.43,8995.36,82491.39
28 Dec 2024,28 Dec 2024,529159,Raast IBFT to IQRA PARVEEN,12399.23,3274.01,497210.44
07 Dec 2024,07 Dec 2024,,INET Inter Bank Fund Transfer Charges,12413.76,16812.32,322115.27
26 Nov 2024,26 Nov 2024,640195,Raast IBFT to IQRA PARVEEN,20331.33,23701.83,142668.01
19 Dec 2024,19 Dec 2024,446975,Mobile App MARYAM BEGUM,7387.11,24235.72,471467.76
14 Dec 2024,14 Dec 2024,263600,INET Inter Bank Fund Transfer Charges,2472.74,2391.14,210927.86
15 Nov 2024,15 Nov 2024,003285,Mobile App MARYAM BEGUM,6565.75,11618.29,298450.54
21 Nov 2024,21 Nov 2024,061021,Raast IBFT to IQRA PARVEEN,13657.09,23036.94,434197.69
03 Dec 2024,03 Dec 2024,070523,Mobile App MARYAM BEGUM,8212.13,17365.51,401792.2
26 Jan 2025,26 Jan 2025,453415,INET Inter Bank Fund Transfer Charges,19466.52,91.68,420995.56
11 Nov 2024,11 Nov 2024,791018,Raast IBFT to OMAR ZAMAN,7138.91,21903.85,329883.95
16 Nov 2024,16 Nov 2024,,INET Inter Bank Fund Transfer Charges,3360.46,16209.12,75058.85
06 Feb 2025,06 Feb 2025,,Mobile App MARYAM BEGUM,20180.11,24289.83,50854.7
14 Jan 2025,14 Jan 2025,,INET Inter Bank Fund Transfer Charges,17331.92,17381.92,64433.27
17 Dec 2024,17 Dec 2024,,Raast IBFT to IQRA PARVEEN,8446.01,13711.18,439308.81
31 Dec 2024,31 Dec 2024,495543,Raast IBFT to OMAR ZAMAN,21919.29,17357.06,14212.84
29 Nov 2024,29 Nov 2024,233772,Raast IBFT to OMAR ZAMAN,14803.01,10642.28,455287.41
06 Jan 2025,06 Jan 2025,806516,Mobile App MARYAM BEGUM,21593.0,5403.44,248681.26
07 Feb 2025,07 Feb 2025,503433,Raast IBFT to OMAR ZAMAN,24152.17,23073.75,127041.74
18 Nov 2024,18 Nov 2024,575262,Raast IBFT to IQRA PARVEEN,1688.45,20880.51,103212.68
21 Jan 2025,21 Jan 2025,649555,Raast IBFT to OMAR ZAMAN,22473.37,9300.69,303533.14
04 Dec 2024,04 Dec 2024,963200,INET Inter Bank Fund Transfer Charges,9705.29,11673.9,138711.42
20 Nov 2024,20 Nov 2024,151765,INET Inter Bank Fund Transfer Charges,8879.49,6731.92,311384.01
05 Feb 2025,05 Feb 2025,953190,Raast IBFT to OMAR ZAMAN,10679.06,10305.3,28454.02
10 Nov 2024,10 Nov 2024,422265,Mobile App MARYAM BEGUM,15591.37,6159.72,349373.36
01 Nov 2024,01 Nov 2024,803298,Mobile App MARYAM BEGUM,21156.16,1412.46,38223.87
07 Dec 2024,07 Dec 2024,,Mobile App MARYAM BEGUM,2329.4,14445.11,79204.46
20 Dec 2024,20 Dec 2024,,INET Inter Bank Fund Transfer Charges,24219.75,1625.96,57777.0
25 Nov 2024,25 Nov 2024,070344,Raast IBFT to IQRA PARVEEN,23343.5,9565.46,405418.39
16 Nov 2024,16 Nov 2024,,Raast IBFT to IQRA PARVEEN,8117.24,22255.93,152657.33
26 Nov 2024,26 Nov 2024,285215,Raast IBFT to OMAR ZAMAN,14210.07,23540.93,355363.56
16 Nov 2024,16 Nov 2024,,Mobile App MARYAM BEGUM,1466.97,3378.26,446742.64
04 Jan 2025,04 Jan 2025,992689,Raast IBFT to IQRA PARVEEN,22003.92,3676.21,250927.29
24 Nov 2024,24 Nov 2024,,Raast IBFT to OMAR ZAMAN,19383.22,8686.08,377018.23
01 Jan 2025,01 Jan 2025,533353,Raast IBFT to OMAR ZAMAN,19628.09,6903.15,433182.4
08 Nov 2024,08 Nov 2024,442015,Raast IBFT to IQRA PARVEEN,23336.4,6635.4,471585.4
23 Jan 2025,23 Jan 2025,,Raast IBFT to OMAR ZAMAN,23013.15,3317.65,388213.98
22 Dec 2024,22 Dec 2024,441335,Mobile App MARYAM BEGUM,5391.33,20322.88,226566.09
01 Feb 2025,01 Feb 2025,174903,Mobile App MARYAM BEGUM,24531.65,14441.39,489180.07
06 Dec 2024,06 Dec 2024,,INET Inter Bank Fund Transfer Charges,23001.84,5842.22,345158.24
07 Nov 2024,07 Nov 2024,,Mobile App MARYAM BEGUM,5732.49,22841.91,111233.61
11 Jan 2025,11 Jan 2025,420729,Raast IBFT to IQRA PARVEEN,10867.55,4514.49,122053.57
22 Nov 2024,22 Nov 2024,,Mobile App MARYAM BEGUM,6311.19,8719.69,96201.73
02 Jan 2025,02 Jan 2025,547511,Raast IBFT to IQRA PARVEEN,24457.71,24987.83,351693.21
25 Dec 2024,25 Dec 2024,672238,Mobile App MARYAM BEGUM,24179.32,11529.35,331945.15
20 Dec 2024,20 Dec 2024,478062,INET Inter Bank Fund Transfer Charges,4168.72,4401.39,314972.28
26 Nov 2024,26 Nov 2024,,Raast IBFT to IQRA PARVEEN,17155.5,2274.51,425584.21
14 Jan 2025,14 Jan 2025,,INET Inter Bank Fund Transfer Charges,21448.92,6478.97,59622.65
14 Jan 2025,14 Jan 2025,236993,Raast IBFT to IQRA PARVEEN,18227.6,20206.82,199551.97
03 Dec 2024,03 Dec 2024,,Raast IBFT to IQRA PARVEEN,13637.79,2403.6,334267.34
05 Nov 2024,05 Nov 2024,648311,Raast IBFT to IQRA PARVEEN,8492.49,22154.07,37093.38
14 Dec 2024,14 Dec 2024,853959,Raast IBFT to OMAR ZAMAN,24174.72,4528.93,51136.84
12 Jan 2025,12 Jan 2025,804504,Mobile App MARYAM BEGUM,6819.78,19587.82,298156.08
31 Jan 2025,31 Jan 2025,,Mobile App MARYAM BEGUM,2003.42,20723.76,58215.02
24 Nov 2024,24 Nov 2024,,Raast IBFT to IQRA PARVEEN,3901.08,7812.09,321514.37
06 Nov 2024,06 Nov 2024,,Raast IBFT to IQRA PARVEEN,16610.63,16380.89,298626.61
12 Jan 2025,12 Jan 2025,,INET Inter Bank Fund Transfer Charges,16096.69,9378.34,435097.31
09 Nov 2024,09 Nov 2024,784003,Mobile App MARYAM BEGUM,23224.08,22361.57,414293.74
10 Dec 2024,10 Dec 2024,,Raast IBFT to IQRA PARVEEN,16446.41,16436.97,77104.65
18 Nov 2024,18 Nov 2024,742582,Raast IBFT to IQRA PARVEEN,2179.69,14195.54,72513.08
15 Nov 2024,15 Nov 2024,245711,Raast IBFT to IQRA PARVEEN,14999.61,12205.52,262579.7
10 Dec 2024,10 Dec 2024,281204,Mobile App MARYAM BEGUM,10023.94,8272.95,209743.27
02 Feb 2025,02 Feb 2025,,INET Inter Bank Fund Transfer Charges,24993.36,11805.35,494894.19
01 Jan 2025,01 Jan 2025,,Raast IBFT to IQRA PARVEEN,12824.46,16823.06,326583.44
19 Dec 2024,19 Dec 2024,815660,INET Inter Bank Fund Transfer Charges,24717.17,5340.16,383428.42
02 Nov 2024,02 Nov 2024,987607,INET Inter Bank Fund Transfer Charges,11555.38,22504.58,244186.61
22 Jan 2025,22 Jan 2025,,Raast IBFT to IQRA PARVEEN,4274.51,20556.96,423131.53
01 Nov 2024,01 Nov 2024,620779,Mobile App MARYAM BEGUM,7454.61,8644.43,442482.07
14 Jan 2025,14 Jan 2025,957723,Raast IBFT to IQRA PARVEEN,9404.71,478.66,59192.06
03 Feb 2025,03 Feb 2025,,Mobile App MARYAM BEGUM,2554.64,6527.69,299628.78
30 Dec 2024,30 Dec 2024,,INET Inter Bank Fund Transfer Charges,10842.67,15677.79,283073.01
28 Jan 2025,28 Jan 2025,918877,Raast IBFT to OMAR ZAMAN,12301.31,10632.35,484520.21
30 Dec 2024,30 Dec 2024,,Raast IBFT to OMAR ZAMAN,12937.64,87.47,315437.08
18 Dec 2024,18 Dec 2024,608442,Raast IBFT to OMAR ZAMAN,7778.29,5208.85,436714.78
09 Dec 2024,09 Dec 2024,155869,INET Inter Bank Fund Transfer Charges,2863.95,22266.57,389967.94
01 Feb 2025,01 Feb 2025,,Raast IBFT to OMAR ZAMAN,4550.07,10570.27,72461.93
03 Jan 2025,03 Jan 2025,405972,Mobile App MARYAM BEGUM,18492.2,14593.91,323153.85
20 Jan 2025,20 Jan 2025,396865,INET Inter Bank Fund Transfer Charges,14711.07,12787.81,283661.26
24 Dec 2024,24 Dec 2024,,INET Inter Bank Fund Transfer Charges,13932.05,4006.88,319424.29
26 Jan 2025,26 Jan 2025,006285,Raast IBFT to IQRA PARVEEN,18542.18,4298.87,257370.76
30 Dec 2024,30 Dec 2024,648626,Mobile App MARYAM BEGUM,14616.93,21659.31,17524.43
30 Nov 2024,30 Nov 2024,,Raast IBFT to IQRA PARVEEN,20245.61,19609.49,42611.68
31 Dec 2024,31 Dec 2024,481018,Raast IBFT to IQRA PARVEEN,13848.06,13875.16,341573.84
17 Jan 2025,17 Jan 2025,,Raast IBFT to OMAR ZAMAN,12880.07,17985.79,349070.28
13 Jan 2025,13 Jan 2025,,Mobile App MARYAM BEGUM,1020.29,16010.8,340063.13
05 Dec 2024,05 Dec 2024,616000,Raast IBFT to OMAR ZAMAN,3979.44,1106.99,148044.16
19 Dec 2024,19 Dec 2024,,Mobile App MARYAM BEGUM,2417.98,20921.68,339294.16
07 Nov 2024,07 Nov 2024,,Mobile App MARYAM BEGUM,17659.52,22992.46,33377.86
12 Jan 2025,12 Jan 2025,,Raast IBFT to IQRA PARVEEN,5210.32,19283.41,333232.84
26 Jan 2025,26 Jan 2025,,Raast IBFT to OMAR ZAMAN,6535.73,2970.24,169565.57
17 Jan 2025,17 Jan 2025,,Raast IBFT to OMAR ZAMAN,8755.78,9452.94,194464.77
01 Nov 2024,01 Nov 2024,449745,Raast IBFT to OMAR ZAMAN,10797.27,24914.62,440048.73
18 Nov 2024,18 Nov 2024,,Raast IBFT to OMAR ZAMAN,15317.38,8663.83,341579.12
05 Dec 2024,05 Dec 2024,124198,Raast IBFT to OMAR ZAMAN,7374.1,24001.0,306463.98
27 Dec 2024,27 Dec 2024,792702,Mobile App MARYAM BEGUM,2830.67,16246.84,427195.48
16 Jan 2025,16 Jan 2025,137967,Mobile App MARYAM BEGUM,5635.67,22750.9,425626.45
12 Nov 2024,12 Nov 2024,065625,Raast IBFT to OMAR ZAMAN,7287.26,10419.09,142002.51
13 Jan 2025,13 Jan 2025,,Mobile App MARYAM BEGUM,4938.81,4026.96,26601.96
06 Dec 2024,06 Dec 2024,,Raast IBFT to OMAR ZAMAN,19886.41,1153.6,216996.31
16 Nov 2024,16 Nov 2024,,INET Inter Bank Fund Transfer Charges,9253.09,14171.96,144181.38
09 Dec 2024,09 Dec 2024,,Mobile App MARYAM BEGUM,8544.33,21256.23,94745.74
22 Nov 2024,22 Nov 2024,,INET Inter Bank Fund Transfer Charges,16482.75,15841.54,27972.48
25 Dec 2024,25 Dec 2024,356407,INET Inter Bank Fund Transfer Charges,13791.28,8728.42,206017.67
11 Dec 2024,11 Dec 2024,,INET Inter Bank Fund Transfer Charges,23175.54,18381.63,206803.32
06 Jan 2025,06 Jan 2025,591565,Raast IBFT to IQRA PARVEEN,2950.06,10165.46,288709.56
26 Nov 2024,26 Nov 2024,211911,Mobile App MARYAM BEGUM,17858.89,10198.78,272396.25
17 Jan 2025,17 Jan 2025,559386,INET Inter Bank Fund Transfer Charges,21203.14,177.84,86607.83
03 Nov 2024,03 Nov 2024,,Mobile App MARYAM BEGUM,15972.43,309.29,104971.52
29 Jan 2025,29 Jan 2025,,INET Inter Bank Fund Transfer Charges,22998.31,21584.52,274662.29
12 Nov 2024,12 Nov 2024,,INET Inter Bank Fund Transfer Charges,13198.53,22285.43,72842.81
12 Dec 2024,12 Dec 2024,,Mobile App MARYAM BEGUM,5794.05,18710.0,81133.79
11 Dec 2024,11 Dec 2024,,Mobile App MARYAM BEGUM,10728.98,14825.92,84791.75
10 Dec 2024,10 Dec 2024,255911,Mobile App MARYAM BEGUM,18229.58,21510.39,243472.82
05 Nov 2024,05 Nov 2024,256376,Mobile App MARYAM BEGUM,17126.56,3973.9,103053.28
13 Nov 2024,13 Nov 2024,,Raast IBFT to IQRA PARVEEN,16314.55,3793.63,72290.84
03 Nov 2024,03 Nov 2024,066106,Raast IBFT to IQRA PARVEEN,16895.41,21126.41,388891.68
19 Dec 2024,19 Dec 2024,,Raast IBFT to IQRA PARVEEN,7502.33,18093.55,157607.07
05 Jan 2025,05 Jan 2025,,Raast IBFT to IQRA PARVEEN,10340.07,13283.22,279259.78
28 Nov 2024,28 Nov 2024,,Mobile App MARYAM BEGUM,2288.98,19161.79,325100.59
19 Nov 2024,19 Nov 2024,,Raast IBFT to OMAR ZAMAN,8442.31,11678.39,159868.29
23 Nov 2024,23 Nov 2024,,Raast IBFT to OMAR ZAMAN,12962.42,16385.47,52053.42
23 Nov 2024,23 Nov 2024,998247,Mobile App MARYAM BEGUM,9401.58,9548.8,141071.51
07 Nov 2024,07 Nov 2024,139773,Mobile App MARYAM BEGUM,20009.59,14421.34,319355.44
08 Feb 2025,08 Feb 2025,240814,Raast IBFT to IQRA PARVEEN,7128.87,3049.23,487674.43
03 Jan 2025,03 Jan 2025,,Raast IBFT to OMAR ZAMAN,17151.92,10983.17,437410.87
06 Feb 2025,06 Feb 2025,,INET Inter Bank Fund Transfer Charges,2698.96,8711.87,138245.56
04 Jan 2025,04 Jan 2025,,Mobile App MARYAM BEGUM,24973.77,12005.54,324531.29
30 Jan 2025,30 Jan 2025,,Raast IBFT to OMAR ZAMAN,8989.76,3832.25,68381.82
05 Dec 2024,05 Dec 2024,597895,Raast IBFT to OMAR ZAMAN,19662.33,8526.98,29102.59
25 Nov 2024,25 Nov 2024,422201,Raast IBFT to OMAR ZAMAN,22673.99,13162.86,292717.96
09 Jan 2025,09 Jan 2025,,INET Inter Bank Fund Transfer Charges,2375.7,18656.96,489723.43
26 Nov 2024,26 Nov 2024,,Raast IBFT to IQRA PARVEEN,8321.6,20860.08,340266.17
18 Jan 2025,18 Jan 2025,,Raast IBFT to OMAR ZAMAN,20510.62,18437.11,327435.31
03 Dec 2024,03 Dec 2024,,Mobile App MARYAM BEGUM,13489.48,7609.76,88895.5
25 Jan 2025,25 Jan 2025,,Raast IBFT to IQRA PARVEEN,10111.48,11335.47,250357.29
15 Dec 2024,15 Dec 2024,,Raast IBFT to OMAR ZAMAN,23074.19,2621.1,69854.38
03 Feb 2025,03 Feb 2025,925507,INET Inter Bank Fund Transfer Charges,8725.44,19689.96,487202.49
28 Jan 2025,28 Jan 2025,,Mobile App MARYAM BEGUM,18904.85,11282.8,135705.42
24 Nov 2024,24 Nov 2024,005494,Raast IBFT to OMAR ZAMAN,5208.17,5902.62,407079.4
04 Feb 2025,04 Feb 2025,269970,INET Inter Bank Fund Transfer Charges,17728.37,5930.71,480391.45
18 Nov 2024,18 Nov 2024,,Mobile App MARYAM BEGUM,14636.18,20596.15,76956.78
12 Jan 2025,12 Jan 2025,,Mobile App MARYAM BEGUM,12216.2,17775.08,237917.86
08 Feb 2025,08 Feb 2025,937369,Mobile App MARYAM BEGUM,3135.94,7651.6,426222.75
12 Dec 2024,12 Dec 2024,627506,Mobile App MARYAM BEGUM,4772.49,21736.5,416862.42
21 Jan 2025,21 Jan 2025,386702,Raast IBFT to OMAR ZAMAN,6409.58,12996.24,277799.7
06 Nov 2024,06 Nov 2024,,Raast IBFT to OMAR ZAMAN,15797.93,12710.53,129965.81
29 Jan 2025,29 Jan 2025,487574,Raast IBFT to IQRA PARVEEN,20326.07,24827.08,37146.46
20 Jan 2025,20 Jan 2025,125667,Raast IBFT to OMAR ZAMAN,12995.27,14930.7,23495.57
14 Jan 2025,14 Jan 2025,582844,Raast IBFT to OMAR ZAMAN,21745.21,11621.58,109559.24
17 Dec 2024,17 Dec 2024,,Mobile App MARYAM BEGUM,12479.02,14726.23,24163.54
28 Nov 2024,28 Nov 2024,,INET Inter Bank Fund Transfer Charges,20460.72,16710.93,322333.68
22 Nov 2024,22 Nov 2024,,INET Inter Bank Fund Transfer Charges,18565.78,17836.38,431757.81
30 Nov 2024,30 Nov 2024,262934,Mobile App MARYAM BEGUM,17991.9,1871.3,176284.75
04 Dec 2024,04 Dec 2024,,Mobile App MARYAM BEGUM,17065.62,10672.21,50442.37
20 Nov 2024,20 Nov 2024,,Mobile App MARYAM BEGUM,10014.34,20649.54,154985.95
17 Jan 2025,17 Jan 2025,092544,INET Inter Bank Fund Transfer Charges,2773.86,2973.62,24639.56
17 Jan 2025,17 Jan 2025,857257,Raast IBFT to OMAR ZAMAN,23315.21,8007.94,480208.71
03 Nov 2024,03 Nov 2024,164485,INET Inter Bank Fund Transfer Charges,22379.95,23719.79,256974.99
05 Nov 2024,05 Nov 2024,,Raast IBFT to IQRA PARVEEN,10910.16,22842.42,107630.5
15 Dec 2024,15 Dec 2024,,INET Inter Bank Fund Transfer Charges,14311.35,23743.98,265982.4
01 Nov 2024,01 Nov 2024,,INET Inter Bank Fund Transfer Charges,20044.56,6002.84,390987.22
14 Dec 2024,14 Dec 2024,414408,Raast IBFT to IQRA PARVEEN,9102.48,3578.85,464243.98
28 Dec 2024,28 Dec 2024,,Raast IBFT to IQRA PARVEEN,11290.37,2917.95,297630.02
09 Dec 2024,09 Dec 2024,930884,Raast IBFT to IQRA PARVEEN,3371.96,5997.28,290905.09
02 Feb 2025,02 Feb 2025,,INET Inter Bank Fund Transfer Charges,12956.41,857.69,496990.82
15 Jan 2025,15 Jan 2025,077359,Raast IBFT to OMAR ZAMAN,18931.22,16001.51,230972.47
02 Feb 2025,02 Feb 2025,,Raast IBFT to IQRA PARVEEN,16550.72,15458.34,351673.81
17 Nov 2024,17 Nov 2024,,Mobile App MARYAM BEGUM,17189.44,18031.41,63918.97
10 Dec 2024,10 Dec 2024,,Mobile App MARYAM BEGUM,20310.56,19051.0,161185.66
11 Nov 2024,11 Nov 2024,823622,INET Inter Bank Fund Transfer Charges,20981.67,17927.88,97710.29
01 Nov 2024,01 Nov 2024,128094,Raast IBFT to OMAR ZAMAN,21773.74,15212.65,424732.72
09 Dec 2024,09 Dec 2024,271765,Raast IBFT to OMAR ZAMAN,13622.43,11314.26,423847.55
23 Jan 2025,23 Jan 2025,530025,Raast IBFT to IQRA PARVEEN,3053.99,20437.1,31238.11
30 Nov 2024,30 Nov 2024,,Raast IBFT to OMAR ZAMAN,13480.34,23908.41,391725.79
23 Jan 2025,23 Jan 2025,,Raast IBFT to IQRA PARVEEN,22170.89,19876.91,386292.59
08 Jan 2025,08 Jan 2025,233924,Mobile App MARYAM BEGUM,15207.72,4434.23,283239.81
27 Dec 2024,27 Dec 2024,536401,INET Inter Bank Fund Transfer Charges,15803.65,20977.54,123113.29
15 Dec 2024,15 Dec 2024,881024,INET Inter Bank Fund Transfer Charges,13445.32,9539.88,150164.4
03 Dec 2024,03 Dec 2024,,INET Inter Bank Fund Transfer Charges,16084.7,17780.8,36890.24
27 Jan 2025,27 Jan 2025,680704,Mobile App MARYAM BEGUM,9459.66,15533.36,158841.55
19 Jan 2025,19 Jan 2025,,INET Inter Bank Fund Transfer Charges,3435.46,13257.93,203998.57
16 Dec 2024,16 Dec 2024,922492,Raast IBFT to OMAR ZAMAN,16981.44,594.3,79305.15
29 Jan 2025,29 Jan 2025,,Mobile App MARYAM BEGUM,10622.73,23540.93,170150.42
03 Jan 2025,03 Jan 2025,,Raast IBFT to IQRA PARVEEN,24371.86,6239.05,292010.73
02 Feb 2025,02 Feb 2025,,Raast IBFT to IQRA PARVEEN,3199.91,5523.12,279464.37
23 Jan 2025,23 Jan 2025,365692,Mobile App MARYAM BEGUM,4387.75,23717.19,220835.87
04 Feb 2025,04 Feb 2025,,Mobile App MARYAM BEGUM,20808.92,16487.73,85395.39
29 Dec 2024,29 Dec 2024,555901,Mobile App MARYAM BEGUM,17194.28,18124.75,95690.4
12 Dec 2024,12 Dec 2024,039178,Mobile App MARYAM BEGUM,17716.02,12511.86,108087.24
02 Nov 2024,02 Nov 2024,,INET Inter Bank Fund Transfer Charges,7844.84,22535.48,268513.75
17 Dec 2024,17 Dec 2024,216372,Raast IBFT to OMAR ZAMAN,12257.06,17452.4,355418.49
31 Jan 2025,31 Jan 2025,,Raast IBFT to OMAR ZAMAN,14563.33,20213.51,366867.94
09 Feb 2025,09 Feb 2025,998330,Raast IBFT to OMAR ZAMAN,9547.03,10696.94,218485.12
07 Dec 2024,07 Dec 2024,,Raast IBFT to OMAR ZAMAN,15918.11,10951.91,382903.63
24 Jan 2025,24 Jan 2025,932920,Mobile App MARYAM BEGUM,9131.87,10500.1,353393.76
16 Jan 2025,16 Jan 2025,740425,Mobile App MARYAM BEGUM,2412.36,2482.21,417634.83
24 Nov 2024,24 Nov 2024,310152,INET Inter Bank Fund Transfer Charges,22698.5,21611.43,120912.59
25 Dec 2024,25 Dec 2024,844785,INET Inter Bank Fund Transfer Charges,16374.19,19888.03,193500.19
13 Jan 2025,13 Jan 2025,186311,Raast IBFT to OMAR ZAMAN,10765.52,20217.78,268879.43
03 Jan 2025,03 Jan 2025,999360,Raast IBFT to IQRA PARVEEN,1978.92,8408.17,29411.68
06 Feb 2025,06 Feb 2025,,Raast IBFT to IQRA PARVEEN,2940.19,3165.58,24478.79
06 Nov 2024,06 Nov 2024,,INET Inter Bank Fund Transfer Charges,1551.79,202.11,352428.07
17 Dec 2024,17 Dec 2024,422609,INET Inter Bank Fund Transfer Charges,24611.84,8914.7,293765.19
01 Dec 2024,01 Dec 2024,327959,Mobile App MARYAM BEGUM,20446.82,20420.51,258478.76
30 Nov 2024,30 Nov 2024,,INET Inter Bank Fund Transfer Charges,9693.22,19855.0,171622.9
01 Nov 2024,01 Nov 2024,097988,Mobile App MARYAM BEGUM,6548.31,11785.85,463867.4
06 Feb 2025,06 Feb 2025,795797,Mobile App MARYAM BEGUM,18833.51,15605.01,254093.75
20 Jan 2025,20 Jan 2025,,Mobile App MARYAM BEGUM,11819.8,1332.4,414809.69
09 Feb 2025,09 Feb 2025,,Raast IBFT to IQRA PARVEEN,16137.2,18154.17,482485.77
06 Feb 2025,06 Feb 2025,785068,Mobile App MARYAM BEGUM,6460.74,22091.9,46725.38
19 Dec 2024,19 Dec 2024,624156,Raast IBFT to IQRA PARVEEN,13142.24,4635.08,322861.4
12 Dec 2024,12 Dec 2024,725318,Raast IBFT to OMAR ZAMAN,5576.89,1449.75,106662.64
22 Jan 2025,22 Jan 2025,,INET Inter Bank Fund Transfer Charges,9014.24,4517.17,497857.21
19 Nov 2024,19 Nov 2024,728539,Raast IBFT to IQRA PARVEEN,23052.69,2967.38,353452.76
01 Nov 2024,01 Nov 2024,728418,Raast IBFT to OMAR ZAMAN,11760.1,2482.78,414566.61
16 Dec 2024,16 Dec 2024,381587,Raast IBFT to IQRA PARVEEN,11691.84,14894.94,140893.83
27 Nov 2024,27 Nov 2024,,Mobile App MARYAM BEGUM,7280.01,16912.13,279475.02
09 Nov 2024,09 Nov 2024,,Raast IBFT to IQRA PARVEEN,2739.48,816.74,378919.62
13 Dec 2024,13 Dec 2024,,Raast IBFT to IQRA PARVEEN,16994.03,9070.69,151880.3
04 Jan 2025,04 Jan 2025,,Raast IBFT to IQRA PARVEEN,13000.9,2906.19,202149.67
15 Nov 2024,15 Nov 2024,,INET Inter Bank Fund Transfer Charges,1215.9,3581.38,174793.6
29 Dec 2024,29 Dec 2024,,INET Inter Bank Fund Transfer Charges,1267.28,14913.54,491457.54
02 Nov 2024,02 Nov 2024,,INET Inter Bank Fund Transfer Charges,14570.55,2076.87,58173.78
13 Jan 2025,13 Jan 2025,,Raast IBFT to OMAR ZAMAN,14291.08,4082.99,290844.74
04 Dec 2024,04 Dec 2024,,INET Inter Bank Fund Transfer Charges,10201.96,12886.89,467013.9
27 Dec 2024,27 Dec 2024,,Raast IBFT to IQRA PARVEEN,14567.15,23198.9,322259.73
03 Dec 2024,03 Dec 2024,,Mobile App MARYAM BEGUM,4968.89,16437.08,297090.41
04 Feb 2025,04 Feb 2025,,INET Inter Bank Fund Transfer Charges,20914.67,3099.45,259906.03
18 Jan 2025,18 Jan 2025,,INET Inter Bank Fund Transfer Charges,7400.86,21164.48,213109.95
04 Feb 2025,04 Feb 2025,,INET Inter Bank Fund Transfer Charges,18378.26,9510.05,471326.02
26 Dec 2024,26 Dec 2024,,Raast IBFT to OMAR ZAMAN,10458.06,2789.94,493647.84
27 Dec 2024,27 Dec 2024,118764,INET Inter Bank Fund Transfer Charges,22740.79,19553.08,363179.55
26 Dec 2024,26 Dec 2024,,INET Inter Bank Fund Transfer Charges,12263.92,4308.16,48355.21
31 Dec 2024,31 Dec 2024,,Mobile App MARYAM BEGUM,23809.63,21095.86,205602.61
05 Dec 2024,05 Dec 2024,,Raast IBFT to OMAR ZAMAN,24814.25,14699.59,311133.3
07 Dec 2024,07 Dec 2024,,Raast IBFT to IQRA PARVEEN,8440.33,3945.28,257074.08
03 Nov 2024,03 Nov 2024,,Raast IBFT to OMAR ZAMAN,22425.01,15729.91,459142.42
15 Nov 2024,15 Nov 2024,294115,Raast IBFT to OMAR ZAMAN,2393.52,1983.54,197391.82
01 Jan 2025,01 Jan 2025,,INET Inter Bank Fund Transfer Charges,7393.32,7738.27,259886.93
29 Jan 2025,29 Jan 2025,367404,Mobile App MARYAM BEGUM,5942.05,9314.43,397751.94
31 Jan 2025,31 Jan 2025,,INET Inter Bank Fund Transfer Charges,20950.35,22618.72,56789.69
28 Dec 2024,28 Dec 2024,,Mobile App MARYAM BEGUM,15073.3,12419.87,179537.63
14 Jan 2025,14 Jan 2025,,Raast IBFT to OMAR ZAMAN,16852.36,24370.93,127957.87
14 Jan 2025,14 Jan 2025,984568,INET Inter Bank Fund Transfer Charges,19749.91,15240.44,177337.03
06 Jan 2025,06 Jan 2025,399647,Mobile App MARYAM BEGUM,13897.74,2872.21,171862.81
20 Nov 2024,20 Nov 2024,,INET Inter Bank Fund Transfer Charges,8773.52,22689.92,125003.98
22 Jan 2025,22 Jan 2025,106713,Raast IBFT to IQRA PARVEEN,4317.81,14462.98,435958.12
11 Dec 2024,11 Dec 2024,710192,Raast IBFT to OMAR ZAMAN,6809.25,6170.34,386535.78
27 Dec 2024,27 Dec 2024,,Raast IBFT to IQRA PARVEEN,3774.99,1413.37,50874.06
01 Feb 2025,01 Feb 2025,997862,Mobile App MARYAM BEGUM,2290.42,9450.34,131652.16
02 Nov 2024,02 Nov 2024,608489,Raast IBFT to IQRA PARVEEN,2471.32,18896.51,361643.92
05 Feb 2025,05 Feb 2025,444596,INET Inter Bank Fund Transfer Charges,4461.67,2821.32,427658.68
24 Jan 2025,24 Jan 2025,794794,Mobile App MARYAM BEGUM,18627.85,4069.06,226784.71
30 Jan 2025,30 Jan 2025,143069,Raast IBFT to IQRA PARVEEN,5578.41,9560.46,315583.08
15 Dec 2024,15 Dec 2024,,Raast IBFT to IQRA PARVEEN,24048.58,21192.2,155648.0
11 Dec 2024,11 Dec 2024,,INET Inter Bank Fund Transfer Charges,15027.57,858.48,80756.98
25 Nov 2024,25 Nov 2024,154606,INET Inter Bank Fund Transfer Charges,11711.72,6451.84,134125.87
26 Jan 2025,26 Jan 2025,,Raast IBFT to OMAR ZAMAN,15744.84,2886.65,127162.25
04 Dec 2024,04 Dec 2024,546491,Mobile App MARYAM BEGUM,24338.25,7424.31,460659.85
08 Jan 2025,08 Jan 2025,,Raast IBFT to OMAR ZAMAN,1011.71,2977.66,350395.14
05 Nov 2024,05 Nov 2024,329687,INET Inter Bank Fund Transfer Charges,22917.79,24996.72,289372.02
05 Jan 2025,05 Jan 2025,,INET Inter Bank Fund Transfer Charges,8450.89,12765.73,253323.37
18 Dec 2024,18 Dec 2024,472391,Raast IBFT to IQRA PARVEEN,11029.49,3477.31,408333.19
22 Dec 2024,22 Dec 2024,655668,INET Inter Bank Fund Transfer Charges,9238.44,19405.4,33848.31
24 Dec 2024,24 Dec 2024,,Raast IBFT to OMAR ZAMAN,18644.85,19500.3,133159.45
29 Dec 2024,29 Dec 2024,,Mobile App MARYAM BEGUM,3849.46,9198.74,194999.12
26 Jan 2025,26 Jan 2025,,Raast IBFT to OMAR ZAMAN,18942.51,11573.39,139431.36
24 Dec 2024,24 Dec 2024,303335,Raast IBFT to IQRA PARVEEN,2259.3,4425.4,220423.8
13 Jan 2025,13 Jan 2025,025690,Raast IBFT to IQRA PARVEEN,8726.28,7371.49,24959.1
07 Jan 2025,07 Jan 2025,558582,Mobile App MARYAM BEGUM,17355.24,7771.49,368873.64
10 Jan 2025,10 Jan 2025,,Mobile App MARYAM BEGUM,7698.18,18960.45,305408.55
23 Dec 2024,23 Dec 2024,950515,Raast IBFT to IQRA PARVEEN,8225.67,4022.76,412321.19
01 Dec 2024,01 Dec 2024,026131,Raast IBFT to IQRA PARVEEN,1130.06,5686.36,477956.56
20 Jan 2025,20 Jan 2025,,Raast IBFT to IQRA PARVEEN,8265.95,4028.66,352280.97
01 Jan 2025,01 Jan 2025,196209,Mobile App MARYAM BEGUM,13639.39,18279.02,492088.85
07 Nov 2024,07 Nov 2024,,Raast IBFT to OMAR ZAMAN,3804.74,9847.77,279276.52
12 Nov 2024,12 Nov 2024,906131,Mobile App MARYAM BEGUM,9701.25,5755.53,455188.58
31 Jan 2025,31 Jan 2025,939220,Mobile App MARYAM BEGUM,9366.87,10553.39,473684.77
14 Jan 2025,14 Jan 2025,,INET Inter Bank Fund Transfer Charges,17316.27,8982.69,51502.19
22 Nov 2024,22 Nov 2024,242689,INET Inter Bank Fund Transfer Charges,7430.08,11346.62,141093.44
02 Dec 2024,02 Dec 2024,,Raast IBFT to OMAR ZAMAN,2036.47,14647.86,353617.5
03 Dec 2024,03 Dec 2024,095412,Raast IBFT to IQRA PARVEEN,16812.56,22794.01,71196.38
30 Jan 2025,30 Jan 2025,,Raast IBFT to IQRA PARVEEN,8507.77,2963.53,362201.49
23 Dec 2024,23 Dec 2024,,INET Inter Bank Fund Transfer Charges,17346.75,21528.16,494903.24
03 Dec 2024,03 Dec 2024,762022,Raast IBFT to OMAR ZAMAN,17465.61,24612.43,280014.4
09 Jan 2025,09 Jan 2025,,Raast IBFT to IQRA PARVEEN,24754.38,4292.64,374743.91
16 Dec 2024,16 Dec 2024,,Raast IBFT to OMAR ZAMAN,4777.46,7504.2,340828.33
08 Dec 2024,08 Dec 2024,638943,Mobile App MARYAM BEGUM,18630.89,16242.38,447024.0
20 Dec 2024,20 Dec 2024,,Raast IBFT to OMAR ZAMAN,12925.84,1849.07,385079.76
30 Nov 2024,30 Nov 2024,245089,Raast IBFT to IQRA PARVEEN,3463.1,18479.39,357177.78
03 Dec 2024,03 Dec 2024,,INET Inter Bank Fund Transfer Charges,16325.15,3516.64,311300.79
10 Jan 2025,10 Jan 2025,168442,Raast IBFT to IQRA PARVEEN,15577.08,20647.25,449829.54
03 Dec 2024,03 Dec 2024,,Mobile App MARYAM BEGUM,1163.33,14564.58,138415.86
17 Nov 2024,17 Nov 2024,984504,INET Inter Bank Fund Transfer Charges,15829.73,22298.14,484692.89
06 Feb 2025,06 Feb 2025,884930,INET Inter Bank Fund Transfer Charges,7273.25,14058.01,351847.31
01 Jan 2025,01 Jan 2025,,INET Inter Bank Fund Transfer Charges,6354.5,216.08,331238.92
30 Jan 2025,30 Jan 2025,,INET Inter Bank Fund Transfer Charges,23003.68,4250.06,356071.53
26 Dec 2024,26 Dec 2024,840409,INET Inter Bank Fund Transfer Charges,23074.6,24874.7,464781.83
01 Nov 2024,01 Nov 2024,,Raast IBFT to IQRA PARVEEN,22848.45,22035.95,203380.96
14 Dec 2024,14 Dec 2024,809524,Mobile App MARYAM BEGUM,21599.81,11847.01,28104.18
14 Nov 2024,14 Nov 2024,013284,Mobile App MARYAM BEGUM,23156.7,811.23,21365.45
01 Dec 2024,01 Dec 2024,,INET Inter Bank Fund Transfer Charges,22931.15,24125.47,243349.0
23 Nov 2024,23 Nov 2024,788647,INET Inter Bank Fund Transfer Charges,5934.84,5569.87,301787.59
10 Jan 2025,10 Jan 2025,,Mobile App MARYAM BEGUM,23635.79,18880.99,35267.5
23 Nov 2024,23 Nov 2024,,Raast IBFT to IQRA PARVEEN,10649.25,21411.07,189487.07
26 Nov 2024,26 Nov 2024,687811,INET Inter Bank Fund Transfer Charges,1528.3,13555.97,375500.27
12 Nov 2024,12 Nov 2024,,INET Inter Bank Fund Transfer Charges,10741.83,9967.69,235334.59
13 Nov 2024,13 Nov 2024,274634,Raast IBFT to IQRA PARVEEN,24563.89,6658.45,444918.39
20 Dec 2024,20 Dec 2024,,INET Inter Bank Fund Transfer Charges,17240.75,5989.95,177212.28
24 Nov 2024,24 Nov 2024,058313,Raast IBFT to OMAR ZAMAN,20606.73,23281.4,195800.9
07 Dec 2024,07 Dec 2024,925776,INET Inter Bank Fund Transfer Charges,4190.07,18779.83,481710.63
16 Dec 2024,16 Dec 2024,,Raast IBFT to OMAR ZAMAN,15018.11,12577.61,445592.04
26 Nov 2024,26 Nov 2024,,Raast IBFT to OMAR ZAMAN,16719.29,8223.31,306654.04
07 Jan 2025,07 Jan 2025,,Raast IBFT to OMAR ZAMAN,24602.07,17568.36,344722.69
02 Dec 2024,02 Dec 2024,,INET Inter Bank Fund Transfer Charges,1251.61,6288.87,351637.96
14 Nov 2024,14 Nov 2024,,INET Inter Bank Fund Transfer Charges,21235.6,11580.73,56931.86
31 Dec 2024,31 Dec 2024,349569,Raast IBFT to IQRA PARVEEN,7086.08,7282.0,309681.99
13 Nov 2024,13 Nov 2024,357742,Raast IBFT to OMAR ZAMAN,2547.5,24894.35,120874.47
27 Nov 2024,27 Nov 2024,197152,Raast IBFT to IQRA PARVEEN,22721.09,5910.65,91098.67
08 Feb 2025,08 Feb 2025,,INET Inter Bank Fund Transfer Charges,6147.65,22521.42,243595.7
08 Nov 2024,08 Nov 2024,,Mobile App MARYAM BEGUM,20623.76,4148.77,207848.0
15 Nov 2024,15 Nov 2024,,Mobile App MARYAM BEGUM,23404.3,20740.88,28546.9
19 Nov 2024,19 Nov 2024,,Raast IBFT to OMAR ZAMAN,24233.37,12638.55,199019.26
21 Dec 2024,21 Dec 2024,807402,Raast IBFT to OMAR ZAMAN,18717.02,24984.36,124554.77
09 Nov 2024,09 Nov 2024,,Mobile App MARYAM BEGUM,5085.62,2878.52,130781.42
05 Dec 2024,05 Dec 2024,347882,Mobile App MARYAM BEGUM,11356.07,3695.05,86644.71
18 Jan 2025,18 Jan 2025,,INET Inter Bank Fund Transfer Charges,22281.97,6120.72,228379.96
11 Jan 2025,11 Jan 2025,791415,Raast IBFT to IQRA PARVEEN,21762.81,9676.13,228272.77
19 Nov 2024,19 Nov 2024,394000,Mobile App MARYAM BEGUM,13134.52,8536.47,191559.87
06 Feb 2025,06 Feb 2025,374381,INET Inter Bank Fund Transfer Charges,22734.12,21234.88,224137.82
05 Dec 2024,05 Dec 2024,899109,INET Inter Bank Fund Transfer Charges,23384.59,19143.38,220691.17
05 Nov 2024,05 Nov 2024,,Raast IBFT to OMAR ZAMAN,9648.68,13034.93,219747.36
08 Nov 2024,08 Nov 2024,523776,Raast IBFT to IQRA PARVEEN,17407.41,23486.56,47379.96
09 Feb 2025,09 Feb 2025,,INET Inter Bank Fund Transfer Charges,3936.61,22574.58,427764.4
29 Dec 2024,29 Dec 2024,565132,INET Inter Bank Fund Transfer Charges,3317.84,8473.56,169693.3
03 Jan 2025,03 Jan 2025,729861,INET Inter Bank Fund Transfer Charges,4944.99,11209.92,196652.49
04 Dec 2024,04 Dec 2024,366033,Mobile App MARYAM BEGUM,11416.93,12938.93,442739.61
04 Dec 2024,04 Dec 2024,935476,Mobile App MARYAM BEGUM,10297.67,9965.71,304462.75
14 Nov 2024,14 Nov 2024,,Raast IBFT to OMAR ZAMAN,8866.87,5263.46,137723.97
09 Feb 2025,09 Feb 2025,183770,Mobile App MARYAM BEGUM,10330.66,22935.94,296521.97
01 Nov 2024,01 Nov 2024,,Raast IBFT to IQRA PARVEEN,19289.78,12997.52,461119.26
13 Jan 2025,13 Jan 2025,089004,Mobile App MARYAM BEGUM,7377.45,8090.53,98016.03
12 Nov 2024,12 Nov 2024,135744,Mobile App MARYAM BEGUM,15137.37,11931.23,462031.38
13 Dec 2024,13 Dec 2024,,Raast IBFT to IQRA PARVEEN,19061.37,9844.23,237186.46
07 Jan 2025,07 Jan 2025,,INET Inter Bank Fund Transfer Charges,23949.09,14204.94,96824.28
22 Dec 2024,22 Dec 2024,829420,INET Inter Bank Fund Transfer Charges,5861.22,5064.29,445251.35
18 Nov 2024,18 Nov 2024,596319,INET Inter Bank Fund Transfer Charges,21102.57,23803.14,328634.55
28 Jan 2025,28 Jan 2025,,Raast IBFT to IQRA PARVEEN,20400.17,21159.44,150997.59
14 Jan 2025,14 Jan 2025,970851,Mobile App MARYAM BEGUM,7625.24,13263.88,492676.72
03 Feb 2025,03 Feb 2025,,INET Inter Bank Fund Transfer Charges,3764.92,18994.46,204626.53
14 Nov 2024,14 Nov 2024,623280,Raast IBFT to IQRA PARVEEN,20196.18,5706.36,311738.2
13 Dec 2024,13 Dec 2024,,Mobile App MARYAM BEGUM,16102.95,5363.27,382187.89
14 Jan 2025,14 Jan 2025,,Raast IBFT to OMAR ZAMAN,4393.54,15552.58,450844.77
13 Nov 2024,13 Nov 2024,923068,Raast IBFT to OMAR ZAMAN,1979.58,3097.78,19553.43
26 Nov 2024,26 Nov 2024,460587,Raast IBFT to OMAR ZAMAN,5891.27,24054.1,476772.18
23 Jan 2025,23 Jan 2025,406170,Mobile App MARYAM BEGUM,11518.08,12513.98,362012.33
03 Dec 2024,03 Dec 2024,192828,INET Inter Bank Fund Transfer Charges,21264.35,11562.49,438629.16
01 Nov 2024,01 Nov 2024,578466,Mobile App MARYAM BEGUM,16945.1,12989.67,423279.01
04 Dec 2024,04 Dec 2024,,Mobile App MARYAM BEGUM,4577.21,22215.52,376980.53
19 Jan 2025,19 Jan 2025,,Raast IBFT to OMAR ZAMAN,18057.97,14114.21,52240.36
07 Dec 2024,07 Dec 2024,,Mobile App MARYAM BEGUM,5571.22,21986.91,426868.17
07 Dec 2024,07 Dec 2024,407270,Raast IBFT to OMAR ZAMAN,6089.69,11591.32,275894.05
08 Dec 2024,08 Dec 2024,,Raast IBFT to OMAR ZAMAN,3320.31,6598.51,428402.43
27 Nov 2024,27 Nov 2024,,Raast IBFT to IQRA PARVEEN,13322.26,9956.99,292359.11
03 Jan 2025,03 Jan 2025,,INET Inter Bank Fund Transfer Charges,6325.23,2776.3,467095.18
29 Dec 2024,29 Dec 2024,,Raast IBFT to IQRA PARVEEN,7861.92,21771.52,16505.4
26 Jan 2025,26 Jan 2025,075937,Mobile App MARYAM BEGUM,1696.95,18283.84,271963.15
28 Jan 2025,28 Jan 2025,,Raast IBFT to OMAR ZAMAN,21168.79,5004.52,226300.09
21 Dec 2024,21 Dec 2024,621139,INET Inter Bank Fund Transfer Charges,9139.04,5527.57,113843.23
04 Jan 2025,04 Jan 2025,684487,INET Inter Bank Fund Transfer Charges,22538.96,18825.31,306407.76
10 Dec 2024,10 Dec 2024,932494,INET Inter Bank Fund Transfer Charges,2379.32,16766.67,361067.87
29 Dec 2024,29 Dec 2024,336494,Raast IBFT to OMAR ZAMAN,5487.49,23831.55,265951.59
08 Feb 2025,08 Feb 2025,924464,Raast IBFT to IQRA PARVEEN,4504.38,10078.03,491911.61
09 Feb 2025,09 Feb 2025,599249,Raast IBFT to OMAR ZAMAN,4582.16,16660.42,162505.09
04 Nov 2024,04 Nov 2024,268028,Raast IBFT to OMAR ZAMAN,18370.66,2550.9,168205.52
20 Jan 2025,20 Jan 2025,344214,Raast IBFT to OMAR ZAMAN,14968.46,6793.96,170764.99
24 Dec 2024,24 Dec 2024,480164,INET Inter Bank Fund Transfer Charges,1203.63,464.27,413854.75
08 Nov 2024,08 Nov 2024,,Raast IBFT to OMAR ZAMAN,16276.45,10968.46,238920.81
01 Dec 2024,01 Dec 2024,957030,Raast IBFT to OMAR ZAMAN,7919.9,14227.67,288575.93
05 Jan 2025,05 Jan 2025,205111,Raast IBFT to IQRA PARVEEN,7179.35,16305.45,30618.69
12 Jan 2025,12 Jan 2025,,Mobile App MARYAM BEGUM,2499.98,22093.53,287526.59
20 Jan 2025,20 Jan 2025,456813,Raast IBFT to OMAR ZAMAN,21761.44,17027.7,278564.2
21 Dec 2024,21 Dec 2024,,Raast IBFT to IQRA PARVEEN,11609.81,13107.56,242523.3
17 Nov 2024,17 Nov 2024,321322,INET Inter Bank Fund Transfer Charges,8980.87,7954.38,289949.51
28 Dec 2024,28 Dec 2024,,Raast IBFT to OMAR ZAMAN,18919.65,2364.15,461671.6
15 Dec 2024,15 Dec 2024,,INET Inter Bank Fund Transfer Charges,8545.09,1538.73,397057.5
12 Dec 2024,12 Dec 2024,,Raast IBFT to IQRA PARVEEN,7630.07,18593.67,50057.08
27 Jan 2025,27 Jan 2025,405894,Mobile App MARYAM BEGUM,10497.13,5624.07,49099.71
27 Jan 2025,27 Jan 2025,,Mobile App MARYAM BEGUM,5067.14,19089.67,95141.78
14 Jan 2025,14 Jan 2025,,Raast IBFT to IQRA PARVEEN,16166.77,20341.44,206098.15
12 Nov 2024,12 Nov 2024,,Mobile App MARYAM BEGUM,10738.62,9243.18,143916.72
11 Jan 2025,11 Jan 2025,,INET Inter Bank Fund Transfer Charges,18605.26,12430.78,41126.2
23 Dec 2024,23 Dec 2024,,Mobile App MARYAM BEGUM,24943.74,9529.56,448261.96
27 Dec 2024,27 Dec 2024,,INET Inter Bank Fund Transfer Charges,8538.44,1168.9,421710.07
20 Nov 2024,20 Nov 2024,400190,Raast IBFT to OMAR ZAMAN,7611.24,7820.31,221344.0
10 Dec 2024,10 Dec 2024,287864,INET Inter Bank Fund Transfer Charges,7515.54,10832.28,397680.73
09 Feb 2025,09 Feb 2025,059590,Mobile App MARYAM BEGUM,20969.35,18153.37,429960.77
20 Jan 2025,20 Jan 2025,403582,Mobile App MARYAM BEGUM,8653.25,11729.32,157887.93
22 Nov 2024,22 Nov 2024,,Raast IBFT to IQRA PARVEEN,13625.53,8556.43,95754.26
28 Jan 2025,28 Jan 2025,945812,Raast IBFT to IQRA PARVEEN,13035.63,3510.07,288664.56
22 Nov 2024,22 Nov 2024,,Raast IBFT to IQRA PARVEEN,21056.63,23249.17,343812.38
18 Dec 2024,18 Dec 2024,880143,INET Inter Bank Fund Transfer Charges,12093.73,9680.72,340012.24
20 Dec 2024,20 Dec 2024,602177,INET Inter Bank Fund Transfer Charges,5632.15,14384.66,453529.95
17 Nov 2024,17 Nov 2024,,INET Inter Bank Fund Transfer Charges,4668.15,19406.99,194340.72
19 Dec 2024,19 Dec 2024,,Raast IBFT to IQRA PARVEEN,7854.42,3629.42,366050.11
20 Nov 2024,20 Nov 2024,,Mobile App MARYAM BEGUM,6547.4,77.49,455010.97
02 Jan 2025,02 Jan 2025,331922,Mobile App MARYAM BEGUM,9790.9,13928.22,209061.12
26 Jan 2025,26 Jan 2025,415506,INET Inter Bank Fund Transfer Charges,7993.9,1863.26,245781.39
08 Nov 2024,08 Nov 2024,293915,Mobile App MARYAM BEGUM,23399.81,5740.61,137040.5
28 Dec 2024,28 Dec 2024,800875,Raast IBFT to IQRA PARVEEN,12779.48,13.25,214089.38
18 Dec 2024,18 Dec 2024,,Mobile App MARYAM BEGUM,1372.08,17855.73,412450.29
01 Jan 2025,01 Jan 2025,,INET Inter Bank Fund Transfer Charges,5014.82,7484.39,363963.55
28 Jan 2025,28 Jan 2025,345126,Raast IBFT to OMAR ZAMAN,8056.39,23184.32,12374.53
20 Jan 2025,20 Jan 2025,,INET Inter Bank Fund Transfer Charges,13265.2,20638.49,442683.3
13 Dec 2024,13 Dec 2024,,Mobile App MARYAM BEGUM,16771.97,9901.3,332925.54
06 Feb 2025,06 Feb 2025,631752,Raast IBFT to IQRA PARVEEN,17615.41,20911.96,449413.09
24 Nov 2024,24 Nov 2024,,Mobile App MARYAM BEGUM,16070.16,13815.46,11143.54
03 Nov 2024,03 Nov 2024,753360,INET Inter Bank Fund Transfer Charges,14365.65,18595.18,63542.11
07 Dec 2024,07 Dec 2024,486814,Raast IBFT to OMAR ZAMAN,10751.88,7775.78,136539.49
17 Dec 2024,17 Dec 2024,646123,INET Inter Bank Fund Transfer Charges,18596.47,20420.1,180893.89
01 Nov 2024,01 Nov 2024,,Raast IBFT to IQRA PARVEEN,2756.03,15350.62,373963.29
04 Dec 2024,04 Dec 2024,,Raast IBFT to IQRA PARVEEN,18865.93,19062.32,296951.06
20 Nov 2024,20 Nov 2024,646411,Raast IBFT to IQRA PARVEEN,20439.89,18789.6,436897.49
10 Jan 2025,10 Jan 2025,,Raast IBFT to OMAR ZAMAN,15362.52,20648.08,20103.42
15 Nov 2024,15 Nov 2024,809448,Raast IBFT to OMAR ZAMAN,24929.51,22363.04,66444.5
17 Jan 2025,17 Jan 2025,,Raast IBFT to IQRA PARVEEN,22410.49,4622.13,111483.44
29 Dec 2024,29 Dec 2024,903367,INET Inter Bank Fund Transfer Charges,11002.49,5835.1,440150.59
10 Jan 2025,10 Jan 2025,,Raast IBFT to OMAR ZAMAN,12027.05,22377.77,437922.33
03 Dec 2024,03 Dec 2024,992086,INET Inter Bank Fund Transfer Charges,1008.6,16876.1,132145.65
22 Nov 2024,22 Nov 2024,,Raast IBFT to IQRA PARVEEN,6131.38,15068.55,38873.65
05 Dec 2024,05 Dec 2024,091444,Raast IBFT to OMAR ZAMAN,11212.91,19062.65,254619.41
09 Nov 2024,09 Nov 2024,,INET Inter Bank Fund Transfer Charges,8141.81,4075.42,397833.52
23 Dec 2024,23 Dec 2024,,INET Inter Bank Fund Transfer Charges,11479.71,7592.68,192209.81
01 Dec 2024,01 Dec 2024,534826,Raast IBFT to OMAR ZAMAN,15484.15,22465.69,229123.89
04 Nov 2024,04 Nov 2024,461216,Raast IBFT to OMAR ZAMAN,13098.2,23252.28,44743.32
26 Nov 2024,26 Nov 2024,,Raast IBFT to IQRA PARVEEN,12442.31,15687.79,183483.64
20 Dec 2024,20 Dec 2024,,Mobile App MARYAM BEGUM,17784.08,13808.38,75627.04
13 Nov 2024,13 Nov 2024,665667,Mobile App MARYAM BEGUM,10725.59,8304.74,374429.0
05 Nov 2024,05 Nov 2024,313492,Mobile App MARYAM BEGUM,10224.89,14879.66,151813.69
24 Nov 2024,24 Nov 2024,887736,Mobile App MARYAM BEGUM,3595.9,13594.27,128214.61
07 Dec 2024,07 Dec 2024,926763,Raast IBFT to IQRA PARVEEN,9346.77,7477.04,456888.72
05 Nov 2024,05 Nov 2024,230269,Mobile App MARYAM BEGUM,2725.88,16009.01,224369.33
24 Dec 2024,24 Dec 2024,727624,INET Inter Bank Fund Transfer Charges,16921.54,14867.43,403128.6
06 Nov 2024,06 Nov 2024,757492,Raast IBFT to IQRA PARVEEN,6518.79,1695.38,236419.0
24 Jan 2025,24 Jan 2025,,Mobile App MARYAM BEGUM,4570.11,1275.69,433854.92
07 Dec 2024,07 Dec 2024,,Raast IBFT to IQRA PARVEEN,6082.47,24847.14,122531.41
09 Jan 2025,09 Jan 2025,,INET Inter Bank Fund Transfer Charges,15468.07,13223.32,99038.59
24 Jan 2025,24 Jan 2025,755204,Raast IBFT to IQRA PARVEEN,1344.72,6822.53,317007.73
13 Nov 2024,13 Nov 2024,287642,Mobile App MARYAM BEGUM,7138.24,3659.63,122146.57
06 Jan 2025,06 Jan 2025,179585,INET Inter Bank Fund Transfer Charges,15774.44,11283.88,454574.77
10 Jan 2025,10 Jan 2025,,INET Inter Bank Fund Transfer Charges,16215.16,2801.99,46817.52
11 Nov 2024,11 Nov 2024,,Raast IBFT to IQRA PARVEEN,9728.33,17663.8,308839.39
02 Jan 2025,02 Jan 2025,632285,Raast IBFT to IQRA PARVEEN,11275.2,3771.36,297293.21
03 Jan 2025,03 Jan 2025,953755,Raast IBFT to IQRA PARVEEN,10205.57,10212.33,40804.3
11 Dec 2024,11 Dec 2024,,Raast IBFT to IQRA PARVEEN,11428.66,17320.39,372332.15
23 Jan 2025,23 Jan 2025,,Raast IBFT to OMAR ZAMAN,10075.3,63.76,94698.54
06 Jan 2025,06 Jan 2025,,Raast IBFT to OMAR ZAMAN,16785.12,7050.15,411727.33
16 Nov 2024,16 Nov 2024,,Raast IBFT to OMAR ZAMAN,22882.58,19060.2,57640.42
22 Dec 2024,22 Dec 2024,,Mobile App MARYAM BEGUM,10472.42,22097.46,83460.76
26 Jan 2025,26 Jan 2025,,Raast IBFT to OMAR ZAMAN,24270.49,2878.63,348960.2
01 Nov 2024,01 Nov 2024,,Raast IBFT to IQRA PARVEEN,1178.23,12845.63,61449.88
23 Nov 2024,23 Nov 2024,,Mobile App MARYAM BEGUM,14157.37,2266.67,455948.46
07 Nov 2024,07 Nov 2024,,INET Inter Bank Fund Transfer Charges,1646.22,7859.02,486169.17
26 Jan 2025,26 Jan 2025,684055,Mobile App MARYAM BEGUM,17287.16,721.15,110175.03
28 Nov 2024,28 Nov 2024,,Raast IBFT to OMAR ZAMAN,6525.93,5199.93,397290.49
08 Feb 2025,08 Feb 2025,,Raast IBFT to IQRA PARVEEN,3658.45,14630.68,246792.01
07 Feb 2025,07 Feb 2025,,Raast IBFT to OMAR ZAMAN,7384.85,23504.72,53371.9
27 Dec 2024,27 Dec 2024,153619,Raast IBFT to OMAR ZAMAN,21615.82,9909.63,108372.76
09 Dec 2024,09 Dec 2024,,Raast IBFT to IQRA PARVEEN,2784.29,8210.63,253940.65
18 Jan 2025,18 Jan 2025,836790,Mobile App MARYAM BEGUM,19672.54,2193.55,451657.3
07 Jan 2025,07 Jan 2025,,Raast IBFT to OMAR ZAMAN,8851.38,15548.33,141034.48
02 Dec 2024,02 Dec 2024,,INET Inter Bank Fund Transfer Charges,10963.97,13912.09,458602.26
31 Dec 2024,31 Dec 2024,,Raast IBFT to IQRA PARVEEN,10278.86,5176.36,13575.05
18 Nov 2024,18 Nov 2024,,Mobile App MARYAM BEGUM,24129.2,18480.14,117008.16
15 Dec 2024,15 Dec 2024,918781,Raast IBFT to IQRA PARVEEN,9302.11,6568.36,276244.91
15 Nov 2024,15 Nov 2024,,INET Inter Bank Fund Transfer Charges,12077.85,5705.03,352370.19
10 Jan 2025,10 Jan 2025,084540,Raast IBFT to IQRA PARVEEN,1030.61,5673.51,235345.81
04 Nov 2024,04 Nov 2024,,INET Inter Bank Fund Transfer Charges,16882.08,5306.92,101975.95
14 Dec 2024,14 Dec 2024,845081,Raast IBFT to OMAR ZAMAN,13592.61,12764.93,171733.06
04 Dec 2024,04 Dec 2024,279971,INET Inter Bank Fund Transfer Charges,15041.36,13730.93,334409.09
06 Nov 2024,06 Nov 2024,951342,Raast IBFT to IQRA PARVEEN,11633.97,10633.67,252875.72
21 Dec 2024,21 Dec 2024,,Raast IBFT to IQRA PARVEEN,8566.38,18244.55,431190.55
13 Nov 2024,13 Nov 2024,147729,INET Inter Bank Fund Transfer Charges,11646.65,1085.91,240473.13
17 Nov 2024,17 Nov 2024,178997,Raast IBFT to IQRA PARVEEN,14912.31,21240.41,262767.83
11 Jan 2025,11 Jan 2025,,Mobile App MARYAM BEGUM,19727.76,15532.91,292356.87
03 Dec 2024,03 Dec 2024,,Raast IBFT to OMAR ZAMAN,5386.78,13065.43,250085.12
20 Dec 2024,20 Dec 2024,,Raast IBFT to IQRA PARVEEN,3681.42,170.31,285689.01
09 Feb 2025,09 Feb 2025,,Raast IBFT to OMAR ZAMAN,10718.21,13644.58,181190.58
01 Feb 2025,01 Feb 2025,,INET Inter Bank Fund Transfer Charges,18129.38,15240.77,28766.63
28 Jan 2025,28 Jan 2025,,INET Inter Bank Fund Transfer Charges,21331.04,800.68,427201.81
22 Nov 2024,22 Nov 2024,,INET Inter Bank Fund Transfer Charges,4801.48,24396.05,42922.25
30 Dec 2024,30 Dec 2024,060467,Raast IBFT to IQRA PARVEEN,6980.56,17099.7,394824.33
30 Dec 2024,30 Dec 2024,,Raast IBFT to IQRA PARVEEN,1267.33,24129.23,273480.35
30 Jan 2025,30 Jan 2025,,INET Inter Bank Fund Transfer Charges,14624.39,9108.94,185321.9
30 Dec 2024,30 Dec 2024,,Mobile App MARYAM BEGUM,5528.74,23568.84,237965.27
29 Nov 2024,29 Nov 2024,915684,Mobile App MARYAM BEGUM,8734.88,6008.84,333792.31
03 Jan 2025,03 Jan 2025,,Raast IBFT to IQRA PARVEEN,4250.36,14392.92,288901.24
02 Dec 2024,02 Dec 2024,,INET Inter Bank Fund Transfer Charges,10354.86,18237.41,266708.95
15 Dec 2024,15 Dec 2024,504710,Mobile App MARYAM BEGUM,2189.68,7359.08,221100.27
17 Jan 2025,17 Jan 2025,,INET Inter Bank Fund Transfer Charges,10556.38,11353.37,466475.2
19 Dec 2024,19 Dec 2024,,Raast IBFT to IQRA PARVEEN,2573.04,7891.85,84076.75
14 Dec 2024,14 Dec 2024,,Mobile App MARYAM BEGUM,13470.81,4075.13,227468.41
08 Dec 2024,08 Dec 2024,503847,Mobile App MARYAM BEGUM,2150.71,16877.38,250107.18
02 Dec 2024,02 Dec 2024,,Raast IBFT to OMAR ZAMAN,13739.76,23754.57,379396.26
12 Nov 2024,12 Nov 2024,814674,Mobile App MARYAM BEGUM,14233.29,631.85,168528.24
17 Dec 2024,17 Dec 2024,,INET Inter Bank Fund Transfer Charges,17466.28,20187.15,81856.84
04 Feb 2025,04 Feb 2025,,INET Inter Bank Fund Transfer Charges,8237.13,11887.17,359261.49
23 Jan 2025,23 Jan 2025,,Mobile App MARYAM BEGUM,18109.6,11572.56,374597.43
02 Dec 2024,02 Dec 2024,,INET Inter Bank Fund Transfer Charges,3192.09,16394.62,182638.31
15 Dec 2024,15 Dec 2024,,Raast IBFT to IQRA PARVEEN,17379.46,21129.71,205403.06
18 Nov 2024,18 Nov 2024,,INET Inter Bank Fund Transfer Charges,7041.03,8599.82,427878.75
03 Nov 2024,03 Nov 2024,914231,Mobile App MARYAM BEGUM,17660.31,17068.55,254497.67
31 Jan 2025,31 Jan 2025,947622,INET Inter Bank Fund Transfer Charges,8129.03,7914.79,433840.23
01 Dec 2024,01 Dec 2024,,Mobile App MARYAM BEGUM,23313.87,1685.3,28456.59
15 Dec 2024,15 Dec 2024,634818,INET Inter Bank Fund Transfer Charges,20168.46,16931.03,219680.31
23 Nov 2024,23 Nov 2024,132240,Raast IBFT to OMAR ZAMAN,13912.44,15678.72,447194.09
07 Nov 2024,07 Nov 2024,029868,Raast IBFT to IQRA PARVEEN,3451.09,3413.99,217908.5
10 Jan 2025,10 Jan 2025,250823,Raast IBFT to OMAR ZAMAN,20831.92,10953.21,218296.3
31 Dec 2024,31 Dec 2024,160562,Mobile App MARYAM BEGUM,10096.9,4940.67,205469.55
25 Dec 2024,25 Dec 2024,037900,Raast IBFT to IQRA PARVEEN,14048.32,14843.84,141749.94
20 Jan 2025,20 Jan 2025,018710,Raast IBFT to OMAR ZAMAN,8950.03,24790.22,239368.56
15 Jan 2025,15 Jan 2025,,Raast IBFT to OMAR ZAMAN,22421.47,8815.56,298064.69
15 Jan 2025,15 Jan 2025,892391,Mobile App MARYAM BEGUM,5740.4,21068.41,280819.66
21 Jan 2025,21 Jan 2025,223687,Mobile App MARYAM BEGUM,13337.5,847.24,150977.2
29 Nov 2024,29 Nov 2024,999226,Mobile App MARYAM BEGUM,18436.51,20984.28,77586.7
20 Jan 2025,20 Jan 2025,,Mobile App MARYAM BEGUM,8855.8,9968.69,305992.08
08 Dec 2024,08 Dec 2024,910817,Mobile App MARYAM BEGUM,6290.1,898.06,249960.8
25 Jan 2025,25 Jan 2025,,Raast IBFT to IQRA PARVEEN,24287.83,8935.49,336691.04
22 Nov 2024,22 Nov 2024,,Raast IBFT to OMAR ZAMAN,21480.03,22671.75,257800.84
01 Nov 2024,01 Nov 2024,,INET Inter Bank Fund Transfer Charges,23487.26,842.48,333036.73
14 Dec 2024,14 Dec 2024,,Mobile App MARYAM BEGUM,20713.08,8149.35,395314.36
16 Jan 2025,16 Jan 2025,,Raast IBFT to OMAR ZAMAN,7002.54,13707.09,404716.48
22 Dec 2024,22 Dec 2024,775752,Raast IBFT to IQRA PARVEEN,11124.88,14471.42,280830.03
19 Dec 2024,19 Dec 2024,,Raast IBFT to OMAR ZAMAN,10239.49,14521.11,186432.01
05 Dec 2024,05 Dec 2024,724196,Mobile App MARYAM BEGUM,21083.72,21115.79,78051.66
04 Dec 2024,04 Dec 2024,458475,Mobile App MARYAM BEGUM,23260.08,19355.42,119855.98
18 Jan 2025,18 Jan 2025,894348,Raast IBFT to OMAR ZAMAN,2944.33,15737.0,494221.91
28 Dec 2024,28 Dec 2024,514782,Raast IBFT to IQRA PARVEEN,3880.51,11015.68,232098.45
04 Feb 2025,04 Feb 2025,883502,INET Inter Bank Fund Transfer Charges,24351.75,9825.21,288949.36
20 Jan 2025,20 Jan 2025,379016,INET Inter Bank Fund Transfer Charges,7497.58,2568.37,473286.41
07 Jan 2025,07 Jan 2025,675376,Raast IBFT to IQRA PARVEEN,6980.76,13663.28,88454.92
07 Feb 2025,07 Feb 2025,977160,Mobile App MARYAM BEGUM,5107.17,17040.88,174886.68
28 Nov 2024,28 Nov 2024,,Raast IBFT to IQRA PARVEEN,18846.31,9667.03,472331.07
18 Nov 2024,18 Nov 2024,468048,Raast IBFT to IQRA PARVEEN,20211.84,6158.94,176132.8
25 Jan 2025,25 Jan 2025,128387,Raast IBFT to OMAR ZAMAN,3760.37,11991.7,184457.82
15 Dec 2024,15 Dec 2024,,Mobile App MARYAM BEGUM,21047.29,23669.89,22720.17
18 Dec 2024,18 Dec 2024,,Mobile App MARYAM BEGUM,15609.03,20953.65,356430.59
23 Nov 2024,23 Nov 2024,244048,INET Inter Bank Fund Transfer Charges,19062.64,18374.7,131329.08
24 Dec 2024,24 Dec 2024,,INET Inter Bank Fund Transfer Charges,10725.45,8361.12,432903.49
01 Feb 2025,01 Feb 2025,584632,Raast IBFT to OMAR ZAMAN,3676.87,19486.34,433976.24
11 Nov 2024,11 Nov 2024,344074,Raast IBFT to OMAR ZAMAN,24762.57,18544.42,462350.83
31 Jan 2025,31 Jan 2025,743678,INET Inter Bank Fund Transfer Charges,19784.33,9803.48,490663.22
04 Jan 2025,04 Jan 2025,527947,INET Inter Bank Fund Transfer Charges,7491.12,23372.53,383407.31
04 Jan 2025,04 Jan 2025,,Raast IBFT to IQRA PARVEEN,7518.96,24814.87,55515.23
01 Feb 2025,01 Feb 2025,,Raast IBFT to IQRA PARVEEN,22423.34,19662.03,52421.27
07 Jan 2025,07 Jan 2025,847718,Raast IBFT to OMAR ZAMAN,18546.4,10488.67,241295.91
30 Dec 2024,30 Dec 2024,,INET Inter Bank Fund Transfer Charges,4736.46,8677.42,430620.01
04 Nov 2024,04 Nov 2024,153460,Raast IBFT to IQRA PARVEEN,7589.93,4052.21,231715.25
09 Nov 2024,09 Nov 2024,239005,Raast IBFT to IQRA PARVEEN,10124.36,19928.77,239309.36
12 Nov 2024,12 Nov 2024,916866,Raast IBFT to OMAR ZAMAN,5433.68,1475.05,139319.35
22 Nov 2024,22 Nov 2024,026262,Mobile App MARYAM BEGUM,4631.65,16176.11,133752.66
03 Dec 2024,03 Dec 2024,,Mobile App MARYAM BEGUM,8891.23,5194.58,31060.04
19 Jan 2025,19 Jan 2025,349117,Mobile App MARYAM BEGUM,13817.0,7019.15,38349.9
20 Jan 2025,20 Jan 2025,,Raast IBFT to IQRA PARVEEN,2425.8,24466.29,74627.19
17 Jan 2025,17 Jan 2025,,Raast IBFT to IQRA PARVEEN,14642.76,10089.87,239069.3
01 Dec 2024,01 Dec 2024,,Mobile App MARYAM BEGUM,21025.09,22252.96,38001.87
22 Nov 2024,22 Nov 2024,927110,INET Inter Bank Fund Transfer Charges,14825.43,17910.91,319398.93
21 Jan 2025,21 Jan 2025,,INET Inter Bank Fund Transfer Charges,6148.54,4450.65,148316.21
03 Feb 2025,03 Feb 2025,971979,Mobile App MARYAM BEGUM,11627.61,13536.97,193871.23
27 Dec 2024,27 Dec 2024,445273,Mobile App MARYAM BEGUM,14049.13,16781.95,235599.24
02 Jan 2025,02 Jan 2025,834681,Mobile App MARYAM BEGUM,8608.2,2123.73,410547.66
10 Jan 2025,10 Jan 2025,388758,Raast IBFT to OMAR ZAMAN,8074.93,3973.59,460290.94
14 Dec 2024,14 Dec 2024,871662,Raast IBFT to IQRA PARVEEN,15558.21,1220.09,355437.0
14 Dec 2024,14 Dec 2024,341760,INET Inter Bank Fund Transfer Charges,12987.22,19173.13,174375.61
29 Nov 2024,29 Nov 2024,,INET Inter Bank Fund Transfer Charges,3991.8,3691.94,387713.56
29 Dec 2024,29 Dec 2024,,Raast IBFT to IQRA PARVEEN,21717.01,303.82,380937.45
13 Dec 2024,13 Dec 2024,146728,INET Inter Bank Fund Transfer Charges,7712.18,1897.87,320718.5
02 Dec 2024,02 Dec 2024,722542,Mobile App MARYAM BEGUM,15931.1,14239.31,289123.18
23 Jan 2025,23 Jan 2025,436757,Raast IBFT to IQRA PARVEEN,13501.83,3411.54,243352.49
12 Nov 2024,12 Nov 2024,194152,Raast IBFT to OMAR ZAMAN,24810.76,140.82,194930.9
04 Feb 2025,04 Feb 2025,291151,Raast IBFT to OMAR ZAMAN,13654.47,5220.32,117025.39
29 Jan 2025,29 Jan 2025,209180,Raast IBFT to IQRA PARVEEN,21544.92,18859.86,456322.12
26 Dec 2024,26 Dec 2024,652251,Raast IBFT to IQRA PARVEEN,9607.68,12397.06,263219.11
06 Dec 2024,06 Dec 2024,,Raast IBFT to IQRA PARVEEN,12264.81,19691.88,446940.76
17 Jan 2025,17 Jan 2025,284207,Mobile App MARYAM BEGUM,4660.34,338.1,122511.03
13 Jan 2025,13 Jan 2025,,Mobile App MARYAM BEGUM,2017.52,24332.06,21883.25
24 Dec 2024,24 Dec 2024,,Raast IBFT to IQRA PARVEEN,7582.3,5263.58,169864.84
10 Jan 2025,10 Jan 2025,884855,INET Inter Bank Fund Transfer Charges,20571.8,13433.63,25126.89
17 Jan 2025,17 Jan 2025,,Raast IBFT to OMAR ZAMAN,20168.68,16531.41,38218.95
25 Jan 2025,25 Jan 2025,287840,Mobile App MARYAM BEGUM,11249.16,23811.94,246459.51
15 Jan 2025,15 Jan 2025,669350,Mobile App MARYAM BEGUM,4534.43,12520.25,434621.77
03 Jan 2025,03 Jan 2025,,Raast IBFT to IQRA PARVEEN,5705.17,4712.66,404001.21
17 Dec 2024,17 Dec 2024,,INET Inter Bank Fund Transfer Charges,18521.9,4497.22,179702.97
10 Dec 2024,10 Dec 2024,561157,Raast IBFT to IQRA PARVEEN,19011.06,8116.97,94532.01
04 Feb 2025,04 Feb 2025,312919,Raast IBFT to OMAR ZAMAN,20899.35,15694.2,235040.5
20 Dec 2024,20 Dec 2024,,Raast IBFT to OMAR ZAMAN,20256.15,10794.76,83042.28
17 Dec 2024,17 Dec 2024,,Raast IBFT to IQRA PARVEEN,4821.12,11230.51,122091.5
27 Nov 2024,27 Nov 2024,,Raast IBFT to IQRA PARVEEN,22890.03,10912.98,325459.19
15 Nov 2024,15 Nov 2024,067503,Raast IBFT to OMAR ZAMAN,8841.01,1542.43,446291.85
08 Nov 2024,08 Nov 2024,,Raast IBFT to IQRA PARVEEN,20627.2,16088.98,423308.14
31 Dec 2024,31 Dec 2024,950144,INET Inter Bank Fund Transfer Charges,16968.78,14277.08,258058.34
26 Dec 2024,26 Dec 2024,188467,Raast IBFT to OMAR ZAMAN,9398.72,12675.94,482360.29
21 Nov 2024,21 Nov 2024,799048,INET Inter Bank Fund Transfer Charges,7544.18,18429.03,223676.32
05 Jan 2025,05 Jan 2025,,Mobile App MARYAM BEGUM,1533.21,4001.59,458350.0
08 Dec 2024,08 Dec 2024,814853,Mobile App MARYAM BEGUM,16975.49,4951.13,411704.77
21 Nov 2024,21 Nov 2024,,Mobile App MARYAM BEGUM,22389.23,3425.8,102771.42
02 Nov 2024,02 Nov 2024,,Raast IBFT to OMAR ZAMAN,24048.61,20583.46,378584.62
17 Nov 2024,17 Nov 2024,083294,Raast IBFT to IQRA PARVEEN,8888.81,19417.13,131646.12
19 Nov 2024,19 Nov 2024,424975,INET Inter Bank Fund Transfer Charges,4630.79,22669.83,87087.89
20 Jan 2025,20 Jan 2025,,INET Inter Bank Fund Transfer Charges,7543.78,20306.06,341333.54
01 Nov 2024,01 Nov 2024,749826,Raast IBFT to OMAR ZAMAN,15687.1,2645.63,107384.36
24 Dec 2024,24 Dec 2024,912547,Mobile App MARYAM BEGUM,9321.77,952.69,249924.58
01 Dec 2024,01 Dec 2024,,Raast IBFT to IQRA PARVEEN,23862.56,1133.67,229387.9
28 Dec 2024,28 Dec 2024,,Raast IBFT to IQRA PARVEEN,1310.92,17978.97,84147.85
14 Nov 2024,14 Nov 2024,775020,Mobile App MARYAM BEGUM,4223.77,10649.01,268785.59
18 Nov 2024,18 Nov 2024,010956,Raast IBFT to IQRA PARVEEN,19957.57,679.19,240149.9
25 Dec 2024,25 Dec 2024,944525,INET Inter Bank Fund Transfer Charges,21034.12,13750.65,304293.61
11 Nov 2024,11 Nov 2024,726650,INET Inter Bank Fund Transfer Charges,6299.96,2092.21,100889.94
14 Dec 2024,14 Dec 2024,198745,Raast IBFT to OMAR ZAMAN,17205.24,24005.57,34787.87
10 Jan 2025,10 Jan 2025,,Mobile App MARYAM BEGUM,24960.46,18157.46,328352.83
27 Dec 2024,27 Dec 2024,912827,INET Inter Bank Fund Transfer Charges,8033.69,19892.01,327033.0
25 Nov 2024,25 Nov 2024,,Raast IBFT to OMAR ZAMAN,17003.07,22325.18,432864.12
02 Feb 2025,02 Feb 2025,,Raast IBFT to OMAR ZAMAN,2544.91,11025.38,38343.03
05 Nov 2024,05 Nov 2024,,INET Inter Bank Fund Transfer Charges,11915.38,19517.73,101468.3
08 Jan 2025,08 Jan 2025,889070,Raast IBFT to IQRA PARVEEN,10737.11,18093.74,205949.25
22 Dec 2024,22 Dec 2024,539851,Raast IBFT to OMAR ZAMAN,12249.81,19048.33,434927.12
26 Nov 2024,26 Nov 2024,719009,INET Inter Bank Fund Transfer Charges,21178.63,20358.36,275390.15
02 Feb 2025,02 Feb 2025,187442,Raast IBFT to IQRA PARVEEN,12865.08,6410.21,65588.75
26 Nov 2024,26 Nov 2024,,INET Inter Bank Fund Transfer Charges,4555.69,13151.59,154662.12
01 Jan 2025,01 Jan 2025,434421,Raast IBFT to IQRA PARVEEN,1997.55,1800.24,459784.15
14 Nov 2024,14 Nov 2024,,Raast IBFT to OMAR ZAMAN,12544.74,24615.61,129487.56
08 Feb 2025,08 Feb 2025,807895,INET Inter Bank Fund Transfer Charges,7878.29,3982.37,51894.37
13 Dec 2024,13 Dec 2024,204768,Mobile App MARYAM BEGUM,23165.42,24886.71,133264.71
15 Nov 2024,15 Nov 2024,,Raast IBFT to IQRA PARVEEN,6456.69,3274.78,306271.47
20 Nov 2024,20 Nov 2024,,Raast IBFT to OMAR ZAMAN,22629.64,10205.12,33015.74
10 Dec 2024,10 Dec 2024,496820,Raast IBFT to OMAR ZAMAN,13770.05,18010.51,227600.84
25 Dec 2024,25 Dec 2024,363831,Mobile App MARYAM BEGUM,18032.11,4770.68,89342.47
07 Feb 2025,07 Feb 2025,,Raast IBFT to OMAR ZAMAN,11056.77,13582.93,357256.13
16 Dec 2024,16 Dec 2024,,Mobile App MARYAM BEGUM,3727.5,20492.04,473864.54
09 Dec 2024,09 Dec 2024,,Raast IBFT to IQRA PARVEEN,16159.88,15198.84,433078.27
09 Jan 2025,09 Jan 2025,038861,Raast IBFT to OMAR ZAMAN,1370.12,4113.83,464906.36
25 Jan 2025,25 Jan 2025,,Raast IBFT to OMAR ZAMAN,1320.4,10536.6,117496.0
09 Nov 2024,09 Nov 2024,648435,Raast IBFT to OMAR ZAMAN,14501.8,5625.36,470719.24
07 Jan 2025,07 Jan 2025,514066,Raast IBFT to IQRA PARVEEN,10803.18,5292.59,126886.83
06 Dec 2024,06 Dec 2024,620251,INET Inter Bank Fund Transfer Charges,19772.94,6015.2,250470.44
29 Nov 2024,29 Nov 2024,062713,Raast IBFT to IQRA PARVEEN,21122.71,23737.49,216391.59
25 Jan 2025,25 Jan 2025,015490,INET Inter Bank Fund Transfer Charges,12669.43,22075.2,53357.44
10 Jan 2025,10 Jan 2025,701107,Mobile App MARYAM BEGUM,5743.58,22190.2,250706.57
30 Dec 2024,30 Dec 2024,027737,Raast IBFT to OMAR ZAMAN,1543.44,23826.45,360209.28
23 Jan 2025,23 Jan 2025,,Raast IBFT to OMAR ZAMAN,7193.42,2415.74,230027.76
05 Dec 2024,05 Dec 2024,321261,Mobile App MARYAM BEGUM,21425.47,7014.6,35409.52
29 Dec 2024,29 Dec 2024,322399,Raast IBFT to IQRA PARVEEN,9100.46,8044.78,381232.97
01 Dec 2024,01 Dec 2024,193116,INET Inter Bank Fund Transfer Charges,23330.69,23908.16,280951.52
07 Nov 2024,07 Nov 2024,,Mobile App MARYAM BEGUM,20929.83,1272.67,151514.44
10 Dec 2024,10 Dec 2024,,Mobile App MARYAM BEGUM,20540.54,17823.14,182260.5
09 Feb 2025,09 Feb 2025,,Raast IBFT to OMAR ZAMAN,22525.91,4390.07,435104.86
04 Dec 2024,04 Dec 2024,,Raast IBFT to OMAR ZAMAN,23320.76,4589.72,337797.44
08 Feb 2025,08 Feb 2025,,INET Inter Bank Fund Transfer Charges,23914.35,609.49,177918.51
04 Jan 2025,04 Jan 2025,,INET Inter Bank Fund Transfer Charges,16874.24,4299.21,200884.44
15 Dec 2024,15 Dec 2024,,Raast IBFT to IQRA PARVEEN,11119.34,17876.79,459608.04
06 Jan 2025,06 Jan 2025,101883,Raast IBFT to OMAR ZAMAN,22943.72,3771.48,265616.95
27 Dec 2024,27 Dec 2024,,Mobile App MARYAM BEGUM,9567.27,14789.91,253144.34
12 Dec 2024,12 Dec 2024,,INET Inter Bank Fund Transfer Charges,8399.71,4660.56,322527.43
19 Jan 2025,19 Jan 2025,894322,Raast IBFT to IQRA PARVEEN,8252.54,8019.76,46643.48
26 Dec 2024,26 Dec 2024,180344,Raast IBFT to IQRA PARVEEN,21981.62,22067.97,242779.41
19 Jan 2025,19 Jan 2025,874891,Raast IBFT to OMAR ZAMAN,14611.97,20224.97,332113.91
26 Jan 2025,26 Jan 2025,691087,Raast IBFT to IQRA PARVEEN,12099.72,22074.22,210141.98
20 Nov 2024,20 Nov 2024,,Raast IBFT to OMAR ZAMAN,10599.92,8695.13,38088.93
16 Dec 2024,16 Dec 2024,150819,INET Inter Bank Fund Transfer Charges,5291.87,10748.16,312170.61
04 Jan 2025,04 Jan 2025,,INET Inter Bank Fund Transfer Charges,2200.53,22171.89,483647.21
16 Nov 2024,16 Nov 2024,401785,INET Inter Bank Fund Transfer Charges,23341.6,19805.5,52737.13
06 Dec 2024,06 Dec 2024,970203,Raast IBFT to OMAR ZAMAN,10594.08,16884.52,381027.14
05 Jan 2025,05 Jan 2025,,Raast IBFT to IQRA PARVEEN,9304.62,15983.83,338951.64
08 Nov 2024,08 Nov 2024,,Raast IBFT to IQRA PARVEEN,11038.06,16724.73,113448.38
14 Dec 2024,14 Dec 2024,,Raast IBFT to OMAR ZAMAN,14474.83,2409.6,112757.82
10 Dec 2024,10 Dec 2024,,Raast IBFT to OMAR ZAMAN,11976.58,20123.88,293800.05
22 Jan 2025,22 Jan 2025,,Raast IBFT to IQRA PARVEEN,18393.4,8057.78,162937.87
07 Feb 2025,07 Feb 2025,,Raast IBFT to IQRA PARVEEN,3290.2,3912.79,437663.38
11 Nov 2024,11 Nov 2024,,Raast IBFT to OMAR ZAMAN,23252.11,9060.55,303774.49
20 Nov 2024,20 Nov 2024,613411,INET Inter Bank Fund Transfer Charges,5647.61,24669.98,296835.83
02 Nov 2024,02 Nov 2024,140396,Raast IBFT to IQRA PARVEEN,24299.74,15114.01,202496.39
12 Nov 2024,12 Nov 2024,739357,INET Inter Bank Fund Transfer Charges,21208.12,19896.76,16047.32
04 Nov 2024,04 Nov 2024,,Mobile App MARYAM BEGUM,3284.67,13211.82,286577.17
04 Dec 2024,04 Dec 2024,,Mobile App MARYAM BEGUM,12068.39,8345.99,136529.5
26 Nov 2024,26 Nov 2024,111462,INET Inter Bank Fund Transfer Charges,21421.44,8861.55,431228.58
04 Feb 2025,04 Feb 2025,,Mobile App MARYAM BEGUM,2685.93,8957.17,432991.16
29 Jan 2025,29 Jan 2025,968622,Raast IBFT to OMAR ZAMAN,4420.79,23220.16,472524.15
06 Dec 2024,06 Dec 2024,775624,Raast IBFT to IQRA PARVEEN,18369.37,12183.25,262610.89
02 Jan 2025,02 Jan 2025,,Mobile App MARYAM BEGUM,1484.49,8488.17,36597.57
03 Nov 2024,03 Nov 2024,,Raast IBFT to IQRA PARVEEN,15242.75,2418.94,165785.17
08 Jan 2025,08 Jan 2025,306132,Mobile App MARYAM BEGUM,9529.57,1315.38,469570.63
12 Nov 2024,12 Nov 2024,,Mobile App MARYAM BEGUM,1511.8,4250.72,187773.71
16 Dec 2024,16 Dec 2024,,INET Inter Bank Fund Transfer Charges,7197.97,21996.98,312969.67
10 Nov 2024,10 Nov 2024,,Raast IBFT to OMAR ZAMAN,7471.85,18700.5,58008.28
17 Nov 2024,17 Nov 2024,534977,Raast IBFT to IQRA PARVEEN,9259.19,13645.99,444539.23
14 Jan 2025,14 Jan 2025,,INET Inter Bank Fund Transfer Charges,10169.85,17261.15,161588.54
30 Nov 2024,30 Nov 2024,,Raast IBFT to OMAR ZAMAN,1681.29,5644.33,318536.43
27 Jan 2025,27 Jan 2025,428104,Mobile App MARYAM BEGUM,20028.92,17575.79,158293.49
18 Nov 2024,18 Nov 2024,895363,Mobile App MARYAM BEGUM,3001.31,13280.62,417597.69
04 Dec 2024,04 Dec 2024,773623,INET Inter Bank Fund Transfer Charges,6188.89,17429.59,194918.04
02 Jan 2025,02 Jan 2025,812253,Mobile App MARYAM BEGUM,15354.45,1339.11,365566.95
21 Dec 2024,21 Dec 2024,,Mobile App MARYAM BEGUM,15622.4,4451.41,421776.17
15 Jan 2025,15 Jan 2025,,Raast IBFT to IQRA PARVEEN,15166.98,15765.38,78529.25
05 Dec 2024,05 Dec 2024,,Raast IBFT to IQRA PARVEEN,18458.77,1304.02,223148.51
07 Jan 2025,07 Jan 2025,,Mobile App MARYAM BEGUM,12066.76,16687.72,435062.63
21 Dec 2024,21 Dec 2024,,Raast IBFT to IQRA PARVEEN,22875.35,20838.13,435841.39
17 Dec 2024,17 Dec 2024,715725,INET Inter Bank Fund Transfer Charges,16916.03,3348.98,308443.2
26 Jan 2025,26 Jan 2025,519459,Raast IBFT to OMAR ZAMAN,12731.03,9351.17,444939.87
12 Nov 2024,12 Nov 2024,133905,INET Inter Bank Fund Transfer Charges,1710.05,14628.66,318536.53
23 Dec 2024,23 Dec 2024,733689,Mobile App MARYAM BEGUM,10790.26,14348.11,156876.5
02 Dec 2024,02 Dec 2024,917643,INET Inter Bank Fund Transfer Charges,19760.97,10483.58,206369.23
08 Feb 2025,08 Feb 2025,553394,Mobile App MARYAM BEGUM,18431.71,7392.1,289358.39
03 Feb 2025,03 Feb 2025,,Raast IBFT to OMAR ZAMAN,15736.15,24830.02,231321.84
14 Nov 2024,14 Nov 2024,571886,Raast IBFT to OMAR ZAMAN,18352.34,24625.95,410990.08
06 Jan 2025,06 Jan 2025,146991,Raast IBFT to OMAR ZAMAN,15613.61,24034.96,334848.61
31 Dec 2024,31 Dec 2024,,Raast IBFT to OMAR ZAMAN,14906.95,5525.48,428734.92
01 Dec 2024,01 Dec 2024,684526,Mobile App MARYAM BEGUM,2430.48,13071.45,116868.77
10 Jan 2025,10 Jan 2025,,Raast IBFT to IQRA PARVEEN,14374.88,29.39,484267.76
18 Jan 2025,18 Jan 2025,,INET Inter Bank Fund Transfer Charges,3104.59,5140.94,383304.97
29 Dec 2024,29 Dec 2024,252881,Raast IBFT to IQRA PARVEEN,18382.88,23698.41,74072.22
27 Dec 2024,27 Dec 2024,927744,Raast IBFT to IQRA PARVEEN,17320.44,23778.55,449838.52
01 Dec 2024,01 Dec 2024,378636,INET Inter Bank Fund Transfer Charges,10199.48,9906.53,182197.45
04 Jan 2025,04 Jan 2025,245182,INET Inter Bank Fund Transfer Charges,2065.67,24006.44,103273.44
07 Jan 2025,07 Jan 2025,693148,Mobile App MARYAM BEGUM,1596.4,7889.78,260641.7
14 Nov 2024,14 Nov 2024,,Raast IBFT to IQRA PARVEEN,22444.77,12371.2,363164.8
19 Nov 2024,19 Nov 2024,993776,INET Inter Bank Fund Transfer Charges,22064.96,13138.22,178270.38
30 Jan 2025,30 Jan 2025,205418,INET Inter Bank Fund Transfer Charges,13077.8,1278.28,24780.31
08 Feb 2025,08 Feb 2025,084097,INET Inter Bank Fund Transfer Charges,16949.86,11823.2,135742.53
01 Jan 2025,01 Jan 2025,,Raast IBFT to OMAR ZAMAN,10145.51,4406.84,255823.37
04 Nov 2024,04 Nov 2024,,Raast IBFT to IQRA PARVEEN,18354.16,5723.56,291246.38
23 Jan 2025,23 Jan 2025,274972,Raast IBFT to OMAR ZAMAN,20280.23,12168.58,404350.88
01 Nov 2024,01 Nov 2024,,Raast IBFT to IQRA PARVEEN,10615.64,16757.35,310771.9
21 Dec 2024,21 Dec 2024,116047,Mobile App MARYAM BEGUM,12195.32,4372.47,484203.92
06 Dec 2024,06 Dec 2024,989850,Raast IBFT to IQRA PARVEEN,19828.5,15458.05,476150.71
08 Dec 2024,08 Dec 2024,,Raast IBFT to OMAR ZAMAN,5777.24,1211.54,483458.58
31 Jan 2025,31 Jan 2025,,Raast IBFT to OMAR ZAMAN,22103.79,2823.38,227515.33
02 Feb 2025,02 Feb 2025,,Raast IBFT to OMAR ZAMAN,9187.1,6322.23,344783.55
26 Nov 2024,26 Nov 2024,,Mobile App MARYAM BEGUM,22492.57,5135.24,408823.75
06 Feb 2025,06 Feb 2025,,INET Inter Bank Fund Transfer Charges,9463.55,1398.72,434794.2
31 Dec 2024,31 Dec 2024,988215,Mobile App MARYAM BEGUM,24208.4,5058.91,236495.54
22 Dec 2024,22 Dec 2024,941745,Raast IBFT to OMAR ZAMAN,16483.15,21326.33,133839.38
05 Dec 2024,05 Dec 2024,080593,Mobile App MARYAM BEGUM,13579.44,1075.28,147801.51
09 Nov 2024,09 Nov 2024,,Mobile App MARYAM BEGUM,24094.25,24968.98,227096.1
